{
    "components": [
        "MO",
        "NB",
        "NI"
    ],
    "phases": [
        "(NBNI3,MONI3RT)",
        "(NBNI3,MONI3RT)",
        "(NB,MO)"
    ],
    "conditions": {
        "P": [
            101325
        ],
        "T": [
            1173,
            1173,
            1173,
            1173,
            1173,
            1173,
            1173,
            1173,
            1173,
            1173,
            1173,
            1173,
            1173,
            1173,
            1173,
            1173,
            1173,
            1173,
            1173,
            1173,
            1173,
            1173,
            1173,
            1173,
            1173,
            1173,
            1173,
            1173,
            1173,
            1173,
            1173,
            1173,
            1173,
            1173,
            1173,
            1173,
            1173,
            1173,
            1173,
            1173,
            1173
        ]
    },
    "broadcast_conditions": false,
    "output": "ZPF",
    "values":
			[[["(NBNI3,MONI3RT)",["NI","MO"],[0.49403077526770317,0.49184677526770326]],["(NB,MO)",["NI","MO"],[0.029159849194868005,0.903086249194868]],["(NBNI3,MONI3RT)",["NI","MO"],[0.7535301921276587,0.2062881921276586]]],
			[["(NBNI3,MONI3RT)",["NI","MO"],[0.49777531983617634,0.48851799064389234]],["(NBNI3,MONI3RT)",["NI","MO"],[0.7531413072312042,0.20821925845071632]]],
			[["(NBNI3,MONI3RT)",["NI","MO"],[0.4985304641324365,0.48794818306035836]],["(NBNI3,MONI3RT)",["NI","MO"],[0.7532043245504241,0.20912222698944838]]],
			[["(NBNI3,MONI3RT)",["NI","MO"],[0.4992899231088061,0.4873893900407331]],["(NBNI3,MONI3RT)",["NI","MO"],[0.7532043245504241,0.20912222698944838]]],
			[["(NBNI3,MONI3RT)",["NI","MO"],[0.5000493820851758,0.48683059702110776]],["(NBNI3,MONI3RT)",["NI","MO"],[0.753267341869644,0.21002519552818055]]],
			[["(NBNI3,MONI3RT)",["NI","MO"],[0.5008092076539324,0.48627284154369377]],["(NBNI3,MONI3RT)",["NI","MO"],[0.7533303591888639,0.2109281640669125]]],
			[["(NBNI3,MONI3RT)",["NI","MO"],[0.5015731815258478,0.48572682673462864]],["(NBNI3,MONI3RT)",["NI","MO"],[0.7533933765080837,0.2118311326056448]]],
			[["(NBNI3,MONI3RT)",["NI","MO"],[0.5023371553977634,0.4851808119255634]],["(NBNI3,MONI3RT)",["NI","MO"],[0.7534563938273037,0.21273410114437674]]],
			[["(NBNI3,MONI3RT)",["NI","MO"],[0.5031018821363876,0.4846371923750842]],["(NBNI3,MONI3RT)",["NI","MO"],[0.7535194111465235,0.21363706968310892]]],
			[["(NBNI3,MONI3RT)",["NI","MO"],[0.5038701753599715,0.4841049196588084]],["(NBNI3,MONI3RT)",["NI","MO"],[0.7535824284657435,0.21454003822184087]]],
			[["(NBNI3,MONI3RT)",["NI","MO"],[0.5046384685835554,0.48357264694253244]],["(NBNI3,MONI3RT)",["NI","MO"],[0.7536454457849633,0.21544300676057315]]],
			[["(NBNI3,MONI3RT)",["NI","MO"],[0.5054081324409054,0.4830453654148873]],["(NBNI3,MONI3RT)",["NI","MO"],[0.7537084631041833,0.2163459752993051]]],
			[["(NBNI3,MONI3RT)",["NI","MO"],[0.5061805868485936,0.4825282457287703]],["(NBNI3,MONI3RT)",["NI","MO"],[0.7537714804234031,0.21724894383803728]]],
			[["(NBNI3,MONI3RT)",["NI","MO"],[0.5069530412562818,0.48201112604265317]],["(NBNI3,MONI3RT)",["NI","MO"],[0.7538344977426231,0.21815191237676923]]],
			[["(NBNI3,MONI3RT)",["NI","MO"],[0.5077276035982815,0.4815030097726407]],["(NBNI3,MONI3RT)",["NI","MO"],[0.7538975150618429,0.21905488091550152]]],
			[["(NBNI3,MONI3RT)",["NI","MO"],[0.5085039002371541,0.4810023010372505]],["(NBNI3,MONI3RT)",["NI","MO"],[0.7539605323810628,0.21995784945423358]]],
			[["(NBNI3,MONI3RT)",["NI","MO"],[0.5092801968760267,0.4805015923018603]],["(NBNI3,MONI3RT)",["NI","MO"],[0.7540235497002827,0.22086081799296564]]],
			[["(NBNI3,MONI3RT)",["NI","MO"],[0.5100593767694926,0.4800158261264731]],["(NBNI3,MONI3RT)",["NI","MO"],[0.7540865670195026,0.2217637865316977]]],
			[["(NBNI3,MONI3RT)",["NI","MO"],[0.5108391482073859,0.47953312564917583]],["(NBNI3,MONI3RT)",["NI","MO"],[0.7541495843387225,0.22266675507042988]]],
			[["(NBNI3,MONI3RT)",["NI","MO"],[0.5116194265588898,0.4790537762007696]],["(NBNI3,MONI3RT)",["NI","MO"],[0.7542126016579423,0.22356972360916194]]],
			[["(NBNI3,MONI3RT)",["NI","MO"],[0.5124021269687923,0.47859043813477864]],["(NBNI3,MONI3RT)",["NI","MO"],[0.7542756189771623,0.224472692147894]]],
			[["(NBNI3,MONI3RT)",["NI","MO"],[0.5131848273786949,0.47812710006878756]],["(NBNI3,MONI3RT)",["NI","MO"],[0.7543386362963822,0.22537566068662607]]],
			[["(NBNI3,MONI3RT)",["NI","MO"],[0.5139688658760047,0.4776760508356718]],["(NBNI3,MONI3RT)",["NI","MO"],[0.7544016536156021,0.22627862922535824]]],
			[["(NBNI3,MONI3RT)",["NI","MO"],[0.5147538956908979,0.47723410574331815]],["(NBNI3,MONI3RT)",["NI","MO"],[0.754464670934822,0.2271815977640903]]],
			[["(NBNI3,MONI3RT)",["NI","MO"],[0.515538978749889,0.47679297324181347]],["(NBNI3,MONI3RT)",["NI","MO"],[0.7545276882540419,0.22808456630282226]]],
			[["(NBNI3,MONI3RT)",["NI","MO"],[0.5163255362017266,0.4763743423542043]],["(NBNI3,MONI3RT)",["NI","MO"],[0.7545907055732617,0.22898753484155454]]],
			[["(NBNI3,MONI3RT)",["NI","MO"],[0.5171120936535641,0.4759557114665951]],["(NBNI3,MONI3RT)",["NI","MO"],[0.7546537228924817,0.2298905033802865]]],
			[["(NBNI3,MONI3RT)",["NI","MO"],[0.5178989518427402,0.47555086461637386]],["(NBNI3,MONI3RT)",["NI","MO"],[0.7547167402117015,0.23079347191901867]]],
			[["(NBNI3,MONI3RT)",["NI","MO"],[0.5186860538576542,0.4751571933092614]],["(NBNI3,MONI3RT)",["NI","MO"],[0.7547797575309214,0.23169644045775073]]],
			[["(NBNI3,MONI3RT)",["NI","MO"],[0.5194730790568867,0.47476689588670595]],["(NBNI3,MONI3RT)",["NI","MO"],[0.7548427748501413,0.2325994089964829]]],
			[["(NBNI3,MONI3RT)",["NI","MO"],[0.5202595495918634,0.47440096032788714]],["(NBNI3,MONI3RT)",["NI","MO"],[0.7549057921693612,0.23350237753521497]]],
			[["(NBNI3,MONI3RT)",["NI","MO"],[0.52104602012684,0.47403502476906845]],["(NBNI3,MONI3RT)",["NI","MO"],[0.7549688094885811,0.23440534607394703]]],
			[["(NBNI3,MONI3RT)",["NI","MO"],[0.5218309909967329,0.4736910866085393]],["(NBNI3,MONI3RT)",["NI","MO"],[0.755031826807801,0.2353083146126791]]],
			[["(NBNI3,MONI3RT)",["NI","MO"],[0.5226154458794409,0.47335471705499166]],["(NBNI3,MONI3RT)",["NI","MO"],[0.7550948441270209,0.23621128315141127]]],
			[["(NBNI3,MONI3RT)",["NI","MO"],[0.5233983674098203,0.47303176349678333]],["(NBNI3,MONI3RT)",["NI","MO"],[0.7551578614462408,0.23711425169014333]]],
			[["(NBNI3,MONI3RT)",["NI","MO"],[0.5241791148032175,0.47272783244963257]],["(NBNI3,MONI3RT)",["NI","MO"],[0.7552208787654607,0.2380172202288754]]],
			[["(NBNI3,MONI3RT)",["NI","MO"],[0.5249591499743425,0.4724283238308047]],["(NBNI3,MONI3RT)",["NI","MO"],[0.7552838960846806,0.23892018876760746]]],
			[["(NBNI3,MONI3RT)",["NI","MO"],[0.5257343777352703,0.47215866604343637]],["(NBNI3,MONI3RT)",["NI","MO"],[0.7553469134039005,0.23982315730633963]]],
			[["(NBNI3,MONI3RT)",["NI","MO"],[0.5265096054961982,0.47188900825606805]],["(NBNI3,MONI3RT)",["NI","MO"],[0.7554099307231203,0.2407261258450717]]],
			[["(NBNI3,MONI3RT)",["NI","MO"],[0.527278002334625,0.47165213245062243]],["(NBNI3,MONI3RT)",["NI","MO"],[0.7554729480423403,0.24162909438380376]]],
			[["(NBNI3,MONI3RT)",["NI","MO"],[0.5280455011673124,0.47141956622531134]],["(NBNI3,MONI3RT)",["NI","MO"],[0.7555359653615602,0.24253206292253582]]]],
	"reference": "C-A58757"
}