{
    "components": [
        "MO",
        "NB",
        "NI"
    ],
    "phases": [
        "(NB,MO)",
        "(NBNI3,MONI3RT)",
        "NB7NI6",
        "(NBNI3,MONI3RT)"
    ],
    "conditions": {
        "P": [
            101325
        ],
        "T": [
            1173,
            1173,
            1173,
            1173,
            1173,
            1173,
            1173,
            1173,
            1173,
            1173,
            1173,
            1173,
            1173,
            1173,
            1173,
            1173,
            1173,
            1173,
            1173,
            1173,
            1173,
            1173,
            1173,
            1173,
            1173,
            1173,
            1173,
            1173,
            1173,
            1173,
            1173,
            1173,
            1173,
            1173,
            1173,
            1173,
            1173,
            1173,
            1173,
            1173,
            1173,
            1173
        ]
    },
    "broadcast_conditions": false,
    "output": "ZPF",
    "values":
			[[["(NB,MO)",["NI","MO"],[0.07869478078489708,0.4719107807848971]],["NB7NI6",["NI","MO"],[0.4509464990347541,0.0475404990347541]],["(NBNI3,MONI3RT)",["NI","MO"],[0.7387232671700961,0.06104126717009628]]],
			[["(NB,MO)",["NI","MO"],[0.07702313689849957,0.48292688370120573]],["(NBNI3,MONI3RT)",["NI","MO"],[0.7386245942540148,0.06529249669303927]]],
			[["(NB,MO)",["NI","MO"],[0.07492211617158512,0.49376960977699724]],["(NBNI3,MONI3RT)",["NI","MO"],[0.7389839760754815,0.0688177809535302]]],
			[["(NB,MO)",["NI","MO"],[0.07284922251462389,0.5046027517131196]],["(NBNI3,MONI3RT)",["NI","MO"],[0.7389839760754815,0.0688177809535302]]],
			[["(NB,MO)",["NI","MO"],[0.07079024585331081,0.515431151511853]],["(NBNI3,MONI3RT)",["NI","MO"],[0.7393433578969482,0.07234306521402123]]],
			[["(NB,MO)",["NI","MO"],[0.06874857445103397,0.5262535870275764]],["(NBNI3,MONI3RT)",["NI","MO"],[0.7397027397184148,0.07586834947451226]]],
			[["(NB,MO)",["NI","MO"],[0.06674639946143043,0.5370624100465109]],["(NBNI3,MONI3RT)",["NI","MO"],[0.7400621215398815,0.0793936337350033]]],
			[["(NB,MO)",["NI","MO"],[0.06474422447182696,0.5478712330654454]],["(NBNI3,MONI3RT)",["NI","MO"],[0.7404215033613482,0.08291891799549433]]],
			[["(NB,MO)",["NI","MO"],[0.06280812383618228,0.5586569519158083]],["(NBNI3,MONI3RT)",["NI","MO"],[0.7407808851828148,0.08644420225598537]]],
			[["(NB,MO)",["NI","MO"],[0.06087642994163747,0.5694411298643973]],["(NBNI3,MONI3RT)",["NI","MO"],[0.7411402670042814,0.08996948651647652]]],
			[["(NB,MO)",["NI","MO"],[0.05899267629958105,0.5802082525024128]],["(NBNI3,MONI3RT)",["NI","MO"],[0.741499648825748,0.09349477077696755]]],
			[["(NB,MO)",["NI","MO"],[0.057145548686203584,0.5909623449984958]],["(NBNI3,MONI3RT)",["NI","MO"],[0.7418590306472147,0.09702005503745859]]],
			[["(NB,MO)",["NI","MO"],[0.055317352502498446,0.601709566616961]],["(NBNI3,MONI3RT)",["NI","MO"],[0.7422184124686814,0.10054533929794962]]],
			[["(NB,MO)",["NI","MO"],[0.053568883901583486,0.612427852308578]],["(NBNI3,MONI3RT)",["NI","MO"],[0.742577794290148,0.10407062355844054]]],
			[["(NB,MO)",["NI","MO"],[0.051820415300668526,0.6231461380001951]],["(NBNI3,MONI3RT)",["NI","MO"],[0.7429371761116146,0.10759590781893169]]],
			[["(NB,MO)",["NI","MO"],[0.050162734390582525,0.6338307284878365]],["(NBNI3,MONI3RT)",["NI","MO"],[0.7432965579330814,0.11112119207942261]]],
			[["(NB,MO)",["NI","MO"],[0.048526123318744285,0.6445074990552773]],["(NBNI3,MONI3RT)",["NI","MO"],[0.7436559397545479,0.11464647633991376]]],
			[["(NB,MO)",["NI","MO"],[0.04694275556574368,0.6551640186945062]],["(NBNI3,MONI3RT)",["NI","MO"],[0.7440153215760147,0.11817176060040468]]],
			[["(NB,MO)",["NI","MO"],[0.0454313853135887,0.6657931543116105]],["(NBNI3,MONI3RT)",["NI","MO"],[0.7443747033974812,0.12169704486089583]]],
			[["(NB,MO)",["NI","MO"],[0.043924358894225995,0.6764205934637415]],["(NBNI3,MONI3RT)",["NI","MO"],[0.7447340852189479,0.12522232912138687]]],
			[["(NB,MO)",["NI","MO"],[0.042551668139579585,0.6869955684072464]],["(NBNI3,MONI3RT)",["NI","MO"],[0.7450934670404146,0.1287476133818779]]],
			[["(NB,MO)",["NI","MO"],[0.041178977384933174,0.6975705433507513]],["(NBNI3,MONI3RT)",["NI","MO"],[0.7454528488618811,0.13227289764236905]]],
			[["(NB,MO)",["NI","MO"],[0.03990184881305642,0.7081071286517228]],["(NBNI3,MONI3RT)",["NI","MO"],[0.7458122306833479,0.13579818190285997]]],
			[["(NB,MO)",["NI","MO"],[0.038681082185857876,0.7186210719949033]],["(NBNI3,MONI3RT)",["NI","MO"],[0.7461716125048145,0.13932346616335112]]],
			[["(NB,MO)",["NI","MO"],[0.03749589649853825,0.7291202912192032]],["(NBNI3,MONI3RT)",["NI","MO"],[0.7465309943262812,0.14284875042384204]]],
			[["(NB,MO)",["NI","MO"],[0.036439080099523485,0.7395663886128808]],["(NBNI3,MONI3RT)",["NI","MO"],[0.7468903761477478,0.1463740346843332]]],
			[["(NB,MO)",["NI","MO"],[0.035382263700508704,0.7500124860065585]],["(NBNI3,MONI3RT)",["NI","MO"],[0.7472497579692144,0.1498993189448241]]],
			[["(NB,MO)",["NI","MO"],[0.034465508981113974,0.7603988050602613]],["(NBNI3,MONI3RT)",["NI","MO"],[0.7476091397906811,0.15342460320531515]]],
			[["(NB,MO)",["NI","MO"],[0.03358513474755445,0.7707695969186842]],["(NBNI3,MONI3RT)",["NI","MO"],[0.7479685216121478,0.15694988746580618]]],
			[["(NB,MO)",["NI","MO"],[0.032772229326450214,0.7811106578958724]],["(NBNI3,MONI3RT)",["NI","MO"],[0.7483279034336144,0.16047517172629722]]],
			[["(NB,MO)",["NI","MO"],[0.03208032899499229,0.7913983966369321]],["(NBNI3,MONI3RT)",["NI","MO"],[0.7486872852550811,0.16400045598678825]]],
			[["(NB,MO)",["NI","MO"],[0.031388428663534376,0.8016861353779918]],["(NBNI3,MONI3RT)",["NI","MO"],[0.7490466670765477,0.1675257402472794]]],
			[["(NB,MO)",["NI","MO"],[0.030877026675558777,0.8118916892767567]],["(NBNI3,MONI3RT)",["NI","MO"],[0.7494060488980144,0.17105102450777032]]],
			[["(NB,MO)",["NI","MO"],[0.03038391638579173,0.822088914565388]],["(NBNI3,MONI3RT)",["NI","MO"],[0.749765430719481,0.17457630876826147]]],
			[["(NB,MO)",["NI","MO"],[0.029983647301389527,0.8322424341218169]],["(NBNI3,MONI3RT)",["NI","MO"],[0.7501248125409476,0.1781015930287525]]],
			[["(NB,MO)",["NI","MO"],[0.029700575855793873,0.8423407819622353]],["(NBNI3,MONI3RT)",["NI","MO"],[0.7504841943624143,0.18162687728924354]]],
			[["(NB,MO)",["NI","MO"],[0.029417504410198206,0.8524391298026539]],["(NBNI3,MONI3RT)",["NI","MO"],[0.7508435761838809,0.18515216154973468]]],
			[["(NB,MO)",["NI","MO"],[0.029344779016802075,0.8624350500379917]],["(NBNI3,MONI3RT)",["NI","MO"],[0.7512029580053476,0.1886774458102256]]],
			[["(NB,MO)",["NI","MO"],[0.029281252406937297,0.872426490943402]],["(NBNI3,MONI3RT)",["NI","MO"],[0.7515623398268142,0.19220273007071675]]],
			[["(NB,MO)",["NI","MO"],[0.029321690469181372,0.8823655511564756]],["(NBNI3,MONI3RT)",["NI","MO"],[0.751921721648281,0.19572801433120757]]],
			[["(NB,MO)",["NI","MO"],[0.0294869779415447,0.8922417082851918]],["(NBNI3,MONI3RT)",["NI","MO"],[0.7522811034697475,0.1992532985916987]]],
			[["(NBNI3,MONI3RT)",["NI","MO"],[0.49403077526770317,0.49184677526770326]],["(NB,MO)",["NI","MO"],[0.029159849194868005,0.903086249194868]],["(NBNI3,MONI3RT)",["NI","MO"],[0.7535301921276587,0.2062881921276586]]]],
	"reference": "C-A58757"
}