{
    "components": [
        "MO",
        "NB",
        "NI"
    ],
    "phases": [
        "(NBNI3,MONI3RT)",
        "NB7NI6",
        "(NB,MO)"
    ],
    "conditions": {
        "P": [
            101325
        ],
        "T": [
            1173,
            1173,
            1173,
            1173,
            1173,
            1173,
            1173,
            1173,
            1173,
            1173,
            1173,
            1173,
            1173,
            1173,
            1173,
            1173,
            1173,
            1173,
            1173,
            1173,
            1173,
            1173,
            1173,
            1173,
            1173,
            1173,
            1173,
            1173,
            1173,
            1173,
            1173,
            1173,
            1173,
            1173,
            1173,
            1173,
            1173,
            1173,
            1173,
            1173,
            1173
        ]
    },
    "broadcast_conditions": false,
    "output": "ZPF",
    "values":
			[[["(NB,MO)",["NI","MO"],[0.07869478078489708,0.4719107807848971]],["NB7NI6",["NI","MO"],[0.4509464990347541,0.0475404990347541]],["(NBNI3,MONI3RT)",["NI","MO"],[0.7387232671700961,0.06104126717009628]]],
			[["(NBNI3,MONI3RT)",["NI","MO"],[0.7380463788588414,0.059022915444207236]],["NB7NI6",["NI","MO"],[0.4529076659675938,0.04591898304076458]]],
			[["(NBNI3,MONI3RT)",["NI","MO"],[0.7379347468060086,0.0575478199767403]],["NB7NI6",["NI","MO"],[0.453953285097603,0.044771919243944525]]],
			[["(NBNI3,MONI3RT)",["NI","MO"],[0.7378231147531757,0.056072724509273475]],["NB7NI6",["NI","MO"],[0.453953285097603,0.044771919243944525]]],
			[["(NBNI3,MONI3RT)",["NI","MO"],[0.737711482700343,0.05459762904180654]],["NB7NI6",["NI","MO"],[0.4549989042276123,0.04362485544712458]]],
			[["(NBNI3,MONI3RT)",["NI","MO"],[0.7375998506475102,0.053122533574339714]],["NB7NI6",["NI","MO"],[0.4560445233576215,0.04247779165030452]]],
			[["(NBNI3,MONI3RT)",["NI","MO"],[0.7374882185946775,0.05164743810687267]],["NB7NI6",["NI","MO"],[0.4570901424876308,0.04133072785348446]]],
			[["(NBNI3,MONI3RT)",["NI","MO"],[0.7373765865418448,0.05017234263940573]],["NB7NI6",["NI","MO"],[0.45813576161764,0.0401836640566644]]],
			[["(NBNI3,MONI3RT)",["NI","MO"],[0.737264954489012,0.048697247171938796]],["NB7NI6",["NI","MO"],[0.4591813807476493,0.039036600259844345]]],
			[["(NBNI3,MONI3RT)",["NI","MO"],[0.7371533224361793,0.04722215170447186]],["NB7NI6",["NI","MO"],[0.4602269998776585,0.03788953646302429]]],
			[["(NBNI3,MONI3RT)",["NI","MO"],[0.7370416903833464,0.045747056237005035]],["NB7NI6",["NI","MO"],[0.4612726190076678,0.03674247266620434]]],
			[["(NBNI3,MONI3RT)",["NI","MO"],[0.7369300583305136,0.0442719607695381]],["NB7NI6",["NI","MO"],[0.46231823813767703,0.03559540886938428]]],
			[["(NBNI3,MONI3RT)",["NI","MO"],[0.7368184262776809,0.04279686530207116]],["NB7NI6",["NI","MO"],[0.4633638572676862,0.034448345072564335]]],
			[["(NBNI3,MONI3RT)",["NI","MO"],[0.7367067942248482,0.04132176983460423]],["NB7NI6",["NI","MO"],[0.4644094763976954,0.03330128127574428]]],
			[["(NBNI3,MONI3RT)",["NI","MO"],[0.7365951621720154,0.03984667436713729]],["NB7NI6",["NI","MO"],[0.4654550955277047,0.03215421747892433]]],
			[["(NBNI3,MONI3RT)",["NI","MO"],[0.7364835301191826,0.03837157889967047]],["NB7NI6",["NI","MO"],[0.4665007146577139,0.03100715368210427]]],
			[["(NBNI3,MONI3RT)",["NI","MO"],[0.7363718980663498,0.03689648343220353]],["NB7NI6",["NI","MO"],[0.4675463337877232,0.029860089885284324]]],
			[["(NBNI3,MONI3RT)",["NI","MO"],[0.736260266013517,0.035421387964736706]],["NB7NI6",["NI","MO"],[0.4685919529177324,0.028713026088464266]]],
			[["(NBNI3,MONI3RT)",["NI","MO"],[0.7361486339606843,0.03394629249726966]],["NB7NI6",["NI","MO"],[0.4696375720477417,0.027565962291644208]]],
			[["(NBNI3,MONI3RT)",["NI","MO"],[0.7360370019078516,0.03247119702980272]],["NB7NI6",["NI","MO"],[0.4706831911777509,0.02641889849482415]]],
			[["(NBNI3,MONI3RT)",["NI","MO"],[0.7359253698550188,0.030996101562335898]],["NB7NI6",["NI","MO"],[0.4717288103077602,0.025271834698004092]]],
			[["(NBNI3,MONI3RT)",["NI","MO"],[0.7358137378021861,0.02952100609486885]],["NB7NI6",["NI","MO"],[0.47277442943776943,0.024124770901184034]]],
			[["(NBNI3,MONI3RT)",["NI","MO"],[0.7357021057493531,0.028045910627402137]],["NB7NI6",["NI","MO"],[0.4738200485677787,0.022977707104364087]]],
			[["(NBNI3,MONI3RT)",["NI","MO"],[0.7355904736965204,0.02657081515993509]],["NB7NI6",["NI","MO"],[0.47486566769778793,0.02183064330754403]]],
			[["(NBNI3,MONI3RT)",["NI","MO"],[0.7354788416436877,0.025095719692468155]],["NB7NI6",["NI","MO"],[0.47591128682779715,0.02068357951072397]]],
			[["(NBNI3,MONI3RT)",["NI","MO"],[0.7353672095908549,0.02362062422500133]],["NB7NI6",["NI","MO"],[0.47695690595780643,0.019536515713904024]]],
			[["(NBNI3,MONI3RT)",["NI","MO"],[0.7352555775380222,0.022145528757534283]],["NB7NI6",["NI","MO"],[0.47800252508781566,0.018389451917083965]]],
			[["(NBNI3,MONI3RT)",["NI","MO"],[0.7351439454851894,0.020670433290067458]],["NB7NI6",["NI","MO"],[0.47904814421782493,0.017242388120263907]]],
			[["(NBNI3,MONI3RT)",["NI","MO"],[0.7350323134323565,0.019195337822600633]],["NB7NI6",["NI","MO"],[0.48009376334783416,0.01609532432344385]]],
			[["(NBNI3,MONI3RT)",["NI","MO"],[0.7349206813795238,0.017720242355133697]],["NB7NI6",["NI","MO"],[0.48113938247784344,0.014948260526623791]]],
			[["(NBNI3,MONI3RT)",["NI","MO"],[0.7348090493266911,0.01624514688766665]],["NB7NI6",["NI","MO"],[0.48218500160785266,0.013801196729803733]]],
			[["(NBNI3,MONI3RT)",["NI","MO"],[0.7346974172738583,0.014770051420199826]],["NB7NI6",["NI","MO"],[0.48323062073786194,0.012654132932983786]]],
			[["(NBNI3,MONI3RT)",["NI","MO"],[0.7345857852210256,0.01329495595273289]],["NB7NI6",["NI","MO"],[0.48427623986787116,0.011507069136163728]]],
			[["(NBNI3,MONI3RT)",["NI","MO"],[0.7344741531681929,0.011819860485265843]],["NB7NI6",["NI","MO"],[0.48532185899788033,0.01036000533934378]]],
			[["(NBNI3,MONI3RT)",["NI","MO"],[0.7343625211153599,0.010344765017799018]],["NB7NI6",["NI","MO"],[0.48636747812788955,0.009212941542523723]]],
			[["(NBNI3,MONI3RT)",["NI","MO"],[0.7342508890625272,0.008869669550332082]],["NB7NI6",["NI","MO"],[0.48741309725789883,0.008065877745703776]]],
			[["(NBNI3,MONI3RT)",["NI","MO"],[0.7341392570096945,0.007394574082865146]],["NB7NI6",["NI","MO"],[0.48845871638790805,0.0069188139488837175]]],
			[["(NBNI3,MONI3RT)",["NI","MO"],[0.7340276249568617,0.00591947861539821]],["NB7NI6",["NI","MO"],[0.48950433551791733,0.00577175015206377]]],
			[["(NBNI3,MONI3RT)",["NI","MO"],[0.733915992904029,0.0044443831479312745]],["NB7NI6",["NI","MO"],[0.49054995464792656,0.004624686355243712]]],
			[["(NBNI3,MONI3RT)",["NI","MO"],[0.7338043608511962,0.0029692876804644497]],["NB7NI6",["NI","MO"],[0.49159557377793583,0.003477622558423654]]],
			[["(NBNI3,MONI3RT)",["NI","MO"],[0.7336927287983633,0.0014941922129976248]],["NB7NI6",["NI","MO"],[0.49264119290794506,0.002330558761603596]]]],
	"reference": "C-A58757"
}