{
    "components": [
        "MO",
        "NB",
        "NI"
    ],
    "phases": [
        "NB7NI6",
        "(NB,MO)",
        "(NBNI3,MONI3RT)"
    ],
    "conditions": {
        "P": [
            101325
        ],
        "T": [
            1173,
            1173,
            1173,
            1173,
            1173,
            1173,
            1173,
            1173,
            1173,
            1173,
            1173,
            1173,
            1173,
            1173,
            1173,
            1173,
            1173,
            1173,
            1173,
            1173,
            1173,
            1173,
            1173,
            1173,
            1173,
            1173,
            1173,
            1173,
            1173,
            1173,
            1173,
            1173,
            1173,
            1173,
            1173,
            1173,
            1173,
            1173,
            1173,
            1173,
            1173
        ]
    },
    "broadcast_conditions": false,
    "output": "ZPF",
    "values":
			[[["(NB,MO)",["NI","MO"],[0.07869478078489708,0.4719107807848971]],["NB7NI6",["NI","MO"],[0.4509464990347541,0.0475404990347541]],["(NBNI3,MONI3RT)",["NI","MO"],[0.7387232671700961,0.06104126717009628]]],
			[["NB7NI6",["NI","MO"],[0.4506678573423189,0.04637117441548955]],["(NB,MO)",["NI","MO"],[0.07629503021419431,0.46039360589137357]]],
			[["NB7NI6",["NI","MO"],[0.45085623866132807,0.04521287280766961]],["(NB,MO)",["NI","MO"],[0.07355588298131671,0.44980703433567526]]],
			[["NB7NI6",["NI","MO"],[0.4510446199803374,0.04405457119984957]],["(NB,MO)",["NI","MO"],[0.07355588298131671,0.44980703433567526]]],
			[["NB7NI6",["NI","MO"],[0.4512330012993465,0.04289626959202952]],["(NB,MO)",["NI","MO"],[0.07114755860976904,0.4390025124443654]]],
			[["NB7NI6",["NI","MO"],[0.45142138261835585,0.04173796798420948]],["(NB,MO)",["NI","MO"],[0.06880977158249868,0.4281515196477603]]],
			[["NB7NI6",["NI","MO"],[0.451609763937365,0.040579666376389545]],["(NB,MO)",["NI","MO"],[0.06666459532214991,0.4171782700611084]]],
			[["NB7NI6",["NI","MO"],[0.4517981452563743,0.03942136476856939]],["(NB,MO)",["NI","MO"],[0.06467528344763124,0.4061060878976397]]],
			[["NB7NI6",["NI","MO"],[0.45198652657538346,0.038263063160749455]],["(NB,MO)",["NI","MO"],[0.06275891520635696,0.3949891062984583]]],
			[["NB7NI6",["NI","MO"],[0.45217490789439274,0.0371047615529293]],["(NB,MO)",["NI","MO"],[0.06106938515167848,0.38373280859579284]]],
			[["NB7NI6",["NI","MO"],[0.4523632892134019,0.035946459945109366]],["(NB,MO)",["NI","MO"],[0.059379855097,0.3724765108931274]]],
			[["NB7NI6",["NI","MO"],[0.45255167053241124,0.03478815833728932]],["(NB,MO)",["NI","MO"],[0.05791762593848182,0.3610845649062555]]],
			[["NB7NI6",["NI","MO"],[0.45274005185142036,0.033629856729469276]],["(NB,MO)",["NI","MO"],[0.056481004301047744,0.3496773369017738]]],
			[["NB7NI6",["NI","MO"],[0.4529284331704297,0.03247155512164923]],["(NB,MO)",["NI","MO"],[0.055153148974421806,0.33820676785657056]]],
			[["NB7NI6",["NI","MO"],[0.45311681448943886,0.03131325351382919]],["(NB,MO)",["NI","MO"],[0.053924827192073976,0.32667823455539113]]],
			[["NB7NI6",["NI","MO"],[0.45330519580844814,0.030154951906009142]],["(NB,MO)",["NI","MO"],[0.052716070656341985,0.3151385359973625]]],
			[["NB7NI6",["NI","MO"],[0.4534935771274573,0.028996650298189097]],["(NB,MO)",["NI","MO"],[0.0516550177015781,0.30351454775715303]]],
			[["NB7NI6",["NI","MO"],[0.4536819584464666,0.027838348690369052]],["(NB,MO)",["NI","MO"],[0.05059396474681421,0.2918905595169434]]],
			[["NB7NI6",["NI","MO"],[0.4538703397654758,0.026680047082549008]],["(NB,MO)",["NI","MO"],[0.0496198008517682,0.28021777866354936]]],
			[["NB7NI6",["NI","MO"],[0.4540587210844851,0.025521745474728963]],["(NB,MO)",["NI","MO"],[0.04868523086908577,0.2685227638205516]]],
			[["NB7NI6",["NI","MO"],[0.45424710240349425,0.024363443866908918]],["(NB,MO)",["NI","MO"],[0.04777168672530824,0.25681608222560137]]],
			[["NB7NI6",["NI","MO"],[0.45443548372250353,0.023205142259088873]],["(NB,MO)",["NI","MO"],[0.046926088515257425,0.24507169900273662]]],
			[["NB7NI6",["NI","MO"],[0.4546238650415127,0.02204684065126883]],["(NB,MO)",["NI","MO"],[0.04608049030520661,0.23332731577987165]]],
			[["NB7NI6",["NI","MO"],[0.454812246360522,0.020888539043448784]],["(NB,MO)",["NI","MO"],[0.04527489054097211,0.22156091278464796]]],
			[["NB7NI6",["NI","MO"],[0.45500062767953114,0.01973023743562874]],["(NB,MO)",["NI","MO"],[0.04448128858159678,0.20978790480949527]]],
			[["NB7NI6",["NI","MO"],[0.4551890089985404,0.018571935827808694]],["(NB,MO)",["NI","MO"],[0.04369209297475818,0.19801248022102058]]],
			[["NB7NI6",["NI","MO"],[0.45537739031754965,0.01741363421998876]],["(NB,MO)",["NI","MO"],[0.04291368169884163,0.1862311410904034]]],
			[["NB7NI6",["NI","MO"],[0.4555657716365589,0.016255332612168605]],["(NB,MO)",["NI","MO"],[0.04213527042292514,0.174449801959786]]],
			[["NB7NI6",["NI","MO"],[0.4557541529555681,0.015097031004348671]],["(NB,MO)",["NI","MO"],[0.04134065734060233,0.16267735101690484]]],
			[["NB7NI6",["NI","MO"],[0.45594253427457737,0.013938729396528515]],["(NB,MO)",["NI","MO"],[0.040542076420714945,0.15090707679952542]]],
			[["NB7NI6",["NI","MO"],[0.45613091559358654,0.012780427788708582]],["(NB,MO)",["NI","MO"],[0.039725855265310084,0.1391465215978327]]],
			[["NB7NI6",["NI","MO"],[0.4563192969125959,0.011622126180888537]],["(NB,MO)",["NI","MO"],[0.03887095763096132,0.12740727548269937]]],
			[["NB7NI6",["NI","MO"],[0.456507678231605,0.010463824573068492]],["(NB,MO)",["NI","MO"],[0.03801605999661256,0.11566802936756582]]],
			[["NB7NI6",["NI","MO"],[0.4566960595506143,0.009305522965248447]],["(NB,MO)",["NI","MO"],[0.03708450230908816,0.10397137382688593]]],
			[["NB7NI6",["NI","MO"],[0.4568844408696235,0.008147221357428513]],["(NB,MO)",["NI","MO"],[0.03613660874544289,0.0922837941258301]]],
			[["NB7NI6",["NI","MO"],[0.45707282218863277,0.006988919749608358]],["(NB,MO)",["NI","MO"],[0.03514482933410484,0.08062089780972248]]],
			[["NB7NI6",["NI","MO"],[0.45726120350764193,0.005830618141788424]],["(NB,MO)",["NI","MO"],[0.03406824767962707,0.06900569810931101]]],
			[["NB7NI6",["NI","MO"],[0.4574495848266512,0.004672316533968268]],["(NB,MO)",["NI","MO"],[0.03299166602514919,0.05739049840889954]]],
			[["NB7NI6",["NI","MO"],[0.4576379661456604,0.0035140149261483344]],["(NB,MO)",["NI","MO"],[0.03176962324692956,0.04585845098150454]]],
			[["NB7NI6",["NI","MO"],[0.45782634746466966,0.0023557133183281787]],["(NB,MO)",["NI","MO"],[0.030525354525581527,0.034339108926125794]]],
			[["NB7NI6",["NI","MO"],[0.4580147287836789,0.001197411710508245]],["(NB,MO)",["NI","MO"],[0.029197077614153022,0.022868767451719396]]]],
	"reference": "C-A58757"
}