{
    "components": [
        "MO",
        "NB",
        "NI"
    ],
    "phases": [
        "(NB,MO)",
        "(NBNI3,MONI3RT)",
        "(NBNI3,MONI3RT)"
    ],
    "conditions": {
        "P": [
            101325
        ],
        "T": [
            1173,
            1173,
            1173,
            1173,
            1173,
            1173,
            1173,
            1173,
            1173,
            1173,
            1173,
            1173,
            1173,
            1173,
            1173,
            1173,
            1173,
            1173,
            1173,
            1173,
            1173,
            1173,
            1173,
            1173,
            1173,
            1173,
            1173,
            1173,
            1173,
            1173,
            1173,
            1173,
            1173,
            1173,
            1173,
            1173,
            1173,
            1173,
            1173,
            1173,
            1173
        ]
    },
    "broadcast_conditions": false,
    "output": "ZPF",
    "values":
			[[["(NBNI3,MONI3RT)",["NI","MO"],[0.49403077526770317,0.49184677526770326]],["(NB,MO)",["NI","MO"],[0.029159849194868005,0.903086249194868]],["(NBNI3,MONI3RT)",["NI","MO"],[0.7535301921276587,0.2062881921276586]]],
			[["(NB,MO)",["NI","MO"],[0.028991514844294415,0.9052127528826394]],["(NBNI3,MONI3RT)",["NI","MO"],[0.4913688044293673,0.4949117160670675]]],
			[["(NB,MO)",["NI","MO"],[0.028405097446104956,0.9072313735227948]],["(NBNI3,MONI3RT)",["NI","MO"],[0.49093026667754786,0.49553576301665736]]],
			[["(NB,MO)",["NI","MO"],[0.02785062615489184,0.9092418594197236]],["(NBNI3,MONI3RT)",["NI","MO"],[0.49093026667754786,0.49553576301665736]]],
			[["(NB,MO)",["NI","MO"],[0.027304853567519216,0.9112501302823697]],["(NBNI3,MONI3RT)",["NI","MO"],[0.49050017856296263,0.49616237649853934]]],
			[["(NB,MO)",["NI","MO"],[0.026777390186393423,0.9132533945233684]],["(NBNI3,MONI3RT)",["NI","MO"],[0.4900700904483774,0.4967889899804213]]],
			[["(NB,MO)",["NI","MO"],[0.026271988568730236,0.9152506260122619]],["(NBNI3,MONI3RT)",["NI","MO"],[0.4896455287651807,0.49741705337801023]]],
			[["(NB,MO)",["NI","MO"],[0.02577104712570191,0.917246555897818]],["(NBNI3,MONI3RT)",["NI","MO"],[0.4892286647763823,0.49804713634432785]]],
			[["(NB,MO)",["NI","MO"],[0.025305700622218156,0.9192320981873949]],["(NBNI3,MONI3RT)",["NI","MO"],[0.48881180078758396,0.49867721931064546]]],
			[["(NB,MO)",["NI","MO"],[0.02484035411873441,0.921217640476972]],["(NBNI3,MONI3RT)",["NI","MO"],[0.48840380692807717,0.49930924727285564]]],
			[["(NB,MO)",["NI","MO"],[0.024405096917710378,0.923193861477777]],["(NBNI3,MONI3RT)",["NI","MO"],[0.4880017218461025,0.4999425708811216]]],
			[["(NB,MO)",["NI","MO"],[0.023979416141330416,0.9251671158222554]],["(NBNI3,MONI3RT)",["NI","MO"],[0.487599636764128,0.5005758944893874]]],
			[["(NB,MO)",["NI","MO"],[0.02356922156766986,0.9271353009070692]],["(NBNI3,MONI3RT)",["NI","MO"],[0.4872111160727155,0.5012115895931866]]],
			[["(NB,MO)",["NI","MO"],[0.02318280207772989,0.9290957034466645]],["(NBNI3,MONI3RT)",["NI","MO"],[0.48682536836022827,0.5018477695036643]]],
			[["(NB,MO)",["NI","MO"],[0.022797083349705868,0.9310558645638792]],["(NBNI3,MONI3RT)",["NI","MO"],[0.48644157285837086,0.5024842009146809]]],
			[["(NB,MO)",["NI","MO"],[0.022449520935550787,0.93300288029189]],["(NBNI3,MONI3RT)",["NI","MO"],[0.4860742414727258,0.5031227533745428]]],
			[["(NB,MO)",["NI","MO"],[0.022101958521395702,0.9349498960199009]],["(NBNI3,MONI3RT)",["NI","MO"],[0.4857069100870809,0.5037613058344047]]],
			[["(NB,MO)",["NI","MO"],[0.021778484550275836,0.9368882083864098]],["(NBNI3,MONI3RT)",["NI","MO"],[0.4853483057528755,0.5044005683018374]]],
			[["(NB,MO)",["NI","MO"],[0.021469244409906597,0.938821377947533]],["(NBNI3,MONI3RT)",["NI","MO"],[0.4850012815947924,0.5050407728987829]]],
			[["(NB,MO)",["NI","MO"],[0.02116853516760205,0.9407513250764059]],["(NBNI3,MONI3RT)",["NI","MO"],[0.48465425743670926,0.5056809774957283]]],
			[["(NB,MO)",["NI","MO"],[0.0208971500277589,0.9426701954191348]],["(NBNI3,MONI3RT)",["NI","MO"],[0.4843253221134218,0.5063217715764936]]],
			[["(NB,MO)",["NI","MO"],[0.020625764887915742,0.9445890657618635]],["(NBNI3,MONI3RT)",["NI","MO"],[0.4840009616328985,0.5069627147434668]]],
			[["(NB,MO)",["NI","MO"],[0.020384492038868354,0.94649607744061]],["(NBNI3,MONI3RT)",["NI","MO"],[0.48368181761382795,0.5076035674862596]]],
			[["(NB,MO)",["NI","MO"],[0.02015039080926139,0.9484002648299084]],["(NBNI3,MONI3RT)",["NI","MO"],[0.4833822554671067,0.5082440807892284]]],
			[["(NB,MO)",["NI","MO"],[0.019930043108556752,0.9502988195672459]],["(NBNI3,MONI3RT)",["NI","MO"],[0.48308269332038545,0.5088845940921973]]],
			[["(NB,MO)",["NI","MO"],[0.019732649799251777,0.952187973510166]],["(NBNI3,MONI3RT)",["NI","MO"],[0.48280128878675826,0.5095238662799778]]],
			[["(NB,MO)",["NI","MO"],[0.019535256489946806,0.9540771274530861]],["(NBNI3,MONI3RT)",["NI","MO"],[0.4825291706575163,0.5101625037203681]]],
			[["(NB,MO)",["NI","MO"],[0.019371397799474863,0.9559520306061552]],["(NBNI3,MONI3RT)",["NI","MO"],[0.4822615680156822,0.5108005957423747]]],
			[["(NB,MO)",["NI","MO"],[0.0192102250652861,0.9578257923417914]],["(NBNI3,MONI3RT)",["NI","MO"],[0.4820196692018319,0.5114355830407833]]],
			[["(NB,MO)",["NI","MO"],[0.01906541037860076,0.9596923556395061]],["(NBNI3,MONI3RT)",["NI","MO"],[0.48177777038798175,0.5120705703391919]]],
			[["(NB,MO)",["NI","MO"],[0.0189397670420827,0.9615504824918553]],["(NBNI3,MONI3RT)",["NI","MO"],[0.4815576411198821,0.5127017672816958]]],
			[["(NB,MO)",["NI","MO"],[0.01881412370556464,0.9634086093442045]],["(NBNI3,MONI3RT)",["NI","MO"],[0.4813482246355023,0.5133310989917559]]],
			[["(NB,MO)",["NI","MO"],[0.018722618041582394,0.9652512095521559]],["(NBNI3,MONI3RT)",["NI","MO"],[0.4811464291205679,0.513958691195102]]],
			[["(NB,MO)",["NI","MO"],[0.018631888784218717,0.9670934566314793]],["(NBNI3,MONI3RT)",["NI","MO"],[0.48097220691320774,0.5145799897170487]]],
			[["(NB,MO)",["NI","MO"],[0.01855752393227031,0.9689280239733403]],["(NBNI3,MONI3RT)",["NI","MO"],[0.48079798470584756,0.5152012882389954]]],
			[["(NB,MO)",["NI","MO"],[0.018501082472696752,0.9707541799525897]],["(NBNI3,MONI3RT)",["NI","MO"],[0.4806530793603936,0.515814280582992]]],
			[["(NB,MO)",["NI","MO"],[0.0184446410131232,0.9725803359318391]],["(NBNI3,MONI3RT)",["NI","MO"],[0.4805163029828935,0.5164249697932289]]],
			[["(NB,MO)",["NI","MO"],[0.018420500442494492,0.9743908748273565]],["(NBNI3,MONI3RT)",["NI","MO"],[0.48039401995044273,0.5170307381849654]]],
			[["(NB,MO)",["NI","MO"],[0.018397761708837383,0.9762007359518874]],["(NBNI3,MONI3RT)",["NI","MO"],[0.4802973471545672,0.5176278113220509]]],
			[["(NB,MO)",["NI","MO"],[0.01838889811893337,0.9780036956318522]],["(NBNI3,MONI3RT)",["NI","MO"],[0.48020067435869157,0.5182248844591367]]],
			[["(NB,MO)",["NI","MO"],[0.018399149059466685,0.9797971478159261]],["(NBNI3,MONI3RT)",["NI","MO"],[0.4801429535458463,0.5188065160358941]]]],
	"reference": "C-A58757"
}