{
    "components": [
        "FE",
        "MO",
        "NB"
    ],
    "phases": [
        "(NBFE2,MOFE2RT)",
        "NB6.33FE6.67",
        "(NB,MO)"
    ],
    "conditions": {
        "P": [
            101325
        ],
        "T": [
            1173,
            1173,
            1173,
            1173,
            1173,
            1173,
            1173,
            1173,
            1173,
            1173,
            1173,
            1173,
            1173,
            1173,
            1173,
            1173,
            1173,
            1173,
            1173,
            1173,
            1173,
            1173,
            1173,
            1173,
            1173,
            1173,
            1173,
            1173,
            1173,
            1173,
            1173,
            1173,
            1173,
            1173,
            1173,
            1173,
            1173,
            1173,
            1173,
            1173,
            1173
        ]
    },
    "broadcast_conditions": false,
    "output": "ZPF",
    "values":
			[[["NB6.33FE6.67",["NB","FE"],[0.44769718731476277,0.5148111873147628]],["(NBFE2,MOFE2RT)",["NB","FE"],[0.3177515323497325,0.6239095323497326]],["(NB,MO)",["NB","FE"],[0.6194986721113585,0.013150672111358341]]],
			[["(NBFE2,MOFE2RT)",["NB","FE"],[0.32061276722185067,0.6231310111242896]],["NB6.33FE6.67",["NB","FE"],[0.44700081675185965,0.516676419359769]]],
			[["(NBFE2,MOFE2RT)",["NB","FE"],[0.3221828480413044,0.6229673358461824]],["NB6.33FE6.67",["NB","FE"],[0.4470374606017624,0.5175063629410905]]],
			[["(NBFE2,MOFE2RT)",["NB","FE"],[0.3237529288607581,0.6228036605680751]],["NB6.33FE6.67",["NB","FE"],[0.4470374606017624,0.5175063629410905]]],
			[["(NBFE2,MOFE2RT)",["NB","FE"],[0.3253230096802118,0.622639985289968]],["NB6.33FE6.67",["NB","FE"],[0.4471320227566728,0.5183017032494865]]],
			[["(NBFE2,MOFE2RT)",["NB","FE"],[0.3268930904996656,0.6224763100118607]],["NB6.33FE6.67",["NB","FE"],[0.4473139742438665,0.5190448328290743]]],
			[["(NBFE2,MOFE2RT)",["NB","FE"],[0.3284631713191193,0.6223126347337535]],["NB6.33FE6.67",["NB","FE"],[0.44757728586795703,0.5197288746701954]]],
			[["(NBFE2,MOFE2RT)",["NB","FE"],[0.33003325213857304,0.6221489594556462]],["NB6.33FE6.67",["NB","FE"],[0.4478896737617966,0.5203772749071788]]],
			[["(NBFE2,MOFE2RT)",["NB","FE"],[0.3316033329580268,0.621985284177539]],["NB6.33FE6.67",["NB","FE"],[0.44828900461930227,0.5209516981980211]]],
			[["(NBFE2,MOFE2RT)",["NB","FE"],[0.33317341377748055,0.6218216088994317]],["NB6.33FE6.67",["NB","FE"],[0.44871137905450104,0.5215065144564596]]],
			[["(NBFE2,MOFE2RT)",["NB","FE"],[0.33474349459693425,0.6216579336213245]],["NB6.33FE6.67",["NB","FE"],[0.4492133874130302,0.5219839692458326]]],
			[["(NBFE2,MOFE2RT)",["NB","FE"],[0.33631357541638796,0.6214942583432173]],["NB6.33FE6.67",["NB","FE"],[0.44972701565692286,0.5224501357379008]]],
			[["(NBFE2,MOFE2RT)",["NB","FE"],[0.3378836562358417,0.62133058306511]],["NB6.33FE6.67",["NB","FE"],[0.45030262148569683,0.5228488653892727]]],
			[["(NBFE2,MOFE2RT)",["NB","FE"],[0.33945373705529547,0.6211669077870028]],["NB6.33FE6.67",["NB","FE"],[0.45088916601418016,0.523235692812587]]],
			[["(NBFE2,MOFE2RT)",["NB","FE"],[0.34102381787474917,0.6210032325088956]],["NB6.33FE6.67",["NB","FE"],[0.45151723319780074,0.5235726765315312]]],
			[["(NBFE2,MOFE2RT)",["NB","FE"],[0.3425938986942029,0.6208395572307883]],["NB6.33FE6.67",["NB","FE"],[0.4521625125266619,0.5238889988289905]]],
			[["(NBFE2,MOFE2RT)",["NB","FE"],[0.3441639795136567,0.620675881952681]],["NB6.33FE6.67",["NB","FE"],[0.4528279197361767,0.5241789845979767]]],
			[["(NBFE2,MOFE2RT)",["NB","FE"],[0.3457340603331104,0.6205122066745739]],["NB6.33FE6.67",["NB","FE"],[0.4535196732279155,0.5244344973082291]]],
			[["(NBFE2,MOFE2RT)",["NB","FE"],[0.3473041411525641,0.6203485313964666]],["NB6.33FE6.67",["NB","FE"],[0.45421224702546825,0.5246888511641656]]],
			[["(NBFE2,MOFE2RT)",["NB","FE"],[0.34887422197201784,0.6201848561183594]],["NB6.33FE6.67",["NB","FE"],[0.4549420022380645,0.5248906784592056]]],
			[["(NBFE2,MOFE2RT)",["NB","FE"],[0.3504443027914716,0.620021180840252]],["NB6.33FE6.67",["NB","FE"],[0.45567175745066085,0.5250925057542453]]],
			[["(NBFE2,MOFE2RT)",["NB","FE"],[0.3520143836109253,0.6198575055621449]],["NB6.33FE6.67",["NB","FE"],[0.45641588908240494,0.5252725677514432]]],
			[["(NBFE2,MOFE2RT)",["NB","FE"],[0.35358446443037905,0.6196938302840376]],["NB6.33FE6.67",["NB","FE"],[0.457176349549778,0.5254279085738325]]],
			[["(NBFE2,MOFE2RT)",["NB","FE"],[0.3551545452498328,0.6195301550059303]],["NB6.33FE6.67",["NB","FE"],[0.4579368100171511,0.5255832493962216]]],
			[["(NBFE2,MOFE2RT)",["NB","FE"],[0.3567246260692865,0.6193664797278231]],["NB6.33FE6.67",["NB","FE"],[0.45871619201839253,0.5257081199812399]]],
			[["(NBFE2,MOFE2RT)",["NB","FE"],[0.3582947068887402,0.619202804449716]],["NB6.33FE6.67",["NB","FE"],[0.4595011870390631,0.5258239516566454]]],
			[["(NBFE2,MOFE2RT)",["NB","FE"],[0.35986478770819397,0.6190391291716086]],["NB6.33FE6.67",["NB","FE"],[0.4602861820597337,0.5259397833320507]]],
			[["(NBFE2,MOFE2RT)",["NB","FE"],[0.3614348685276477,0.6188754538935014]],["NB6.33FE6.67",["NB","FE"],[0.46109050769146065,0.52602269433709]]],
			[["(NBFE2,MOFE2RT)",["NB","FE"],[0.3630049493471014,0.6187117786153942]],["NB6.33FE6.67",["NB","FE"],[0.4618962469762897,0.5261031978441123]]],
			[["(NBFE2,MOFE2RT)",["NB","FE"],[0.3645750301665552,0.6185481033372869]],["NB6.33FE6.67",["NB","FE"],[0.46270198626111875,0.5261837013511346]]],
			[["(NBFE2,MOFE2RT)",["NB","FE"],[0.36614511098600894,0.6183844280591797]],["NB6.33FE6.67",["NB","FE"],[0.46352384727106594,0.526235304321977]]],
			[["(NBFE2,MOFE2RT)",["NB","FE"],[0.3677151918054627,0.6182207527810724]],["NB6.33FE6.67",["NB","FE"],[0.46434654333770387,0.5262854103322938]]],
			[["(NBFE2,MOFE2RT)",["NB","FE"],[0.36928527262491634,0.6180570775029652]],["NB6.33FE6.67",["NB","FE"],[0.46516923940434185,0.5263355163426107]]],
			[["(NBFE2,MOFE2RT)",["NB","FE"],[0.3708553534443701,0.6178934022248579]],["NB6.33FE6.67",["NB","FE"],[0.46600381288263065,0.5263633149621876]]],
			[["(NBFE2,MOFE2RT)",["NB","FE"],[0.37242543426382385,0.6177297269467508]],["NB6.33FE6.67",["NB","FE"],[0.46684079539287127,0.5263865890928746]]],
			[["(NBFE2,MOFE2RT)",["NB","FE"],[0.3739955150832776,0.6175660516686434]],["NB6.33FE6.67",["NB","FE"],[0.4676777779031119,0.5264098632235616]]],
			[["(NBFE2,MOFE2RT)",["NB","FE"],[0.3755655959027313,0.6174023763905363]],["NB6.33FE6.67",["NB","FE"],[0.46852167760129215,0.5264195792119659]]],
			[["(NBFE2,MOFE2RT)",["NB","FE"],[0.37713567672218506,0.617238701112429]],["NB6.33FE6.67",["NB","FE"],[0.4693706454126808,0.5264193613659011]]],
			[["(NBFE2,MOFE2RT)",["NB","FE"],[0.37870575754163877,0.6170750258343218]],["NB6.33FE6.67",["NB","FE"],[0.4702196132240695,0.5264191435198361]]],
			[["(NBFE2,MOFE2RT)",["NB","FE"],[0.3802758383610925,0.6169113505562145]],["NB6.33FE6.67",["NB","FE"],[0.4710705437518479,0.5264149253267009]]],
			[["(NBFE2,MOFE2RT)",["NB","FE"],[0.3818459191805462,0.6167476752781074]],["NB6.33FE6.67",["NB","FE"],[0.4719296958345653,0.5263939502178006]]]],
	"reference": "C-A58757"
}