{
    "components": [
        "FE",
        "MO",
        "NB"
    ],
    "phases": [
        "NB6.33FE6.67",
        "(NB,MO)",
        "(NBFE2,MOFE2RT)"
    ],
    "conditions": {
        "P": [
            101325
        ],
        "T": [
            1173,
            1173,
            1173,
            1173,
            1173,
            1173,
            1173,
            1173,
            1173,
            1173,
            1173,
            1173,
            1173,
            1173,
            1173,
            1173,
            1173,
            1173,
            1173,
            1173,
            1173,
            1173,
            1173,
            1173,
            1173,
            1173,
            1173,
            1173,
            1173,
            1173,
            1173,
            1173,
            1173,
            1173,
            1173,
            1173,
            1173,
            1173,
            1173,
            1173,
            1173,
            1173
        ]
    },
    "broadcast_conditions": false,
    "output": "ZPF",
    "values":
			[[["NB6.33FE6.67",["NB","FE"],[0.44769718731476277,0.5148111873147628]],["(NBFE2,MOFE2RT)",["NB","FE"],[0.3177515323497325,0.6239095323497326]],["(NB,MO)",["NB","FE"],[0.6194986721113585,0.013150672111358341]]],
			[["NB6.33FE6.67",["NB","FE"],[0.44964689747862735,0.5131631080945028]],["(NB,MO)",["NB","FE"],[0.6287687262843378,0.013594043357508578]]],
			[["NB6.33FE6.67",["NB","FE"],[0.4508490182766255,0.5124883427301863]],["(NB,MO)",["NB","FE"],[0.6377675331272293,0.013536167273570876]]],
			[["NB6.33FE6.67",["NB","FE"],[0.452052460204897,0.5118245411494806]],["(NB,MO)",["NB","FE"],[0.6377675331272293,0.013536167273570876]]],
			[["NB6.33FE6.67",["NB","FE"],[0.4532578657380007,0.5112342300683711]],["(NB,MO)",["NB","FE"],[0.6467663399701209,0.013478291189633174]]],
			[["NB6.33FE6.67",["NB","FE"],[0.4544631310448657,0.5106494978386167]],["(NB,MO)",["NB","FE"],[0.6557651468130125,0.01342041510569536]]],
			[["NB6.33FE6.67",["NB","FE"],[0.45566450779515955,0.510135865691766]],["(NB,MO)",["NB","FE"],[0.664763953655904,0.013362539021757658]]],
			[["NB6.33FE6.67",["NB","FE"],[0.4568652555386134,0.5096272121494865]],["(NB,MO)",["NB","FE"],[0.6737627604987955,0.013304662937820066]]],
			[["NB6.33FE6.67",["NB","FE"],[0.4580574632013355,0.5091861535557339]],["(NB,MO)",["NB","FE"],[0.682761567341687,0.013246786853882364]]],
			[["NB6.33FE6.67",["NB","FE"],[0.45924931428671856,0.5087469758580225]],["(NB,MO)",["NB","FE"],[0.6917603741845786,0.013188910769944662]]],
			[["NB6.33FE6.67",["NB","FE"],[0.4604284569141022,0.5083748335148247]],["(NB,MO)",["NB","FE"],[0.7007591810274701,0.01313103468600696]]],
			[["NB6.33FE6.67",["NB","FE"],[0.46160759954148595,0.5080026911716268]],["(NB,MO)",["NB","FE"],[0.7097579878703617,0.013073158602069146]]],
			[["NB6.33FE6.67",["NB","FE"],[0.46277214455099547,0.5076899821610755]],["(NB,MO)",["NB","FE"],[0.7187567947132533,0.013015282518131555]]],
			[["NB6.33FE6.67",["NB","FE"],[0.46393531963392043,0.5073828507251052]],["(NB,MO)",["NB","FE"],[0.7277556015561448,0.012957406434193741]]],
			[["NB6.33FE6.67",["NB","FE"],[0.4650854363584158,0.5071198604173526]],["(NB,MO)",["NB","FE"],[0.7367544083990364,0.012899530350256039]]],
			[["NB6.33FE6.67",["NB","FE"],[0.46623051167297935,0.5068739115718479]],["(NB,MO)",["NB","FE"],[0.745753215241928,0.012841654266318336]]],
			[["NB6.33FE6.67",["NB","FE"],[0.4673671411568721,0.5066527474076226]],["(NB,MO)",["NB","FE"],[0.7547520220848196,0.012783778182380523]]],
			[["NB6.33FE6.67",["NB","FE"],[0.4684931328269866,0.506462800400629]],["(NB,MO)",["NB","FE"],[0.7637508289277111,0.012725902098442932]]],
			[["NB6.33FE6.67",["NB","FE"],[0.46961772143997543,0.5062765333211887]],["(NB,MO)",["NB","FE"],[0.7727496357706027,0.012668026014505118]]],
			[["NB6.33FE6.67",["NB","FE"],[0.4707237031929166,0.5061390681727014]],["(NB,MO)",["NB","FE"],[0.7817484426134942,0.012610149930567527]]],
			[["NB6.33FE6.67",["NB","FE"],[0.4718296849458578,0.5060016030242139]],["(NB,MO)",["NB","FE"],[0.7907472494563859,0.012552273846629602]]],
			[["NB6.33FE6.67",["NB","FE"],[0.4729237601168276,0.5058926268543636]],["(NB,MO)",["NB","FE"],[0.7997460562992773,0.012494397762692011]]],
			[["NB6.33FE6.67",["NB","FE"],[0.47400988321105475,0.5058026776852921]],["(NB,MO)",["NB","FE"],[0.8087448631421689,0.012436521678754309]]],
			[["NB6.33FE6.67",["NB","FE"],[0.4750955132416533,0.5057138216140227]],["(NB,MO)",["NB","FE"],[0.8177436699850604,0.012378645594816606]]],
			[["NB6.33FE6.67",["NB","FE"],[0.47616183024818703,0.5056677815667578]],["(NB,MO)",["NB","FE"],[0.826742476827952,0.012320769510878904]]],
			[["NB6.33FE6.67",["NB","FE"],[0.4772281472547207,0.5056217415194932]],["(NB,MO)",["NB","FE"],[0.8357412836708434,0.012262893426941202]]],
			[["NB6.33FE6.67",["NB","FE"],[0.47828783271972974,0.5055894777064184]],["(NB,MO)",["NB","FE"],[0.8447400905137351,0.012205017343003388]]],
			[["NB6.33FE6.67",["NB","FE"],[0.47933477639933886,0.5055836834282195]],["(NB,MO)",["NB","FE"],[0.8537388973566267,0.012147141259065686]]],
			[["NB6.33FE6.67",["NB","FE"],[0.480381720078948,0.5055778891500204]],["(NB,MO)",["NB","FE"],[0.8627377041995182,0.012089265175127983]]],
			[["NB6.33FE6.67",["NB","FE"],[0.4814185148444457,0.5055920370370597]],["(NB,MO)",["NB","FE"],[0.8717365110424098,0.012031389091190281]]],
			[["NB6.33FE6.67",["NB","FE"],[0.48244692795925775,0.5056226544952376]],["(NB,MO)",["NB","FE"],[0.8807353178853013,0.011973513007252468]]],
			[["NB6.33FE6.67",["NB","FE"],[0.4834753410740698,0.5056532719534155]],["(NB,MO)",["NB","FE"],[0.8897341247281929,0.011915636923314876]]],
			[["NB6.33FE6.67",["NB","FE"],[0.48449230459711395,0.5057053263394534]],["(NB,MO)",["NB","FE"],[0.8987329315710845,0.011857760839377063]]],
			[["NB6.33FE6.67",["NB","FE"],[0.4855027510728791,0.5057695825118268]],["(NB,MO)",["NB","FE"],[0.907731738413976,0.01179988475543936]]],
			[["NB6.33FE6.67",["NB","FE"],[0.4865131975486442,0.5058338386842003]],["(NB,MO)",["NB","FE"],[0.9167305452568676,0.011742008671501769]]],
			[["NB6.33FE6.67",["NB","FE"],[0.48751333906959005,0.5059165887788355]],["(NB,MO)",["NB","FE"],[0.9257293520997592,0.011684132587563956]]],
			[["NB6.33FE6.67",["NB","FE"],[0.48850684442395015,0.5060112485568324]],["(NB,MO)",["NB","FE"],[0.9347281589426507,0.011626256503626253]]],
			[["NB6.33FE6.67",["NB","FE"],[0.48950034977831025,0.5061059083348294]],["(NB,MO)",["NB","FE"],[0.9437269657855423,0.011568380419688551]]],
			[["NB6.33FE6.67",["NB","FE"],[0.49048639501170527,0.5062134649092384]],["(NB,MO)",["NB","FE"],[0.9527257726284337,0.011510504335750849]]],
			[["NB6.33FE6.67",["NB","FE"],[0.4914635966744702,0.5063363099394922]],["(NB,MO)",["NB","FE"],[0.9617245794713253,0.011452628251813257]]],
			[["NB6.33FE6.67",["NB","FE"],[0.4924407983372351,0.5064591549697461]],["(NB,MO)",["NB","FE"],[0.9707233863142168,0.011394752167875444]]],
			[["NB6.33FE6.67",["NB","FE"],[0.493418,0.506582]],["(NB,MO)",["NB","FE"],[0.9797221931571084,0.011336876083937741]]]],
	"reference": "C-A58757"
}