{
    "components": [
        "FE",
        "MO",
        "NB"
    ],
    "phases": [
        "(NB,MO)",
        "MO5.1FE7.9RT",
        "(NBFE2,MOFE2RT)"
    ],
    "conditions": {
        "P": [
            101325
        ],
        "T": [
            1173,
            1173,
            1173,
            1173,
            1173,
            1173,
            1173,
            1173,
            1173,
            1173,
            1173,
            1173,
            1173,
            1173,
            1173,
            1173,
            1173,
            1173,
            1173,
            1173,
            1173,
            1173,
            1173,
            1173,
            1173,
            1173,
            1173,
            1173,
            1173,
            1173,
            1173,
            1173,
            1173,
            1173,
            1173,
            1173,
            1173,
            1173,
            1173,
            1173,
            1173
        ]
    },
    "broadcast_conditions": false,
    "output": "ZPF",
    "values":
			[[["(NBFE2,MOFE2RT)",["NB","FE"],[0.1532266451781561,0.6448566451781561]],["MO5.1FE7.9RT",["NB","FE"],[0.09979304493807042,0.5690030449380704]],["(NB,MO)",["NB","FE"],[0.3032089950525855,0.012190995052585474]]],
			[["(NB,MO)",["NB","FE"],[0.2952001574873559,0.012742889194673035]],["MO5.1FE7.9RT",["NB","FE"],[0.09751379101136912,0.5674089389283761]]],
			[["(NB,MO)",["NB","FE"],[0.2878183643501219,0.012787827764756177]],["MO5.1FE7.9RT",["NB","FE"],[0.09537770040051419,0.566579601009868]]],
			[["(NB,MO)",["NB","FE"],[0.2804365712128882,0.012832766334839318]],["MO5.1FE7.9RT",["NB","FE"],[0.09537770040051419,0.566579601009868]]],
			[["(NB,MO)",["NB","FE"],[0.2730547780756543,0.01287770490492246]],["MO5.1FE7.9RT",["NB","FE"],[0.09321316441249242,0.5657883964077306]]],
			[["(NB,MO)",["NB","FE"],[0.26567298493842034,0.012922643475005602]],["MO5.1FE7.9RT",["NB","FE"],[0.0910030576228534,0.5650605519500169]]],
			[["(NB,MO)",["NB","FE"],[0.2582911918011864,0.012967582045088855]],["MO5.1FE7.9RT",["NB","FE"],[0.0887806038733803,0.5643498742993488]]],
			[["(NB,MO)",["NB","FE"],[0.2509093986639525,0.013012520615172107]],["MO5.1FE7.9RT",["NB","FE"],[0.08651372565537954,0.5637030272293003]]],
			[["(NB,MO)",["NB","FE"],[0.2435276055267186,0.013057459185255249]],["MO5.1FE7.9RT",["NB","FE"],[0.08424214420724727,0.5630629379195591]]],
			[["(NB,MO)",["NB","FE"],[0.23614581238948484,0.01310239775533839]],["MO5.1FE7.9RT",["NB","FE"],[0.0819306472326444,0.5624819270464593]]],
			[["(NB,MO)",["NB","FE"],[0.22876401925225087,0.013147336325421533]],["MO5.1FE7.9RT",["NB","FE"],[0.07961600390728424,0.5619055730450158]]],
			[["(NB,MO)",["NB","FE"],[0.221382226115017,0.013192274895504785]],["MO5.1FE7.9RT",["NB","FE"],[0.07726905417222413,0.5613783527513978]]],
			[["(NB,MO)",["NB","FE"],[0.21400043297778315,0.013237213465588038]],["MO5.1FE7.9RT",["NB","FE"],[0.07491661593669921,0.5608594797294433]]],
			[["(NB,MO)",["NB","FE"],[0.20661863984054918,0.01328215203567118]],["MO5.1FE7.9RT",["NB","FE"],[0.07254145272568904,0.560376035796961]]],
			[["(NB,MO)",["NB","FE"],[0.19923684670331537,0.013327090605754321]],["MO5.1FE7.9RT",["NB","FE"],[0.0701560607028649,0.5599085389659042]]],
			[["(NB,MO)",["NB","FE"],[0.19185505356608146,0.013372029175837463]],["MO5.1FE7.9RT",["NB","FE"],[0.06775810987672157,0.5594610693275535]]],
			[["(NB,MO)",["NB","FE"],[0.1844732604288476,0.013416967745920716]],["MO5.1FE7.9RT",["NB","FE"],[0.06534364103068369,0.5590399405402491]]],
			[["(NB,MO)",["NB","FE"],[0.17709146729161362,0.013461906316003858]],["MO5.1FE7.9RT",["NB","FE"],[0.06292702015289742,0.558622315591371]]],
			[["(NB,MO)",["NB","FE"],[0.16970967415437976,0.01350684488608711]],["MO5.1FE7.9RT",["NB","FE"],[0.06048665332163869,0.5582433527041972]]],
			[["(NB,MO)",["NB","FE"],[0.16232788101714585,0.013551783456170252]],["MO5.1FE7.9RT",["NB","FE"],[0.058046286490379906,0.5578643898170235]]],
			[["(NB,MO)",["NB","FE"],[0.15494608787991204,0.013596722026253394]],["MO5.1FE7.9RT",["NB","FE"],[0.0555909427804637,0.5575102847103222]]],
			[["(NB,MO)",["NB","FE"],[0.14756429474267813,0.013641660596336536]],["MO5.1FE7.9RT",["NB","FE"],[0.05312735426594367,0.5571698638663815]]],
			[["(NB,MO)",["NB","FE"],[0.1401825016054442,0.013686599166419788]],["MO5.1FE7.9RT",["NB","FE"],[0.05066131537039534,0.5568335828107124]]],
			[["(NB,MO)",["NB","FE"],[0.1328007084682103,0.013731537736503041]],["MO5.1FE7.9RT",["NB","FE"],[0.04817705526420232,0.5565280855202007]]],
			[["(NB,MO)",["NB","FE"],[0.12541891533097654,0.013776476306586183]],["MO5.1FE7.9RT",["NB","FE"],[0.045692795158009336,0.5562225882296892]]],
			[["(NB,MO)",["NB","FE"],[0.11803712219374257,0.013821414876669325]],["MO5.1FE7.9RT",["NB","FE"],[0.04319894123956988,0.5559335693039116]]],
			[["(NB,MO)",["NB","FE"],[0.11065532905650871,0.013866353446752466]],["MO5.1FE7.9RT",["NB","FE"],[0.04069568833017331,0.5556606941171552]]],
			[["(NB,MO)",["NB","FE"],[0.10327353591927485,0.01391129201683583]],["MO5.1FE7.9RT",["NB","FE"],[0.03819243542077669,0.5553878189303988]]],
			[["(NB,MO)",["NB","FE"],[0.09589174278204088,0.013956230586918972]],["MO5.1FE7.9RT",["NB","FE"],[0.035675697119081945,0.5551384636829072]]],
			[["(NB,MO)",["NB","FE"],[0.08850994964480702,0.014001169157002114]],["MO5.1FE7.9RT",["NB","FE"],[0.03315573226033133,0.5548947358895013]]],
			[["(NB,MO)",["NB","FE"],[0.08112815650757305,0.014046107727085255]],["MO5.1FE7.9RT",["NB","FE"],[0.030635382368753405,0.554651689176468]]],
			[["(NB,MO)",["NB","FE"],[0.0737463633703393,0.014091046297168397]],["MO5.1FE7.9RT",["NB","FE"],[0.028100106270329273,0.5544350452680759]]],
			[["(NB,MO)",["NB","FE"],[0.06636457023310532,0.014135984867251539]],["MO5.1FE7.9RT",["NB","FE"],[0.02556483017190514,0.5542184013596837]]],
			[["(NB,MO)",["NB","FE"],[0.058982777095871464,0.014180923437334902]],["MO5.1FE7.9RT",["NB","FE"],[0.02302729781960225,0.5540058016979245]]],
			[["(NB,MO)",["NB","FE"],[0.05160098395863755,0.014225862007418044]],["MO5.1FE7.9RT",["NB","FE"],[0.020478041561771826,0.5538142166772484]]],
			[["(NB,MO)",["NB","FE"],[0.04421919082140363,0.014270800577501186]],["MO5.1FE7.9RT",["NB","FE"],[0.017928785303941402,0.5536226316565724]]],
			[["(NB,MO)",["NB","FE"],[0.036837397684169826,0.014315739147584328]],["MO5.1FE7.9RT",["NB","FE"],[0.01537678025554129,0.5534360347733526]]],
			[["(NB,MO)",["NB","FE"],[0.02945560454693591,0.01436067771766747]],["MO5.1FE7.9RT",["NB","FE"],[0.012814903700778396,0.553267351379498]]],
			[["(NB,MO)",["NB","FE"],[0.022073811409701993,0.014405616287750722]],["MO5.1FE7.9RT",["NB","FE"],[0.010253027146015475,0.5530986679856434]]],
			[["(NB,MO)",["NB","FE"],[0.014692018272468133,0.014450554857833975]],["MO5.1FE7.9RT",["NB","FE"],[0.007688825044130404,0.5529342539047847]]],
			[["(NB,MO)",["NB","FE"],[0.007310225135234272,0.014495493427917117]],["MO5.1FE7.9RT",["NB","FE"],[0.0051150775852485675,0.5527873634923515]]]],
	"reference": "C-A58757"
}