{
    "components": [
        "FE",
        "MO",
        "NB"
    ],
    "phases": [
        "(NBFE2,MOFE2RT)",
        "(NB,MO)",
        "MO5.1FE7.9RT",
        "NB6.33FE6.67"
    ],
    "conditions": {
        "P": [
            101325
        ],
        "T": [
            1173,
            1173,
            1173,
            1173,
            1173,
            1173,
            1173,
            1173,
            1173,
            1173,
            1173,
            1173,
            1173,
            1173,
            1173,
            1173,
            1173,
            1173,
            1173,
            1173,
            1173,
            1173,
            1173,
            1173,
            1173,
            1173,
            1173,
            1173,
            1173,
            1173,
            1173,
            1173,
            1173,
            1173,
            1173,
            1173,
            1173,
            1173,
            1173,
            1173,
            1173,
            1173
        ]
    },
    "broadcast_conditions": false,
    "output": "ZPF",
    "values":
			[[["(NBFE2,MOFE2RT)",["NB","FE"],[0.1532266451781561,0.6448566451781561]],["MO5.1FE7.9RT",["NB","FE"],[0.09979304493807042,0.5690030449380704]],["(NB,MO)",["NB","FE"],[0.3032089950525855,0.012190995052585474]]],
			[["(NBFE2,MOFE2RT)",["NB","FE"],[0.15780733176477713,0.6437977220086796]],["(NB,MO)",["NB","FE"],[0.31123437473346544,0.012720228392002042]]],
			[["(NBFE2,MOFE2RT)",["NB","FE"],[0.16180054314278408,0.643289323630589]],["(NB,MO)",["NB","FE"],[0.31892386606810624,0.012743573385179285]]],
			[["(NBFE2,MOFE2RT)",["NB","FE"],[0.16579375452079106,0.6427809252524984]],["(NB,MO)",["NB","FE"],[0.31892386606810624,0.012743573385179285]]],
			[["(NBFE2,MOFE2RT)",["NB","FE"],[0.16978696589879805,0.6422725268744078]],["(NB,MO)",["NB","FE"],[0.32661335740274694,0.01276691837835675]]],
			[["(NBFE2,MOFE2RT)",["NB","FE"],[0.17378017727680506,0.6417641284963173]],["(NB,MO)",["NB","FE"],[0.33430284873738764,0.012790263371533994]]],
			[["(NBFE2,MOFE2RT)",["NB","FE"],[0.17777338865481204,0.6412557301182267]],["(NB,MO)",["NB","FE"],[0.3419923400720285,0.012813608364711349]]],
			[["(NBFE2,MOFE2RT)",["NB","FE"],[0.18176660003281897,0.6407473317401361]],["(NB,MO)",["NB","FE"],[0.34968183140666925,0.012836953357888703]]],
			[["(NBFE2,MOFE2RT)",["NB","FE"],[0.18575981141082595,0.6402389333620455]],["(NB,MO)",["NB","FE"],[0.3573713227413099,0.012860298351066057]]],
			[["(NBFE2,MOFE2RT)",["NB","FE"],[0.18975302278883294,0.6397305349839549]],["(NB,MO)",["NB","FE"],[0.36506081407595076,0.012883643344243412]]],
			[["(NBFE2,MOFE2RT)",["NB","FE"],[0.1937462341668399,0.6392221366058644]],["(NB,MO)",["NB","FE"],[0.37275030541059145,0.012906988337420655]]],
			[["(NBFE2,MOFE2RT)",["NB","FE"],[0.19773944554484685,0.6387137382277738]],["(NB,MO)",["NB","FE"],[0.3804397967452322,0.01293033333059812]]],
			[["(NBFE2,MOFE2RT)",["NB","FE"],[0.20173265692285386,0.6382053398496832]],["(NB,MO)",["NB","FE"],[0.38812928807987296,0.012953678323775586]]],
			[["(NBFE2,MOFE2RT)",["NB","FE"],[0.20572586830086081,0.6376969414715926]],["(NB,MO)",["NB","FE"],[0.39581877941451377,0.01297702331695283]]],
			[["(NBFE2,MOFE2RT)",["NB","FE"],[0.20971907967886777,0.637188543093502]],["(NB,MO)",["NB","FE"],[0.4035082707491545,0.013000368310130184]]],
			[["(NBFE2,MOFE2RT)",["NB","FE"],[0.21371229105687478,0.6366801447154113]],["(NB,MO)",["NB","FE"],[0.41119776208379516,0.013023713303307538]]],
			[["(NBFE2,MOFE2RT)",["NB","FE"],[0.2177055024348817,0.6361717463373209]],["(NB,MO)",["NB","FE"],[0.418887253418436,0.013047058296484781]]],
			[["(NBFE2,MOFE2RT)",["NB","FE"],[0.22169871381288875,0.6356633479592302]],["(NB,MO)",["NB","FE"],[0.4265767447530767,0.013070403289662136]]],
			[["(NBFE2,MOFE2RT)",["NB","FE"],[0.2256919251908957,0.6351549495811397]],["(NB,MO)",["NB","FE"],[0.4342662360877176,0.01309374828283949]]],
			[["(NBFE2,MOFE2RT)",["NB","FE"],[0.2296851365689027,0.634646551203049]],["(NB,MO)",["NB","FE"],[0.4419557274223583,0.013117093276016734]]],
			[["(NBFE2,MOFE2RT)",["NB","FE"],[0.23367834794690967,0.6341381528249584]],["(NB,MO)",["NB","FE"],[0.449645218756999,0.013140438269194199]]],
			[["(NBFE2,MOFE2RT)",["NB","FE"],[0.23767155932491663,0.6336297544468679]],["(NB,MO)",["NB","FE"],[0.45733471009163973,0.013163783262371553]]],
			[["(NBFE2,MOFE2RT)",["NB","FE"],[0.2416647707029236,0.6331213560687773]],["(NB,MO)",["NB","FE"],[0.46502420142628054,0.013187128255548797]]],
			[["(NBFE2,MOFE2RT)",["NB","FE"],[0.2456579820809306,0.6326129576906867]],["(NB,MO)",["NB","FE"],[0.4727136927609213,0.013210473248726151]]],
			[["(NBFE2,MOFE2RT)",["NB","FE"],[0.24965119345893755,0.6321045593125961]],["(NB,MO)",["NB","FE"],[0.48040318409556204,0.013233818241903617]]],
			[["(NBFE2,MOFE2RT)",["NB","FE"],[0.2536444048369445,0.6315961609345055]],["(NB,MO)",["NB","FE"],[0.4880926754302028,0.01325716323508086]]],
			[["(NBFE2,MOFE2RT)",["NB","FE"],[0.2576376162149515,0.631087762556415]],["(NB,MO)",["NB","FE"],[0.49578216676484355,0.013280508228258103]]],
			[["(NBFE2,MOFE2RT)",["NB","FE"],[0.2616308275929585,0.6305793641783244]],["(NB,MO)",["NB","FE"],[0.5034716580994842,0.013303853221435569]]],
			[["(NBFE2,MOFE2RT)",["NB","FE"],[0.2656240389709654,0.6300709658002338]],["(NB,MO)",["NB","FE"],[0.5111611494341249,0.013327198214612923]]],
			[["(NBFE2,MOFE2RT)",["NB","FE"],[0.26961725034897244,0.6295625674221432]],["(NB,MO)",["NB","FE"],[0.5188506407687659,0.013350543207790166]]],
			[["(NBFE2,MOFE2RT)",["NB","FE"],[0.27361046172697945,0.6290541690440525]],["(NB,MO)",["NB","FE"],[0.5265401321034064,0.013373888200967632]]],
			[["(NBFE2,MOFE2RT)",["NB","FE"],[0.2776036731049864,0.6285457706659621]],["(NB,MO)",["NB","FE"],[0.5342296234380474,0.013397233194144764]]],
			[["(NBFE2,MOFE2RT)",["NB","FE"],[0.28159688448299336,0.6280373722878715]],["(NB,MO)",["NB","FE"],[0.5419191147726881,0.01342057818732223]]],
			[["(NBFE2,MOFE2RT)",["NB","FE"],[0.2855900958610003,0.6275289739097809]],["(NB,MO)",["NB","FE"],[0.5496086061073288,0.013443923180499695]]],
			[["(NBFE2,MOFE2RT)",["NB","FE"],[0.2895833072390073,0.6270205755316903]],["(NB,MO)",["NB","FE"],[0.5572980974419695,0.013467268173676938]]],
			[["(NBFE2,MOFE2RT)",["NB","FE"],[0.2935765186170143,0.6265121771535997]],["(NB,MO)",["NB","FE"],[0.5649875887766104,0.013490613166854182]]],
			[["(NBFE2,MOFE2RT)",["NB","FE"],[0.2975697299950213,0.6260037787755091]],["(NB,MO)",["NB","FE"],[0.5726770801112511,0.013513958160031647]]],
			[["(NBFE2,MOFE2RT)",["NB","FE"],[0.30156294137302825,0.6254953803974186]],["(NB,MO)",["NB","FE"],[0.5803665714458919,0.01353730315320889]]],
			[["(NBFE2,MOFE2RT)",["NB","FE"],[0.30555615275103526,0.6249869820193279]],["(NB,MO)",["NB","FE"],[0.5880560627805326,0.013560648146386356]]],
			[["(NBFE2,MOFE2RT)",["NB","FE"],[0.3095493641290422,0.6244785836412374]],["(NB,MO)",["NB","FE"],[0.5957455541151733,0.0135839931395636]]],
			[["(NBFE2,MOFE2RT)",["NB","FE"],[0.31354257550704917,0.6239701852631467]],["(NB,MO)",["NB","FE"],[0.6034350454498141,0.013607338132740954]]],
			[["NB6.33FE6.67",["NB","FE"],[0.44769718731476277,0.5148111873147628]],["(NBFE2,MOFE2RT)",["NB","FE"],[0.3177515323497325,0.6239095323497326]],["(NB,MO)",["NB","FE"],[0.6194986721113585,0.013150672111358341]]]],
	"reference": "C-A58757"
}