{
    "components": [
        "FE",
        "MO",
        "NB"
    ],
    "phases": [
        "MO5.1FE7.9RT",
        "(NBFE2,MOFE2RT)",
        "(NB,MO)"
    ],
    "conditions": {
        "P": [
            101325
        ],
        "T": [
            1173,
            1173,
            1173,
            1173,
            1173,
            1173,
            1173,
            1173,
            1173,
            1173,
            1173,
            1173,
            1173,
            1173,
            1173,
            1173,
            1173,
            1173,
            1173,
            1173,
            1173,
            1173,
            1173,
            1173,
            1173,
            1173,
            1173,
            1173,
            1173,
            1173,
            1173,
            1173,
            1173,
            1173,
            1173,
            1173,
            1173,
            1173,
            1173,
            1173,
            1173
        ]
    },
    "broadcast_conditions": false,
    "output": "ZPF",
    "values":
			[[["(NBFE2,MOFE2RT)",["NB","FE"],[0.1532266451781561,0.6448566451781561]],["MO5.1FE7.9RT",["NB","FE"],[0.09979304493807042,0.5690030449380704]],["(NB,MO)",["NB","FE"],[0.3032089950525855,0.012190995052585474]]],
			[["MO5.1FE7.9RT",["NB","FE"],[0.09972066442292554,0.5732782686969995]],["(NBFE2,MOFE2RT)",["NB","FE"],[0.1485201601581307,0.6449836723532527]]],
			[["MO5.1FE7.9RT",["NB","FE"],[0.09833779702323142,0.5759507465055823]],["(NBFE2,MOFE2RT)",["NB","FE"],[0.14480655615090368,0.6454595805411476]]],
			[["MO5.1FE7.9RT",["NB","FE"],[0.09612401941379059,0.5783695311417202]],["(NBFE2,MOFE2RT)",["NB","FE"],[0.14480655615090368,0.6454595805411476]]],
			[["MO5.1FE7.9RT",["NB","FE"],[0.09351809750002732,0.5802808663244501]],["(NBFE2,MOFE2RT)",["NB","FE"],[0.14109295214367665,0.6459354887290425]]],
			[["MO5.1FE7.9RT",["NB","FE"],[0.09082383979937922,0.5817469064014303]],["(NBFE2,MOFE2RT)",["NB","FE"],[0.13737934813644959,0.6464113969169374]]],
			[["MO5.1FE7.9RT",["NB","FE"],[0.0881347890231109,0.5829565022370097]],["(NBFE2,MOFE2RT)",["NB","FE"],[0.13366574412922255,0.6468873051048323]]],
			[["MO5.1FE7.9RT",["NB","FE"],[0.08545638709654205,0.584023057917429]],["(NBFE2,MOFE2RT)",["NB","FE"],[0.12995214012199552,0.6473632132927272]]],
			[["MO5.1FE7.9RT",["NB","FE"],[0.0828067411466531,0.5849031638819859]],["(NBFE2,MOFE2RT)",["NB","FE"],[0.12623853611476846,0.6478391214806222]]],
			[["MO5.1FE7.9RT",["NB","FE"],[0.0801732425845085,0.585713913521198]],["(NBFE2,MOFE2RT)",["NB","FE"],[0.12252493210754142,0.6483150296685171]]],
			[["MO5.1FE7.9RT",["NB","FE"],[0.07756311769596444,0.5864242684627408]],["(NBFE2,MOFE2RT)",["NB","FE"],[0.11881132810031442,0.648790937856412]]],
			[["MO5.1FE7.9RT",["NB","FE"],[0.07496250076956223,0.5871012874208799]],["(NBFE2,MOFE2RT)",["NB","FE"],[0.11509772409308736,0.6492668460443068]]],
			[["MO5.1FE7.9RT",["NB","FE"],[0.07238708337285732,0.5876899539969587]],["(NBFE2,MOFE2RT)",["NB","FE"],[0.11138412008586034,0.6497427542322018]]],
			[["MO5.1FE7.9RT",["NB","FE"],[0.0698116659761524,0.5882786205730377]],["(NBFE2,MOFE2RT)",["NB","FE"],[0.10767051607863327,0.6502186624200967]]],
			[["MO5.1FE7.9RT",["NB","FE"],[0.06725903935159022,0.588796434920756]],["(NBFE2,MOFE2RT)",["NB","FE"],[0.10395691207140624,0.6506945706079916]]],
			[["MO5.1FE7.9RT",["NB","FE"],[0.06471218069364298,0.5892963177440302]],["(NBFE2,MOFE2RT)",["NB","FE"],[0.1002433080641792,0.6511704787958865]]],
			[["MO5.1FE7.9RT",["NB","FE"],[0.06216532203569572,0.5897962005673045]],["(NBFE2,MOFE2RT)",["NB","FE"],[0.09652970405695216,0.6516463869837814]]],
			[["MO5.1FE7.9RT",["NB","FE"],[0.05964064237288175,0.5902323276365526]],["(NBFE2,MOFE2RT)",["NB","FE"],[0.0928161000497251,0.6521222951716763]]],
			[["MO5.1FE7.9RT",["NB","FE"],[0.05711672410242166,0.5906662660068385]],["(NBFE2,MOFE2RT)",["NB","FE"],[0.08910249604249806,0.6525982033595713]]],
			[["MO5.1FE7.9RT",["NB","FE"],[0.05459280583196163,0.5911002043771243]],["(NBFE2,MOFE2RT)",["NB","FE"],[0.08538889203527106,0.6530741115474662]]],
			[["MO5.1FE7.9RT",["NB","FE"],[0.05208272819731968,0.5914964395052535]],["(NBFE2,MOFE2RT)",["NB","FE"],[0.08167528802804402,0.6535500197353611]]],
			[["MO5.1FE7.9RT",["NB","FE"],[0.04957683459305337,0.5918812769264772]],["(NBFE2,MOFE2RT)",["NB","FE"],[0.07796168402081696,0.654025927923256]]],
			[["MO5.1FE7.9RT",["NB","FE"],[0.047070940988787,0.5922661143477008]],["(NBFE2,MOFE2RT)",["NB","FE"],[0.07424808001358993,0.6545018361111509]]],
			[["MO5.1FE7.9RT",["NB","FE"],[0.04456765357439352,0.5926441149175904]],["(NBFE2,MOFE2RT)",["NB","FE"],[0.07053447600636287,0.6549777442990459]]],
			[["MO5.1FE7.9RT",["NB","FE"],[0.04207551016840655,0.5929928812672356]],["(NBFE2,MOFE2RT)",["NB","FE"],[0.06682087199913586,0.6554536524869408]]],
			[["MO5.1FE7.9RT",["NB","FE"],[0.039583366762419636,0.5933416476168809]],["(NBFE2,MOFE2RT)",["NB","FE"],[0.0631072679919088,0.6559295606748357]]],
			[["MO5.1FE7.9RT",["NB","FE"],[0.03709122335643272,0.5936904139665262]],["(NBFE2,MOFE2RT)",["NB","FE"],[0.059393663984681794,0.6564054688627305]]],
			[["MO5.1FE7.9RT",["NB","FE"],[0.03460148783974104,0.5940330330015402]],["(NBFE2,MOFE2RT)",["NB","FE"],[0.05568005997745476,0.6568813770506254]]],
			[["MO5.1FE7.9RT",["NB","FE"],[0.03212020079340955,0.5943540831855438]],["(NBFE2,MOFE2RT)",["NB","FE"],[0.0519664559702277,0.6573572852385203]]],
			[["MO5.1FE7.9RT",["NB","FE"],[0.029638913747078083,0.5946751333695477]],["(NBFE2,MOFE2RT)",["NB","FE"],[0.04825285196300064,0.6578331934264153]]],
			[["MO5.1FE7.9RT",["NB","FE"],[0.02715762670074659,0.5949961835535514]],["(NBFE2,MOFE2RT)",["NB","FE"],[0.04453924795577363,0.6583091016143102]]],
			[["MO5.1FE7.9RT",["NB","FE"],[0.024676339654415125,0.5953172337375552]],["(NBFE2,MOFE2RT)",["NB","FE"],[0.0408256439485466,0.6587850098022051]]],
			[["MO5.1FE7.9RT",["NB","FE"],[0.022201772706126582,0.595621461362917]],["(NBFE2,MOFE2RT)",["NB","FE"],[0.037112039941319536,0.6592609179901]]],
			[["MO5.1FE7.9RT",["NB","FE"],[0.019728347940498936,0.5959228297391026]],["(NBFE2,MOFE2RT)",["NB","FE"],[0.0333984359340925,0.659736826177995]]],
			[["MO5.1FE7.9RT",["NB","FE"],[0.017254923174871317,0.5962241981152883]],["(NBFE2,MOFE2RT)",["NB","FE"],[0.02968483192686544,0.6602127343658899]]],
			[["MO5.1FE7.9RT",["NB","FE"],[0.014781498409243643,0.5965255664914739]],["(NBFE2,MOFE2RT)",["NB","FE"],[0.025971227919638434,0.6606886425537848]]],
			[["MO5.1FE7.9RT",["NB","FE"],[0.01230852985379624,0.5968258085465459]],["(NBFE2,MOFE2RT)",["NB","FE"],[0.0222576239124114,0.6611645507416797]]],
			[["MO5.1FE7.9RT",["NB","FE"],[0.009840942410561632,0.5971127653647613]],["(NBFE2,MOFE2RT)",["NB","FE"],[0.01854401990518431,0.6616404589295746]]],
			[["MO5.1FE7.9RT",["NB","FE"],[0.007373354967327023,0.5973997221829768]],["(NBFE2,MOFE2RT)",["NB","FE"],[0.014830415897957305,0.6621163671174695]]],
			[["MO5.1FE7.9RT",["NB","FE"],[0.0049057675240924414,0.5976866790011923]],["(NBFE2,MOFE2RT)",["NB","FE"],[0.011116811890730272,0.6625922753053644]]],
			[["MO5.1FE7.9RT",["NB","FE"],[0.0024381800808578324,0.5979736358194078]],["(NBFE2,MOFE2RT)",["NB","FE"],[0.00740320788350321,0.6630681834932594]]]],
	"reference": "C-A58757"
}