{
    "components": [
        "FE",
        "MO",
        "NI"
    ],
    "phases": [
        "MO0.5FE0.5HT",
        "MO0.53FE0.11NI0.36",
        "MO0.5FE0.5HT",
        "MO0.53FE0.11NI0.36"
    ],
    "conditions": {
        "P": [
            101325
        ],
        "T": [
            1473,
            1473,
            1473,
            1473,
            1473,
            1473,
            1473,
            1473,
            1473,
            1473,
            1473,
            1473,
            1473,
            1473,
            1473,
            1473,
            1473,
            1473,
            1473,
            1473,
            1473,
            1473,
            1473,
            1473,
            1473,
            1473,
            1473,
            1473,
            1473,
            1473,
            1473,
            1473,
            1473,
            1473,
            1473,
            1473,
            1473,
            1473,
            1473,
            1473,
            1473,
            1473
        ]
    },
    "broadcast_conditions": false,
    "output": "ZPF",
    "values":
			[[["MO0.53FE0.11NI0.36",["NI","FE"],[0.29090975194696855,0.21127575194696857]],["MO0.5FE0.5HT",["NI","FE"],[0.20402829568585978,0.18786829568585983]],["MO0.5FE0.5HT",["NI","FE"],[0.011379800780225102,0.03132380078022501]]],
			[["MO0.5FE0.5HT",["NI","FE"],[0.20283227386644614,0.1897761763054704]],["MO0.53FE0.11NI0.36",["NI","FE"],[0.2882909264969934,0.2135651216189447]]],
			[["MO0.5FE0.5HT",["NI","FE"],[0.20166616536970572,0.1911079702477544]],["MO0.53FE0.11NI0.36",["NI","FE"],[0.28649661850496333,0.2154930087488658]]],
			[["MO0.5FE0.5HT",["NI","FE"],[0.2005000568729653,0.1924397641900384]],["MO0.53FE0.11NI0.36",["NI","FE"],[0.28649661850496333,0.2154930087488658]]],
			[["MO0.5FE0.5HT",["NI","FE"],[0.19933394837622487,0.19377155813232227]],["MO0.53FE0.11NI0.36",["NI","FE"],[0.28470231051293327,0.21742089587878688]]],
			[["MO0.5FE0.5HT",["NI","FE"],[0.1981678398794844,0.19510335207460638]],["MO0.53FE0.11NI0.36",["NI","FE"],[0.2829080025209032,0.21934878300870797]]],
			[["MO0.5FE0.5HT",["NI","FE"],[0.19700173138274396,0.19643514601689027]],["MO0.53FE0.11NI0.36",["NI","FE"],[0.2811136945288731,0.22127667013862906]]],
			[["MO0.5FE0.5HT",["NI","FE"],[0.19583562288600354,0.19776693995917427]],["MO0.53FE0.11NI0.36",["NI","FE"],[0.27931938653684296,0.22320455726855026]]],
			[["MO0.5FE0.5HT",["NI","FE"],[0.1946695143892631,0.19909873390145827]],["MO0.53FE0.11NI0.36",["NI","FE"],[0.2775250785448129,0.22513244439847147]]],
			[["MO0.5FE0.5HT",["NI","FE"],[0.19350340589252274,0.20043052784374216]],["MO0.53FE0.11NI0.36",["NI","FE"],[0.27573077055278283,0.22706033152839245]]],
			[["MO0.5FE0.5HT",["NI","FE"],[0.19233729739578231,0.20176232178602616]],["MO0.53FE0.11NI0.36",["NI","FE"],[0.27393646256075277,0.22898821865831365]]],
			[["MO0.5FE0.5HT",["NI","FE"],[0.1911711888990419,0.20309411572831015]],["MO0.53FE0.11NI0.36",["NI","FE"],[0.27214215456872265,0.23091610578823474]]],
			[["MO0.5FE0.5HT",["NI","FE"],[0.1900050804023014,0.20442590967059404]],["MO0.53FE0.11NI0.36",["NI","FE"],[0.27034784657669253,0.23284399291815594]]],
			[["MO0.5FE0.5HT",["NI","FE"],[0.18883897190556098,0.20575770361287804]],["MO0.53FE0.11NI0.36",["NI","FE"],[0.2685535385846624,0.23477188004807714]]],
			[["MO0.5FE0.5HT",["NI","FE"],[0.1876728634088206,0.20708949755516204]],["MO0.53FE0.11NI0.36",["NI","FE"],[0.2667592305926324,0.23669976717799823]]],
			[["MO0.5FE0.5HT",["NI","FE"],[0.18650675491208019,0.20842129149744593]],["MO0.53FE0.11NI0.36",["NI","FE"],[0.26496492260060234,0.23862765430791932]]],
			[["MO0.5FE0.5HT",["NI","FE"],[0.1853406464153397,0.20975308543973004]],["MO0.53FE0.11NI0.36",["NI","FE"],[0.26317061460857216,0.24055554143784041]]],
			[["MO0.5FE0.5HT",["NI","FE"],[0.18417453791859928,0.21108487938201392]],["MO0.53FE0.11NI0.36",["NI","FE"],[0.2613763066165421,0.24248342856776162]]],
			[["MO0.5FE0.5HT",["NI","FE"],[0.1830084294218589,0.21241667332429792]],["MO0.53FE0.11NI0.36",["NI","FE"],[0.2595819986245121,0.2444113156976826]]],
			[["MO0.5FE0.5HT",["NI","FE"],[0.18184232092511848,0.21374846726658192]],["MO0.53FE0.11NI0.36",["NI","FE"],[0.25778769063248197,0.2463392028276038]]],
			[["MO0.5FE0.5HT",["NI","FE"],[0.18067621242837806,0.2150802612088658]],["MO0.53FE0.11NI0.36",["NI","FE"],[0.25599338264045185,0.248267089957525]]],
			[["MO0.5FE0.5HT",["NI","FE"],[0.17951010393163752,0.2164120551511497]],["MO0.53FE0.11NI0.36",["NI","FE"],[0.25419907464842173,0.2501949770874461]]],
			[["MO0.5FE0.5HT",["NI","FE"],[0.1783439954348971,0.2177438490934337]],["MO0.53FE0.11NI0.36",["NI","FE"],[0.25240476665639167,0.2521228642173672]]],
			[["MO0.5FE0.5HT",["NI","FE"],[0.17717788693815673,0.2190756430357177]],["MO0.53FE0.11NI0.36",["NI","FE"],[0.2506104586643616,0.2540507513472883]]],
			[["MO0.5FE0.5HT",["NI","FE"],[0.1760117784414163,0.22040743697800158]],["MO0.53FE0.11NI0.36",["NI","FE"],[0.24881615067233154,0.2559786384772095]]],
			[["MO0.5FE0.5HT",["NI","FE"],[0.17484566994467582,0.2217392309202857]],["MO0.53FE0.11NI0.36",["NI","FE"],[0.2470218426803014,0.25790652560713057]]],
			[["MO0.5FE0.5HT",["NI","FE"],[0.1736795614479354,0.22307102486256958]],["MO0.53FE0.11NI0.36",["NI","FE"],[0.2452275346882713,0.25983441273705177]]],
			[["MO0.5FE0.5HT",["NI","FE"],[0.17251345295119497,0.22440281880485347]],["MO0.53FE0.11NI0.36",["NI","FE"],[0.24343322669624126,0.26176229986697286]]],
			[["MO0.5FE0.5HT",["NI","FE"],[0.1713473444544546,0.22573461274713758]],["MO0.53FE0.11NI0.36",["NI","FE"],[0.24163891870421111,0.26369018699689395]]],
			[["MO0.5FE0.5HT",["NI","FE"],[0.17018123595771417,0.22706640668942146]],["MO0.53FE0.11NI0.36",["NI","FE"],[0.23984461071218108,0.26561807412681515]]],
			[["MO0.5FE0.5HT",["NI","FE"],[0.1690151274609737,0.22839820063170546]],["MO0.53FE0.11NI0.36",["NI","FE"],[0.23805030272015099,0.26754596125673635]]],
			[["MO0.5FE0.5HT",["NI","FE"],[0.16784901896423327,0.22972999457398946]],["MO0.53FE0.11NI0.36",["NI","FE"],[0.23625599472812084,0.26947384838665744]]],
			[["MO0.5FE0.5HT",["NI","FE"],[0.1666829104674929,0.23106178851627335]],["MO0.53FE0.11NI0.36",["NI","FE"],[0.2344616867360908,0.27140173551657854]]],
			[["MO0.5FE0.5HT",["NI","FE"],[0.16551680197075247,0.23239358245855735]],["MO0.53FE0.11NI0.36",["NI","FE"],[0.23266737874406068,0.2733296226464996]]],
			[["MO0.5FE0.5HT",["NI","FE"],[0.16435069347401204,0.23372537640084134]],["MO0.53FE0.11NI0.36",["NI","FE"],[0.23087307075203065,0.27525750977642083]]],
			[["MO0.5FE0.5HT",["NI","FE"],[0.16318458497727156,0.23505717034312523]],["MO0.53FE0.11NI0.36",["NI","FE"],[0.22907876276000053,0.2771853969063419]]],
			[["MO0.5FE0.5HT",["NI","FE"],[0.16201847648053114,0.23638896428540923]],["MO0.53FE0.11NI0.36",["NI","FE"],[0.2272844547679704,0.2791132840362631]]],
			[["MO0.5FE0.5HT",["NI","FE"],[0.16085236798379077,0.23772075822769323]],["MO0.53FE0.11NI0.36",["NI","FE"],[0.22549014677594037,0.2810411711661842]]],
			[["MO0.5FE0.5HT",["NI","FE"],[0.15968625948705034,0.23905255216997712]],["MO0.53FE0.11NI0.36",["NI","FE"],[0.22369583878391025,0.2829690582961053]]],
			[["MO0.5FE0.5HT",["NI","FE"],[0.15852015099030986,0.24038434611226123]],["MO0.53FE0.11NI0.36",["NI","FE"],[0.22190153079188019,0.2848969454260264]]],
			[["MO0.5FE0.5HT",["NI","FE"],[0.15735404249356943,0.24171614005454511]],["MO0.53FE0.11NI0.36",["NI","FE"],[0.2201072227998501,0.2868248325559476]]],
			[["MO0.5FE0.5HT",["NI","FE"],[0.15550149944265262,0.2432874994426526]],["MO0.53FE0.11NI0.36",["NI","FE"],[0.21034352787268273,0.33656352787268273]],["MO0.53FE0.11NI0.36",["NI","FE"],[0.2163799199904247,0.2913539199904247]]]],
	"reference": "C-A58757"
}