{
    "components": [
        "FE",
        "MO",
        "NI"
    ],
    "phases": [
        "MO0.53FE0.11NI0.36",
        "MO0.5FE0.5HT",
        "(FE,NI)",
        "MO0.53FE0.11NI0.36"
    ],
    "conditions": {
        "P": [
            101325
        ],
        "T": [
            1473,
            1473,
            1473,
            1473,
            1473,
            1473,
            1473,
            1473,
            1473,
            1473,
            1473,
            1473,
            1473,
            1473,
            1473,
            1473,
            1473,
            1473,
            1473,
            1473,
            1473,
            1473,
            1473,
            1473,
            1473,
            1473,
            1473,
            1473,
            1473,
            1473,
            1473,
            1473,
            1473,
            1473,
            1473,
            1473,
            1473,
            1473,
            1473,
            1473,
            1473,
            1473
        ]
    },
    "broadcast_conditions": false,
    "output": "ZPF",
    "values":
			[[["MO0.5FE0.5HT",["NI","FE"],[0.15550149944265262,0.2432874994426526]],["MO0.53FE0.11NI0.36",["NI","FE"],[0.21034352787268273,0.33656352787268273]],["MO0.53FE0.11NI0.36",["NI","FE"],[0.2163799199904247,0.2913539199904247]]],
			[["MO0.53FE0.11NI0.36",["NI","FE"],[0.21315271201056832,0.33343559005934886]],["MO0.53FE0.11NI0.36",["NI","FE"],[0.21923054495949845,0.28990859373998623]]],
			[["MO0.53FE0.11NI0.36",["NI","FE"],[0.21534521745397633,0.3313769735515373]],["MO0.53FE0.11NI0.36",["NI","FE"],[0.22162610248913195,0.2883202000501076]]],
			[["MO0.53FE0.11NI0.36",["NI","FE"],[0.21753772289738435,0.3293183570437258]],["MO0.53FE0.11NI0.36",["NI","FE"],[0.22162610248913195,0.2883202000501076]]],
			[["MO0.53FE0.11NI0.36",["NI","FE"],[0.21973022834079234,0.32725974053591433]],["MO0.53FE0.11NI0.36",["NI","FE"],[0.2240216600187655,0.2867318063602289]]],
			[["MO0.53FE0.11NI0.36",["NI","FE"],[0.2219227337842003,0.32520112402810275]],["MO0.53FE0.11NI0.36",["NI","FE"],[0.22641721754839902,0.28514341267035026]]],
			[["MO0.53FE0.11NI0.36",["NI","FE"],[0.22411523922760831,0.3231425075202913]],["MO0.53FE0.11NI0.36",["NI","FE"],[0.22881277507803258,0.28355501898047153]]],
			[["MO0.53FE0.11NI0.36",["NI","FE"],[0.22630774467101628,0.3210838910124798]],["MO0.53FE0.11NI0.36",["NI","FE"],[0.23120833260766607,0.2819666252905929]]],
			[["MO0.53FE0.11NI0.36",["NI","FE"],[0.2285002501144243,0.3190252745046682]],["MO0.53FE0.11NI0.36",["NI","FE"],[0.2336038901372996,0.2803782316007142]]],
			[["MO0.53FE0.11NI0.36",["NI","FE"],[0.23069275555783225,0.31696665799685664]],["MO0.53FE0.11NI0.36",["NI","FE"],[0.23599944766693315,0.27878983791083556]]],
			[["MO0.53FE0.11NI0.36",["NI","FE"],[0.23288526100124027,0.31490804148904517]],["MO0.53FE0.11NI0.36",["NI","FE"],[0.23839500519656665,0.27720144422095694]]],
			[["MO0.53FE0.11NI0.36",["NI","FE"],[0.23507776644464828,0.3128494249812336]],["MO0.53FE0.11NI0.36",["NI","FE"],[0.2407905627262002,0.2756130505310783]]],
			[["MO0.53FE0.11NI0.36",["NI","FE"],[0.23727027188805624,0.3107908084734221]],["MO0.53FE0.11NI0.36",["NI","FE"],[0.24318612025583372,0.2740246568411996]]],
			[["MO0.53FE0.11NI0.36",["NI","FE"],[0.23946277733146423,0.30873219196561064]],["MO0.53FE0.11NI0.36",["NI","FE"],[0.24558167778546727,0.27243626315132086]]],
			[["MO0.53FE0.11NI0.36",["NI","FE"],[0.24165528277487225,0.30667357545779905]],["MO0.53FE0.11NI0.36",["NI","FE"],[0.24797723531510077,0.27084786946144224]]],
			[["MO0.53FE0.11NI0.36",["NI","FE"],[0.2438477882182802,0.3046149589499876]],["MO0.53FE0.11NI0.36",["NI","FE"],[0.2503727928447343,0.2692594757715636]]],
			[["MO0.53FE0.11NI0.36",["NI","FE"],[0.24604029366168823,0.302556342442176]],["MO0.53FE0.11NI0.36",["NI","FE"],[0.25276835037436785,0.2676710820816849]]],
			[["MO0.53FE0.11NI0.36",["NI","FE"],[0.24823279910509616,0.3004977259343644]],["MO0.53FE0.11NI0.36",["NI","FE"],[0.2551639079040014,0.26608268839180615]]],
			[["MO0.53FE0.11NI0.36",["NI","FE"],[0.2504253045485042,0.29843910942655283]],["MO0.53FE0.11NI0.36",["NI","FE"],[0.2575594654336349,0.26449429470192753]]],
			[["MO0.53FE0.11NI0.36",["NI","FE"],[0.25261780999191213,0.29638049291874147]],["MO0.53FE0.11NI0.36",["NI","FE"],[0.25995502296326845,0.2629059010120489]]],
			[["MO0.53FE0.11NI0.36",["NI","FE"],[0.2548103154353202,0.2943218764109299]],["MO0.53FE0.11NI0.36",["NI","FE"],[0.262350580492902,0.2613175073221703]]],
			[["MO0.53FE0.11NI0.36",["NI","FE"],[0.25700282087872817,0.2922632599031183]],["MO0.53FE0.11NI0.36",["NI","FE"],[0.26474613802253544,0.2597291136322917]]],
			[["MO0.53FE0.11NI0.36",["NI","FE"],[0.25919532632213615,0.2902046433953068]],["MO0.53FE0.11NI0.36",["NI","FE"],[0.26714169555216905,0.25814071994241283]]],
			[["MO0.53FE0.11NI0.36",["NI","FE"],[0.26138783176554414,0.28814602688749535]],["MO0.53FE0.11NI0.36",["NI","FE"],[0.26953725308180254,0.2565523262525342]]],
			[["MO0.53FE0.11NI0.36",["NI","FE"],[0.26358033720895213,0.28608741037968377]],["MO0.53FE0.11NI0.36",["NI","FE"],[0.27193281061143604,0.2549639325626556]]],
			[["MO0.53FE0.11NI0.36",["NI","FE"],[0.2657728426523601,0.2840287938718722]],["MO0.53FE0.11NI0.36",["NI","FE"],[0.27432836814106965,0.25337553887277686]]],
			[["MO0.53FE0.11NI0.36",["NI","FE"],[0.2679653480957681,0.2819701773640607]],["MO0.53FE0.11NI0.36",["NI","FE"],[0.27672392567070314,0.25178714518289813]]],
			[["MO0.53FE0.11NI0.36",["NI","FE"],[0.2701578535391761,0.27991156085624924]],["MO0.53FE0.11NI0.36",["NI","FE"],[0.27911948320033675,0.2501987514930195]]],
			[["MO0.53FE0.11NI0.36",["NI","FE"],[0.2723503589825841,0.27785294434843766]],["MO0.53FE0.11NI0.36",["NI","FE"],[0.28151504072997025,0.2486103578031409]]],
			[["MO0.53FE0.11NI0.36",["NI","FE"],[0.2745428644259921,0.2757943278406262]],["MO0.53FE0.11NI0.36",["NI","FE"],[0.28391059825960374,0.24702196411326227]]],
			[["MO0.53FE0.11NI0.36",["NI","FE"],[0.27673536986940006,0.2737357113328147]],["MO0.53FE0.11NI0.36",["NI","FE"],[0.2863061557892373,0.24543357042338343]]],
			[["MO0.53FE0.11NI0.36",["NI","FE"],[0.2789278753128081,0.27167709482500313]],["MO0.53FE0.11NI0.36",["NI","FE"],[0.2887017133188708,0.2438451767335048]]],
			[["MO0.53FE0.11NI0.36",["NI","FE"],[0.28112038075621604,0.26961847831719155]],["MO0.53FE0.11NI0.36",["NI","FE"],[0.2910972708485043,0.2422567830436262]]],
			[["MO0.53FE0.11NI0.36",["NI","FE"],[0.283312886199624,0.26755986180937996]],["MO0.53FE0.11NI0.36",["NI","FE"],[0.29349282837813784,0.24066838935374757]]],
			[["MO0.53FE0.11NI0.36",["NI","FE"],[0.285505391643032,0.2655012453015685]],["MO0.53FE0.11NI0.36",["NI","FE"],[0.2958883859077714,0.23907999566386895]]],
			[["MO0.53FE0.11NI0.36",["NI","FE"],[0.28769789708644,0.263442628793757]],["MO0.53FE0.11NI0.36",["NI","FE"],[0.29828394343740483,0.23749160197399033]]],
			[["MO0.53FE0.11NI0.36",["NI","FE"],[0.28989040252984793,0.26138401228594543]],["MO0.53FE0.11NI0.36",["NI","FE"],[0.30067950096703844,0.2359032082841115]]],
			[["MO0.53FE0.11NI0.36",["NI","FE"],[0.292082907973256,0.25932539577813396]],["MO0.53FE0.11NI0.36",["NI","FE"],[0.30307505849667193,0.23431481459423287]]],
			[["MO0.53FE0.11NI0.36",["NI","FE"],[0.29427541341666397,0.2572667792703225]],["MO0.53FE0.11NI0.36",["NI","FE"],[0.30547061602630543,0.23272642090435425]]],
			[["MO0.53FE0.11NI0.36",["NI","FE"],[0.2964679188600719,0.2552081627625109]],["MO0.53FE0.11NI0.36",["NI","FE"],[0.30786617355593904,0.23113802721447552]]],
			[["MO0.53FE0.11NI0.36",["NI","FE"],[0.29866042430347994,0.2531495462546993]],["MO0.53FE0.11NI0.36",["NI","FE"],[0.31026173108557253,0.22954963352459679]]],
			[["(FE,NI)",["NI","FE"],[0.5359892681965592,0.28748126819655917]],["MO0.53FE0.11NI0.36",["NI","FE"],[0.30119411856586964,0.2512601185658698]],["MO0.53FE0.11NI0.36",["NI","FE"],[0.31617335982922656,0.2251853598292266]]]],