{
    "components": [
        "FE",
        "MO",
        "NI"
    ],
    "phases": [
        "MO0.5FE0.5HT",
        "MO0.53FE0.11NI0.36"
    ],
    "conditions": {
        "P": [
            101325
        ],
        "T": [
            1473,
            1473,
            1473,
            1473,
            1473,
            1473,
            1473,
            1473,
            1473,
            1473,
            1473,
            1473,
            1473,
            1473,
            1473,
            1473,
            1473,
            1473,
            1473,
            1473,
            1473,
            1473,
            1473,
            1473,
            1473,
            1473,
            1473,
            1473,
            1473,
            1473,
            1473,
            1473,
            1473,
            1473,
            1473,
            1473,
            1473,
            1473,
            1473,
            1473,
            1473
        ]
    },
    "broadcast_conditions": false,
    "output": "ZPF",
    "values":
			[[["MO0.5FE0.5HT",["NI","FE"],[0.0040076337632319325,0.05685363376323194]],["MO0.53FE0.11NI0.36",["NI","FE"],[0.04633203369711145,0.5079720336971115]],["MO0.5FE0.5HT",["NI","FE"],[0.0426097434265329,0.3595417434265329]]],
			[["MO0.5FE0.5HT",["NI","FE"],[0.003513992060847959,0.058330967670604084]],["MO0.53FE0.11NI0.36",["NI","FE"],[0.0446916415113843,0.5094068610235793]]],
			[["MO0.5FE0.5HT",["NI","FE"],[0.003424428691227832,0.05847237991074006]],["MO0.53FE0.11NI0.36",["NI","FE"],[0.04357357063117945,0.5107720096555697]]],
			[["MO0.5FE0.5HT",["NI","FE"],[0.0033348653216078716,0.05861379215087614]],["MO0.53FE0.11NI0.36",["NI","FE"],[0.04357357063117945,0.5107720096555697]]],
			[["MO0.5FE0.5HT",["NI","FE"],[0.0032453019519877446,0.05875520439101223]],["MO0.53FE0.11NI0.36",["NI","FE"],[0.04245549975097454,0.5121371582875599]]],
			[["MO0.5FE0.5HT",["NI","FE"],[0.003155738582367784,0.0588966166311482]],["MO0.53FE0.11NI0.36",["NI","FE"],[0.04133742887076969,0.5135023069195501]]],
			[["MO0.5FE0.5HT",["NI","FE"],[0.003066175212747657,0.05903802887128429]],["MO0.53FE0.11NI0.36",["NI","FE"],[0.040219357990564836,0.5148674555515405]]],
			[["MO0.5FE0.5HT",["NI","FE"],[0.002976611843127641,0.05917944111142037]],["MO0.53FE0.11NI0.36",["NI","FE"],[0.039101287110359956,0.5162326041835307]]],
			[["MO0.5FE0.5HT",["NI","FE"],[0.0028870484735075697,0.059320853351556346]],["MO0.53FE0.11NI0.36",["NI","FE"],[0.03798321623015513,0.5175977528155209]]],
			[["MO0.5FE0.5HT",["NI","FE"],[0.0027974851038875537,0.05946226559169243]],["MO0.53FE0.11NI0.36",["NI","FE"],[0.036865145349950224,0.5189629014475112]]],
			[["MO0.5FE0.5HT",["NI","FE"],[0.0027079217342674267,0.05960367783182852]],["MO0.53FE0.11NI0.36",["NI","FE"],[0.03574707446974537,0.5203280500795014]]],
			[["MO0.5FE0.5HT",["NI","FE"],[0.002618358364647466,0.05974509007196449]],["MO0.53FE0.11NI0.36",["NI","FE"],[0.03462900358954049,0.5216931987114917]]],
			[["MO0.5FE0.5HT",["NI","FE"],[0.002528794995027339,0.059886502312100576]],["MO0.53FE0.11NI0.36",["NI","FE"],[0.03351093270933567,0.523058347343482]]],
			[["MO0.5FE0.5HT",["NI","FE"],[0.0024392316254073787,0.06002791455223666]],["MO0.53FE0.11NI0.36",["NI","FE"],[0.032392861829130815,0.5244234959754722]]],
			[["MO0.5FE0.5HT",["NI","FE"],[0.0023496682557873627,0.060169326792372635]],["MO0.53FE0.11NI0.36",["NI","FE"],[0.03127479094892591,0.5257886446074626]]],
			[["MO0.5FE0.5HT",["NI","FE"],[0.0022601048861672357,0.06031073903250872]],["MO0.53FE0.11NI0.36",["NI","FE"],[0.030156720068721027,0.5271537932394528]]],
			[["MO0.5FE0.5HT",["NI","FE"],[0.0021705415165472752,0.060452151272644805]],["MO0.53FE0.11NI0.36",["NI","FE"],[0.029038649188516202,0.528518941871443]]],
			[["MO0.5FE0.5HT",["NI","FE"],[0.0020809781469271482,0.06059356351278078]],["MO0.53FE0.11NI0.36",["NI","FE"],[0.02792057830831135,0.5298840905034332]]],
			[["MO0.5FE0.5HT",["NI","FE"],[0.0019914147773071322,0.060734975752916864]],["MO0.53FE0.11NI0.36",["NI","FE"],[0.026802507428106442,0.5312492391354235]]],
			[["MO0.5FE0.5HT",["NI","FE"],[0.0019018514076870607,0.06087638799305295]],["MO0.53FE0.11NI0.36",["NI","FE"],[0.02568443654790159,0.5326143877674138]]],
			[["MO0.5FE0.5HT",["NI","FE"],[0.0018122880380670447,0.061017800233188924]],["MO0.53FE0.11NI0.36",["NI","FE"],[0.02456636566769671,0.533979536399404]]],
			[["MO0.5FE0.5HT",["NI","FE"],[0.0017227246684469733,0.06115921247332512]],["MO0.53FE0.11NI0.36",["NI","FE"],[0.023448294787491886,0.5353446850313943]]],
			[["MO0.5FE0.5HT",["NI","FE"],[0.0016331612988269573,0.061300624713461094]],["MO0.53FE0.11NI0.36",["NI","FE"],[0.022330223907287006,0.5367098336633845]]],
			[["MO0.5FE0.5HT",["NI","FE"],[0.0015435979292068303,0.06144203695359707]],["MO0.53FE0.11NI0.36",["NI","FE"],[0.021212153027082126,0.5380749822953748]]],
			[["MO0.5FE0.5HT",["NI","FE"],[0.0014540345595868698,0.061583449193733264]],["MO0.53FE0.11NI0.36",["NI","FE"],[0.020094082146877273,0.5394401309273651]]],
			[["MO0.5FE0.5HT",["NI","FE"],[0.0013644711899667428,0.06172486143386924]],["MO0.53FE0.11NI0.36",["NI","FE"],[0.01897601126667245,0.5408052795593553]]],
			[["MO0.5FE0.5HT",["NI","FE"],[0.0012749078203467268,0.06186627367400521]],["MO0.53FE0.11NI0.36",["NI","FE"],[0.01785794038646754,0.5421704281913455]]],
			[["MO0.5FE0.5HT",["NI","FE"],[0.0011853444507266553,0.06200768591414141]],["MO0.53FE0.11NI0.36",["NI","FE"],[0.01673986950626269,0.5435355768233359]]],
			[["MO0.5FE0.5HT",["NI","FE"],[0.0010957810811066393,0.06214909815427738]],["MO0.53FE0.11NI0.36",["NI","FE"],[0.015621798626057837,0.5449007254553261]]],
			[["MO0.5FE0.5HT",["NI","FE"],[0.0010062177114866788,0.06229051039441347]],["MO0.53FE0.11NI0.36",["NI","FE"],[0.014503727745852929,0.5462658740873163]]],
			[["MO0.5FE0.5HT",["NI","FE"],[0.0009166543418665518,0.06243192263454955]],["MO0.53FE0.11NI0.36",["NI","FE"],[0.013385656865648105,0.5476310227193066]]],
			[["MO0.5FE0.5HT",["NI","FE"],[0.0008270909722465358,0.06257333487468553]],["MO0.53FE0.11NI0.36",["NI","FE"],[0.012267585985443225,0.5489961713512969]]],
			[["MO0.5FE0.5HT",["NI","FE"],[0.0007375276026264643,0.06271474711482161]],["MO0.53FE0.11NI0.36",["NI","FE"],[0.011149515105238372,0.5503613199832871]]],
			[["MO0.5FE0.5HT",["NI","FE"],[0.0006479642330064483,0.0628561593549577]],["MO0.53FE0.11NI0.36",["NI","FE"],[0.010031444225033492,0.5517264686152774]]],
			[["MO0.5FE0.5HT",["NI","FE"],[0.0005584008633863213,0.06299757159509367]],["MO0.53FE0.11NI0.36",["NI","FE"],[0.00891337334482864,0.5530916172472676]]],
			[["MO0.5FE0.5HT",["NI","FE"],[0.00046883749376636086,0.06313898383522976]],["MO0.53FE0.11NI0.36",["NI","FE"],[0.00779530246462376,0.554456765879258]]],
			[["MO0.5FE0.5HT",["NI","FE"],[0.00037927412414623385,0.06328039607536584]],["MO0.53FE0.11NI0.36",["NI","FE"],[0.006677231584418908,0.5558219145112482]]],
			[["MO0.5FE0.5HT",["NI","FE"],[0.0002897107545262734,0.06342180831550182]],["MO0.53FE0.11NI0.36",["NI","FE"],[0.005559160704214028,0.5571870631432384]]],
			[["MO0.5FE0.5HT",["NI","FE"],[0.00020014738490614636,0.0635632205556379]],["MO0.53FE0.11NI0.36",["NI","FE"],[0.004441089824009176,0.5585522117752286]]],
			[["MO0.5FE0.5HT",["NI","FE"],[0.00011058401528613038,0.06370463279577399]],["MO0.53FE0.11NI0.36",["NI","FE"],[0.0033230189438043234,0.559917360407219]]],
			[["MO0.5FE0.5HT",["NI","FE"],[0,0.06384604503590996]],["MO0.53FE0.11NI0.36",["NI","FE"],[0.002204948063599471,0.5612825090392092]]]],
	"reference": "C-A58757"
}