{
    "components": [
        "FE",
        "MO",
        "NI"
    ],
    "phases": [
        "MO7NI7",
        "MO0.53FE0.11NI0.36",
        "(FE,NI)",
        "MO0.5FE0.5HT"
    ],
    "conditions": {
        "P": [
            101325
        ],
        "T": [
            1473,
            1473,
            1473,
            1473,
            1473,
            1473,
            1473,
            1473,
            1473,
            1473,
            1473,
            1473,
            1473,
            1473,
            1473,
            1473,
            1473,
            1473,
            1473,
            1473,
            1473,
            1473,
            1473,
            1473,
            1473,
            1473,
            1473,
            1473,
            1473,
            1473,
            1473,
            1473,
            1473,
            1473,
            1473,
            1473,
            1473,
            1473,
            1473,
            1473,
            1473,
            1473
        ]
    },
    "broadcast_conditions": false,
    "output": "ZPF",
    "values":
			[[["MO0.53FE0.11NI0.36",["NI","FE"],[0.44504297186636954,0.07395497186636946]],["MO7NI7",["NI","FE"],[0.4756231399098257,0.04892313990982555]],["(FE,NI)",["NI","FE"],[0.6751005136148008,0.07574051361480105]]],
			[["MO7NI7",["NI","FE"],[0.47448644539560914,0.048895079541950714]],["MO0.53FE0.11NI0.36",["NI","FE"],[0.4448967346346776,0.07311258829321432]]],
			[["MO7NI7",["NI","FE"],[0.4741557465240632,0.04867301481674602]],["MO0.53FE0.11NI0.36",["NI","FE"],[0.4445674264036628,0.0728851337207359]]],
			[["MO7NI7",["NI","FE"],[0.4738250476525172,0.048450950091541545]],["MO0.53FE0.11NI0.36",["NI","FE"],[0.4445674264036628,0.0728851337207359]]],
			[["MO7NI7",["NI","FE"],[0.4734943487809713,0.04822888536633707]],["MO0.53FE0.11NI0.36",["NI","FE"],[0.4442381181726479,0.07265767914825771]]],
			[["MO7NI7",["NI","FE"],[0.4731636499094252,0.0480068206411326]],["MO0.53FE0.11NI0.36",["NI","FE"],[0.44390880994163295,0.07243022457577952]]],
			[["MO7NI7",["NI","FE"],[0.47283295103787926,0.04778475591592812]],["MO0.53FE0.11NI0.36",["NI","FE"],[0.4435795017106182,0.072202770003301]]],
			[["MO7NI7",["NI","FE"],[0.47250225216633335,0.04756269119072365]],["MO0.53FE0.11NI0.36",["NI","FE"],[0.44325019347960326,0.07197531543082292]]],
			[["MO7NI7",["NI","FE"],[0.4721715532947873,0.047340626465519176]],["MO0.53FE0.11NI0.36",["NI","FE"],[0.4429208852485884,0.07174786085834461]]],
			[["MO7NI7",["NI","FE"],[0.4718408544232414,0.04711856174031448]],["MO0.53FE0.11NI0.36",["NI","FE"],[0.44259157701757357,0.07152040628586631]]],
			[["MO7NI7",["NI","FE"],[0.47151015555169545,0.046896497015110006]],["MO0.53FE0.11NI0.36",["NI","FE"],[0.4422622687865587,0.07129295171338801]]],
			[["MO7NI7",["NI","FE"],[0.4711794566801495,0.04667443228990553]],["MO0.53FE0.11NI0.36",["NI","FE"],[0.44193296055554376,0.0710654971409097]]],
			[["MO7NI7",["NI","FE"],[0.47084875780860347,0.04645236756470106]],["MO0.53FE0.11NI0.36",["NI","FE"],[0.4416036523245289,0.0708380425684314]]],
			[["MO7NI7",["NI","FE"],[0.47051805893705745,0.046230302839496584]],["MO0.53FE0.11NI0.36",["NI","FE"],[0.44127434409351407,0.0706105879959531]]],
			[["MO7NI7",["NI","FE"],[0.4701873600655115,0.04600823811429211]],["MO0.53FE0.11NI0.36",["NI","FE"],[0.44094503586249917,0.0703831334234748]]],
			[["MO7NI7",["NI","FE"],[0.4698566611939655,0.045786173389087526]],["MO0.53FE0.11NI0.36",["NI","FE"],[0.44061572763148427,0.0701556788509966]]],
			[["MO7NI7",["NI","FE"],[0.4695259623224196,0.04556410866388294]],["MO0.53FE0.11NI0.36",["NI","FE"],[0.4402864194004695,0.06992822427851819]]],
			[["MO7NI7",["NI","FE"],[0.4691952634508736,0.04534204393867847]],["MO0.53FE0.11NI0.36",["NI","FE"],[0.4399571111694546,0.06970076970604]]],
			[["MO7NI7",["NI","FE"],[0.4688645645793277,0.04511997921347399]],["MO0.53FE0.11NI0.36",["NI","FE"],[0.43962780293843967,0.06947331513356181]]],
			[["MO7NI7",["NI","FE"],[0.4685338657077817,0.04489791448826952]],["MO0.53FE0.11NI0.36",["NI","FE"],[0.4392984947074249,0.0692458605610834]]],
			[["MO7NI7",["NI","FE"],[0.46820316683623575,0.044675849763064934]],["MO0.53FE0.11NI0.36",["NI","FE"],[0.43896918647641,0.0690184059886052]]],
			[["MO7NI7",["NI","FE"],[0.4678724679646897,0.04445378503786057]],["MO0.53FE0.11NI0.36",["NI","FE"],[0.4386398782453951,0.0687909514161269]]],
			[["MO7NI7",["NI","FE"],[0.4675417690931437,0.0442317203126561]],["MO0.53FE0.11NI0.36",["NI","FE"],[0.43831057001438023,0.0685634968436486]]],
			[["MO7NI7",["NI","FE"],[0.4672110702215978,0.0440096555874514]],["MO0.53FE0.11NI0.36",["NI","FE"],[0.4379812617833654,0.0683360422711703]]],
			[["MO7NI7",["NI","FE"],[0.4668803713500518,0.04378759086224693]],["MO0.53FE0.11NI0.36",["NI","FE"],[0.4376519535523504,0.06810858769869199]]],
			[["MO7NI7",["NI","FE"],[0.4665496724785059,0.043565526137042454]],["MO0.53FE0.11NI0.36",["NI","FE"],[0.4373226453213357,0.06788113312621369]]],
			[["MO7NI7",["NI","FE"],[0.4662189736069599,0.04334346141183798]],["MO0.53FE0.11NI0.36",["NI","FE"],[0.43699333709032073,0.06765367855373539]]],
			[["MO7NI7",["NI","FE"],[0.46588827473541394,0.043121396686633506]],["MO0.53FE0.11NI0.36",["NI","FE"],[0.4366640288593059,0.06742622398125708]]],
			[["MO7NI7",["NI","FE"],[0.46555757586386803,0.04289933196142881]],["MO0.53FE0.11NI0.36",["NI","FE"],[0.43633472062829104,0.06719876940877878]]],
			[["MO7NI7",["NI","FE"],[0.4652268769923219,0.04267726723622456]],["MO0.53FE0.11NI0.36",["NI","FE"],[0.4360054123972762,0.06697131483630048]]],
			[["MO7NI7",["NI","FE"],[0.464896178120776,0.042455202511019974]],["MO0.53FE0.11NI0.36",["NI","FE"],[0.43567610416626124,0.06674386026382229]]],
			[["MO7NI7",["NI","FE"],[0.46456547924923,0.04223313778581539]],["MO0.53FE0.11NI0.36",["NI","FE"],[0.43534679593524644,0.06651640569134387]]],
			[["MO7NI7",["NI","FE"],[0.46423478037768406,0.042011073060610915]],["MO0.53FE0.11NI0.36",["NI","FE"],[0.43501748770423154,0.06628895111886568]]],
			[["MO7NI7",["NI","FE"],[0.4639040815061381,0.04178900833540644]],["MO0.53FE0.11NI0.36",["NI","FE"],[0.43468817947321664,0.06606149654638749]]],
			[["MO7NI7",["NI","FE"],[0.46357338263459213,0.041566943610201856]],["MO0.53FE0.11NI0.36",["NI","FE"],[0.43435887124220174,0.06583404197390919]]],
			[["MO7NI7",["NI","FE"],[0.46324268376304617,0.04134487888499727]],["MO0.53FE0.11NI0.36",["NI","FE"],[0.43402956301118695,0.06560658740143088]]],
			[["MO7NI7",["NI","FE"],[0.4629119848915002,0.0411228141597928]],["MO0.53FE0.11NI0.36",["NI","FE"],[0.43370025478017205,0.06537913282895258]]],
			[["MO7NI7",["NI","FE"],[0.4625812860199542,0.040900749434588324]],["MO0.53FE0.11NI0.36",["NI","FE"],[0.43337094654915714,0.06515167825647428]]],
			[["MO7NI7",["NI","FE"],[0.46225058714840817,0.04067868470938385]],["MO0.53FE0.11NI0.36",["NI","FE"],[0.43304163831814235,0.06492422368399597]]],
			[["MO7NI7",["NI","FE"],[0.46191988827686226,0.040456619984179376]],["MO0.53FE0.11NI0.36",["NI","FE"],[0.43271233008712745,0.06469676911151767]]],
			[["MO7NI7",["NI","FE"],[0.4615891894053163,0.0402345552589749]],["MO0.53FE0.11NI0.36",["NI","FE"],[0.43238302185611255,0.06446931453903948]]],
			[["MO7NI7",["NI","FE"],[0.46144113888336263,0.03939913888336255]],["MO0.53FE0.11NI0.36",["NI","FE"],[0.43092225505087395,0.06420225505087407]],["MO0.5FE0.5HT",["NI","FE"],[0.013430723813338041,0.007752723813337914]]]],
	"reference": "C-A58757"
}