{
    "components": [
        "FE",
        "MO",
        "NI"
    ],
    "phases": [
        "MO7NI7",
        "MO0.5FE0.5HT",
        "MO0.53FE0.11NI0.36"
    ],
    "conditions": {
        "P": [
            101325
        ],
        "T": [
            1473,
            1473,
            1473,
            1473,
            1473,
            1473,
            1473,
            1473,
            1473,
            1473,
            1473,
            1473,
            1473,
            1473,
            1473,
            1473,
            1473,
            1473,
            1473,
            1473,
            1473,
            1473,
            1473,
            1473,
            1473,
            1473,
            1473,
            1473,
            1473,
            1473,
            1473,
            1473,
            1473,
            1473,
            1473,
            1473,
            1473,
            1473,
            1473,
            1473,
            1473
        ]
    },
    "broadcast_conditions": false,
    "output": "ZPF",
    "values":
			[[["MO7NI7",["NI","FE"],[0.46144113888336263,0.03939913888336255]],["MO0.53FE0.11NI0.36",["NI","FE"],[0.43092225505087395,0.06420225505087407]],["MO0.5FE0.5HT",["NI","FE"],[0.013430723813338041,0.007752723813337914]]],
			[["MO7NI7",["NI","FE"],[0.46222731706762904,0.037928195116409436]],["MO0.5FE0.5HT",["NI","FE"],[0.013906114843889705,0.007089285575597071]]],
			[["MO7NI7",["NI","FE"],[0.4630371592794913,0.03698091537705239]],["MO0.5FE0.5HT",["NI","FE"],[0.013893505874441436,0.0069138473378560494]]],
			[["MO7NI7",["NI","FE"],[0.4638470014913536,0.03603363563769513]],["MO0.5FE0.5HT",["NI","FE"],[0.013893505874441436,0.0069138473378560494]]],
			[["MO7NI7",["NI","FE"],[0.46465684370321597,0.03508635589833786]],["MO0.5FE0.5HT",["NI","FE"],[0.013880896904993167,0.006738409100115139]]],
			[["MO7NI7",["NI","FE"],[0.4654666859150783,0.0341390761589806]],["MO0.5FE0.5HT",["NI","FE"],[0.013868287935544954,0.006562970862374229]]],
			[["MO7NI7",["NI","FE"],[0.46627652812694054,0.033191796419623554]],["MO0.5FE0.5HT",["NI","FE"],[0.01385567896609663,0.006387532624633208]]],
			[["MO7NI7",["NI","FE"],[0.4670863703388029,0.03224451668026629]],["MO0.5FE0.5HT",["NI","FE"],[0.01384306999664836,0.006212094386892186]]],
			[["MO7NI7",["NI","FE"],[0.4678962125506652,0.03129723694090902]],["MO0.5FE0.5HT",["NI","FE"],[0.013830461027200147,0.006036656149151387]]],
			[["MO7NI7",["NI","FE"],[0.4687060547625274,0.03034995720155198]],["MO0.5FE0.5HT",["NI","FE"],[0.013817852057751823,0.005861217911410366]]],
			[["MO7NI7",["NI","FE"],[0.4695158969743898,0.029402677462194715]],["MO0.5FE0.5HT",["NI","FE"],[0.01380524308830361,0.0056857796736693444]]],
			[["MO7NI7",["NI","FE"],[0.47032573918625215,0.02845539772283745]],["MO0.5FE0.5HT",["NI","FE"],[0.01379263411885534,0.005510341435928434]]],
			[["MO7NI7",["NI","FE"],[0.47113558139811434,0.027508117983480407]],["MO0.5FE0.5HT",["NI","FE"],[0.01378002514940696,0.005334903198187524]]],
			[["MO7NI7",["NI","FE"],[0.47194542360997666,0.02656083824412314]],["MO0.5FE0.5HT",["NI","FE"],[0.013767416179958691,0.005159464960446614]]],
			[["MO7NI7",["NI","FE"],[0.472755265821839,0.025613558504765876]],["MO0.5FE0.5HT",["NI","FE"],[0.013754807210510422,0.004984026722705703]]],
			[["MO7NI7",["NI","FE"],[0.4735651080337014,0.02466627876540861]],["MO0.5FE0.5HT",["NI","FE"],[0.013742198241062153,0.004808588484964682]]],
			[["MO7NI7",["NI","FE"],[0.4743749502455636,0.023718999026051568]],["MO0.5FE0.5HT",["NI","FE"],[0.013729589271613885,0.004633150247223661]]],
			[["MO7NI7",["NI","FE"],[0.47518479245742595,0.022771719286694303]],["MO0.5FE0.5HT",["NI","FE"],[0.013716980302165671,0.0044577120094828615]]],
			[["MO7NI7",["NI","FE"],[0.47599463466928826,0.021824439547337038]],["MO0.5FE0.5HT",["NI","FE"],[0.013704371332717347,0.00428227377174184]]],
			[["MO7NI7",["NI","FE"],[0.4768044768811505,0.020877159807979995]],["MO0.5FE0.5HT",["NI","FE"],[0.013691762363269078,0.004106835534000819]]],
			[["MO7NI7",["NI","FE"],[0.47761431909301283,0.01992988006862273]],["MO0.5FE0.5HT",["NI","FE"],[0.013679153393820864,0.003931397296259909]]],
			[["MO7NI7",["NI","FE"],[0.4784241613048752,0.018982600329265464]],["MO0.5FE0.5HT",["NI","FE"],[0.01366654442437254,0.0037559590585188873]]],
			[["MO7NI7",["NI","FE"],[0.4792340035167375,0.0180353205899082]],["MO0.5FE0.5HT",["NI","FE"],[0.013653935454924326,0.003580520820777977]]],
			[["MO7NI7",["NI","FE"],[0.48004384572859976,0.017088040850551156]],["MO0.5FE0.5HT",["NI","FE"],[0.013641326485476002,0.0034050825830369558]]],
			[["MO7NI7",["NI","FE"],[0.48085368794046207,0.01614076111119389]],["MO0.5FE0.5HT",["NI","FE"],[0.013628717516027788,0.0032296443452960455]]],
			[["MO7NI7",["NI","FE"],[0.48166353015232444,0.015193481371836626]],["MO0.5FE0.5HT",["NI","FE"],[0.01361610854657952,0.0030542061075551352]]],
			[["MO7NI7",["NI","FE"],[0.48247337236418664,0.014246201632479472]],["MO0.5FE0.5HT",["NI","FE"],[0.013603499577131195,0.002878767869814114]]],
			[["MO7NI7",["NI","FE"],[0.483283214576049,0.013298921893122317]],["MO0.5FE0.5HT",["NI","FE"],[0.013590890607682982,0.0027033296320730926]]],
			[["MO7NI7",["NI","FE"],[0.48409305678791137,0.012351642153765052]],["MO0.5FE0.5HT",["NI","FE"],[0.013578281638234713,0.0025278913943321824]]],
			[["MO7NI7",["NI","FE"],[0.4849028989997737,0.011404362414407787]],["MO0.5FE0.5HT",["NI","FE"],[0.013565672668786444,0.002352453156591272]]],
			[["MO7NI7",["NI","FE"],[0.4857127412116359,0.010457082675050633]],["MO0.5FE0.5HT",["NI","FE"],[0.013553063699338175,0.0021770149188502508]]],
			[["MO7NI7",["NI","FE"],[0.48652258342349824,0.009509802935693479]],["MO0.5FE0.5HT",["NI","FE"],[0.013540454729889906,0.0020015766811092295]]],
			[["MO7NI7",["NI","FE"],[0.4873324256353606,0.008562523196336214]],["MO0.5FE0.5HT",["NI","FE"],[0.013527845760441526,0.0018261384433684302]]],
			[["MO7NI7",["NI","FE"],[0.4881422678472228,0.0076152434569790595]],["MO0.5FE0.5HT",["NI","FE"],[0.013515236790993257,0.001650700205627409]]],
			[["MO7NI7",["NI","FE"],[0.4889521100590851,0.006667963717621794]],["MO0.5FE0.5HT",["NI","FE"],[0.013502627821545043,0.0014752619678866097]]],
			[["MO7NI7",["NI","FE"],[0.4897619522709475,0.00572068397826464]],["MO0.5FE0.5HT",["NI","FE"],[0.013490018852096719,0.0012998237301455884]]],
			[["MO7NI7",["NI","FE"],[0.49057179448280974,0.004773404238907486]],["MO0.5FE0.5HT",["NI","FE"],[0.013477409882648506,0.001124385492404567]]],
			[["MO7NI7",["NI","FE"],[0.49138163669467205,0.003826124499550221]],["MO0.5FE0.5HT",["NI","FE"],[0.013464800913200237,0.0009489472546636568]]],
			[["MO7NI7",["NI","FE"],[0.4921914789065344,0.0028788447601930667]],["MO0.5FE0.5HT",["NI","FE"],[0.013452191943751912,0.0007735090169226355]]],
			[["MO7NI7",["NI","FE"],[0.4930013211183968,0.0019315650208358015]],["MO0.5FE0.5HT",["NI","FE"],[0.013439582974303699,0.0005980707791817252]]],
			[["MO7NI7",["NI","FE"],[0.493811163330259,0.0009842852814786474]],["MO0.5FE0.5HT",["NI","FE"],[0.01342697400485543,0.00042263254144070395]]]],
	"reference": "C-A58757"
}