{
    "components": [
        "FE",
        "MO",
        "NI"
    ],
    "phases": [
        "MO0.38FE0.62HT",
        "(FE,NI)",
        "MO0.53FE0.11NI0.36"
    ],
    "conditions": {
        "P": [
            101325
        ],
        "T": [
            1473,
            1473,
            1473,
            1473,
            1473,
            1473,
            1473,
            1473,
            1473,
            1473,
            1473,
            1473,
            1473,
            1473,
            1473,
            1473,
            1473,
            1473,
            1473,
            1473,
            1473,
            1473,
            1473,
            1473,
            1473,
            1473,
            1473,
            1473,
            1473,
            1473,
            1473,
            1473,
            1473,
            1473,
            1473,
            1473,
            1473,
            1473,
            1473,
            1473,
            1473
        ]
    },
    "broadcast_conditions": false,
    "output": "ZPF",
    "values":
			[[["MO0.53FE0.11NI0.36",["NI","FE"],[0.03951772644812776,0.5521097264481277]],["(FE,NI)",["NI","FE"],[0.12212917947206138,0.7669091794720614]],["MO0.38FE0.62HT",["NI","FE"],[0.08519902795966533,0.7730730279596654]]],
			[["MO0.38FE0.62HT",["NI","FE"],[0.08392552090490953,0.7784853290357281]],["(FE,NI)",["NI","FE"],[0.1190455883703504,0.7727845085106083]]],
			[["MO0.38FE0.62HT",["NI","FE"],[0.08233712848002586,0.7834827447416629]],["(FE,NI)",["NI","FE"],[0.11666302097069295,0.7780748612512088]]],
			[["MO0.38FE0.62HT",["NI","FE"],[0.08072134365082193,0.7884859536468449]],["(FE,NI)",["NI","FE"],[0.11666302097069295,0.7780748612512088]]],
			[["MO0.38FE0.62HT",["NI","FE"],[0.07908163420160344,0.7934942223521464]],["(FE,NI)",["NI","FE"],[0.11424625508564132,0.7833671323301616]]],
			[["MO0.38FE0.62HT",["NI","FE"],[0.07744192475238493,0.798502491057448]],["(FE,NI)",["NI","FE"],[0.1117946845886776,0.7886613557476783]]],
			[["MO0.38FE0.62HT",["NI","FE"],[0.0757498176338842,0.8035212936180582]],["(FE,NI)",["NI","FE"],[0.10934311409171385,0.7939555791651949]]],
			[["MO0.38FE0.62HT",["NI","FE"],[0.07405673559785608,0.8085402921728855]],["(FE,NI)",["NI","FE"],[0.10682699716368851,0.799252366243304]]],
			[["MO0.38FE0.62HT",["NI","FE"],[0.0723385422933217,0.8135640617113158]],["(FE,NI)",["NI","FE"],[0.10430483289801792,0.8045493935100797]]],
			[["MO0.38FE0.62HT",["NI","FE"],[0.07058949439930048,0.8185936934283327]],["(FE,NI)",["NI","FE"],[0.10175692030516417,0.8098470035005669]]],
			[["MO0.38FE0.62HT",["NI","FE"],[0.0688404465052793,0.8236233251453494]],["(FE,NI)",["NI","FE"],[0.09916315260806083,0.8151456512616382]]],
			[["MO0.38FE0.62HT",["NI","FE"],[0.0670367052265547,0.8286627082071577]],["(FE,NI)",["NI","FE"],[0.09656938491095747,0.8204442990227094]]],
			[["MO0.38FE0.62HT",["NI","FE"],[0.06522919395223056,0.8337027634257022]],["(FE,NI)",["NI","FE"],[0.09391518411545459,0.8257432391903337]]],
			[["MO0.38FE0.62HT",["NI","FE"],[0.06339503906028801,0.8387472410176451]],["(FE,NI)",["NI","FE"],[0.09124867901589077,0.831042238892538]]],
			[["MO0.38FE0.62HT",["NI","FE"],[0.06152725829517079,0.8437972999149932]],["(FE,NI)",["NI","FE"],[0.08855786803305662,0.8363409036131848]]],
			[["MO0.38FE0.62HT",["NI","FE"],[0.05965947753005358,0.8488473588123413]],["(FE,NI)",["NI","FE"],[0.08581709986226804,0.8416388798282357]]],
			[["MO0.38FE0.62HT",["NI","FE"],[0.05773011897937996,0.8539068365277334]],["(FE,NI)",["NI","FE"],[0.08307633169147943,0.8469368560432866]]],
			[["MO0.38FE0.62HT",["NI","FE"],[0.055798812569405394,0.8589666121838869]],["(FE,NI)",["NI","FE"],[0.08027199226975684,0.8522327190465042]]],
			[["MO0.38FE0.62HT",["NI","FE"],[0.0538336049355631,0.8640311054911185]],["(FE,NI)",["NI","FE"],[0.07745624055008433,0.8575282026863664]]],
			[["MO0.38FE0.62HT",["NI","FE"],[0.051836748994646,0.8691000029364004]],["(FE,NI)",["NI","FE"],[0.07461074176035479,0.8628220938177817]]],
			[["MO0.38FE0.62HT",["NI","FE"],[0.049834005058577935,0.8741696340133408]],["(FE,NI)",["NI","FE"],[0.07171904717379825,0.8681135118586872]]],
			[["MO0.38FE0.62HT",["NI","FE"],[0.04776885853780932,0.87924704031946]],["(FE,NI)",["NI","FE"],[0.0688273525872417,0.8734049298995927]]],
			[["MO0.38FE0.62HT",["NI","FE"],[0.04570371201704068,0.8843244466255792]],["(FE,NI)",["NI","FE"],[0.06586195117352248,0.8786908368256503]]],
			[["MO0.38FE0.62HT",["NI","FE"],[0.04359055683806786,0.8894070935291959]],["(FE,NI)",["NI","FE"],[0.06289333668313447,0.8839765035075512]]],
			[["MO0.38FE0.62HT",["NI","FE"],[0.041454460974471696,0.8944922446247423]],["(FE,NI)",["NI","FE"],[0.059882282321260465,0.8892580531615424]]],
			[["MO0.38FE0.62HT",["NI","FE"],[0.039297120859075774,0.8995793671589878]],["(FE,NI)",["NI","FE"],[0.056835970340978065,0.8945361825271602]]],
			[["MO0.38FE0.62HT",["NI","FE"],[0.037087434025446044,0.9046713474000179]],["(FE,NI)",["NI","FE"],[0.05377753171557459,0.8998128531310868]]],
			[["MO0.38FE0.62HT",["NI","FE"],[0.03487774719181631,0.9097633276410481]],["(FE,NI)",["NI","FE"],[0.05065287189928612,0.905081557728304]]],
			[["MO0.38FE0.62HT",["NI","FE"],[0.032597716784194125,0.9148606153754958]],["(FE,NI)",["NI","FE"],[0.047528212082997665,0.9103502623255212]]],
			[["MO0.38FE0.62HT",["NI","FE"],[0.0303117706362166,0.919958349458504]],["(FE,NI)",["NI","FE"],[0.04434182614816459,0.9156100361140281]]],
			[["MO0.38FE0.62HT",["NI","FE"],[0.027980174700366824,0.9250586871135534]],["(FE,NI)",["NI","FE"],[0.041138328811130644,0.9208673341489412]]],
			[["MO0.38FE0.62HT",["NI","FE"],[0.02561524767972508,0.9301609257605792]],["(FE,NI)",["NI","FE"],[0.03790077060647881,0.92611883312508]]],
			[["MO0.38FE0.62HT",["NI","FE"],[0.023229447658613917,0.935263946128033]],["(FE,NI)",["NI","FE"],[0.034618006580357574,0.9313626355498985]]],
			[["MO0.38FE0.62HT",["NI","FE"],[0.020782790917504478,0.9403692456570893]],["(FE,NI)",["NI","FE"],[0.03132777314096996,0.9366049658594565]]],
			[["MO0.38FE0.62HT",["NI","FE"],[0.018336134176395034,0.9454745451861457]],["(FE,NI)",["NI","FE"],[0.027965517336766565,0.9418331015839025]]],
			[["MO0.38FE0.62HT",["NI","FE"],[0.015808920951149975,0.9505811829280502]],["(FE,NI)",["NI","FE"],[0.02460326153256316,0.9470612373083486]]],
			[["MO0.38FE0.62HT",["NI","FE"],[0.013277875001177662,0.9556878843395838]],["(FE,NI)",["NI","FE"],[0.02117930324374582,0.9522754738628701]]],
			[["MO0.38FE0.62HT",["NI","FE"],[0.010688010323093572,0.9607942567799609]],["(FE,NI)",["NI","FE"],[0.017737400391423797,0.9574856682051707]]],
			[["MO0.38FE0.62HT",["NI","FE"],[0.008069877497551883,0.9659004711175454]],["(FE,NI)",["NI","FE"],[0.014258014827575612,0.9626863088423259]]],
			[["MO0.38FE0.62HT",["NI","FE"],[0.005414283567265636,0.9710055881902864]],["(FE,NI)",["NI","FE"],[0.010736492302940777,0.967876209485423]]],
			[["MO0.38FE0.62HT",["NI","FE"],[0.0027064631985867713,0.9761091755100971]],["(FE,NI)",["NI","FE"],[0.007200596441285368,0.9730619988100643]]]],
	"reference": "C-A58757"
}