{
    "components": [
        "FE",
        "MO",
        "NI"
    ],
    "phases": [
        "MO0.53FE0.11NI0.36",
        "(FE,NI)",
        "MO7NI7",
        "MO0.53FE0.11NI0.36"
    ],
    "conditions": {
        "P": [
            101325
        ],
        "T": [
            1473,
            1473,
            1473,
            1473,
            1473,
            1473,
            1473,
            1473,
            1473,
            1473,
            1473,
            1473,
            1473,
            1473,
            1473,
            1473,
            1473,
            1473,
            1473,
            1473,
            1473,
            1473,
            1473,
            1473,
            1473,
            1473,
            1473,
            1473,
            1473,
            1473,
            1473,
            1473,
            1473,
            1473,
            1473,
            1473,
            1473,
            1473,
            1473,
            1473,
            1473,
            1473
        ]
    },
    "broadcast_conditions": false,
    "output": "ZPF",
    "values":
			[[["MO0.53FE0.11NI0.36",["NI","FE"],[0.44504297186636954,0.07395497186636946]],["MO7NI7",["NI","FE"],[0.4756231399098257,0.04892313990982555]],["(FE,NI)",["NI","FE"],[0.6751005136148008,0.07574051361480105]]],
			[["MO0.53FE0.11NI0.36",["NI","FE"],[0.4419570762201037,0.07812927134205494]],["(FE,NI)",["NI","FE"],[0.6711424659304506,0.08141425798942792]]],
			[["MO0.53FE0.11NI0.36",["NI","FE"],[0.4388320938965111,0.08179648414041374]],["(FE,NI)",["NI","FE"],[0.6679362806047835,0.08658786472273827]]],
			[["MO0.53FE0.11NI0.36",["NI","FE"],[0.43570711157291864,0.08546369693877243]],["(FE,NI)",["NI","FE"],[0.6679362806047835,0.08658786472273827]]],
			[["MO0.53FE0.11NI0.36",["NI","FE"],[0.43258212924932615,0.08913090973713111]],["(FE,NI)",["NI","FE"],[0.664711092338747,0.09175809692541792]]],
			[["MO0.53FE0.11NI0.36",["NI","FE"],[0.42945714692573367,0.09279812253548991]],["(FE,NI)",["NI","FE"],[0.6614806450045478,0.09692739522596128]]],
			[["MO0.53FE0.11NI0.36",["NI","FE"],[0.42633216460214124,0.09646533533384849]],["(FE,NI)",["NI","FE"],[0.6582398255281817,0.10209476723652822]]],
			[["MO0.53FE0.11NI0.36",["NI","FE"],[0.4232071822785488,0.10013254813220729]],["(FE,NI)",["NI","FE"],[0.6549860113030835,0.10725972589276289]]],
			[["MO0.53FE0.11NI0.36",["NI","FE"],[0.4200821999549562,0.10379976093056609]],["(FE,NI)",["NI","FE"],[0.6517300857700913,0.11242427548121103]]],
			[["MO0.53FE0.11NI0.36",["NI","FE"],[0.41695721763136373,0.10746697372892466]],["(FE,NI)",["NI","FE"],[0.6484532619528531,0.1175847760084554]]],
			[["MO0.53FE0.11NI0.36",["NI","FE"],[0.41383223530777125,0.11113418652728346]],["(FE,NI)",["NI","FE"],[0.645176438135615,0.12274527653569978]]],
			[["MO0.53FE0.11NI0.36",["NI","FE"],[0.41070725298417876,0.11480139932564215]],["(FE,NI)",["NI","FE"],[0.6418836946280227,0.12790256708317738]]],
			[["MO0.53FE0.11NI0.36",["NI","FE"],[0.4075822706605863,0.11846861212400084]],["(FE,NI)",["NI","FE"],[0.638584966696922,0.13305865095653302]]],
			[["MO0.53FE0.11NI0.36",["NI","FE"],[0.40445728833699374,0.12213582492235964]],["(FE,NI)",["NI","FE"],[0.6352787427395329,0.13821316554695562]]],
			[["MO0.53FE0.11NI0.36",["NI","FE"],[0.4013323060134013,0.12580303772071844]],["(FE,NI)",["NI","FE"],[0.6319585636065431,0.14336475864030107]]],
			[["MO0.53FE0.11NI0.36",["NI","FE"],[0.3982073236898088,0.129470250519077]],["(FE,NI)",["NI","FE"],[0.6286383844735534,0.1485163517336464]]],
			[["MO0.53FE0.11NI0.36",["NI","FE"],[0.39508234136621634,0.1331374633174358]],["(FE,NI)",["NI","FE"],[0.6252983694369243,0.15366364164691426]]],
			[["MO0.53FE0.11NI0.36",["NI","FE"],[0.39195735904262385,0.1368046761157946]],["(FE,NI)",["NI","FE"],[0.6219575249520974,0.15881075162056202]]],
			[["MO0.53FE0.11NI0.36",["NI","FE"],[0.38883237671903137,0.1404718889141532]],["(FE,NI)",["NI","FE"],[0.6186055041638745,0.163955354004526]]],
			[["MO0.53FE0.11NI0.36",["NI","FE"],[0.38570739439543883,0.14413910171251199]],["(FE,NI)",["NI","FE"],[0.6152446342775066,0.16909797094603773]]],
			[["MO0.53FE0.11NI0.36",["NI","FE"],[0.3825824120718464,0.14780631451087078]],["(FE,NI)",["NI","FE"],[0.6118809739903788,0.17423994149369448]]],
			[["MO0.53FE0.11NI0.36",["NI","FE"],[0.37945742974825386,0.15147352730922936]],["(FE,NI)",["NI","FE"],[0.6085007314056762,0.1793780707668643]]],
			[["MO0.53FE0.11NI0.36",["NI","FE"],[0.37633244742466143,0.15514074010758816]],["(FE,NI)",["NI","FE"],[0.6051204888209736,0.184516200040034]]],
			[["MO0.53FE0.11NI0.36",["NI","FE"],[0.37320746510106884,0.15880795290594696]],["(FE,NI)",["NI","FE"],[0.6017265231807466,0.1896510515549854]]],
			[["MO0.53FE0.11NI0.36",["NI","FE"],[0.37008248277747635,0.16247516570430565]],["(FE,NI)",["NI","FE"],[0.5983271736162084,0.19478461711710182]]],
			[["MO0.53FE0.11NI0.36",["NI","FE"],[0.36695750045388387,0.16614237850266433]],["(FE,NI)",["NI","FE"],[0.5949228234758481,0.19991695331053183]]],
			[["MO0.53FE0.11NI0.36",["NI","FE"],[0.36383251813029144,0.16980959130102313]],["(FE,NI)",["NI","FE"],[0.5915056530683571,0.20504613769994517]]],
			[["MO0.53FE0.11NI0.36",["NI","FE"],[0.36070753580669895,0.1734768040993817]],["(FE,NI)",["NI","FE"],[0.5880884826608662,0.2101753220893584]]],
			[["MO0.53FE0.11NI0.36",["NI","FE"],[0.3575825534831065,0.1771440168977405]],["(FE,NI)",["NI","FE"],[0.5846563132458186,0.215300715940547]]],
			[["MO0.53FE0.11NI0.36",["NI","FE"],[0.35445757115951393,0.1808112296960993]],["(FE,NI)",["NI","FE"],[0.581221106629366,0.22042534223241672]]],
			[["MO0.53FE0.11NI0.36",["NI","FE"],[0.35133258883592144,0.184478442494458]],["(FE,NI)",["NI","FE"],[0.5777795446605576,0.22554831905889727]]],
			[["MO0.53FE0.11NI0.36",["NI","FE"],[0.34820760651232896,0.18814565529281668]],["(FE,NI)",["NI","FE"],[0.574327209712634,0.2306684998710582]]],
			[["MO0.53FE0.11NI0.36",["NI","FE"],[0.34508262418873653,0.19181286809117548]],["(FE,NI)",["NI","FE"],[0.5708748747647104,0.23578868068321912]]],
			[["MO0.53FE0.11NI0.36",["NI","FE"],[0.341957641865144,0.19548008088953428]],["(FE,NI)",["NI","FE"],[0.5674076267646213,0.24090489233380286]]],
			[["MO0.53FE0.11NI0.36",["NI","FE"],[0.33883265954155145,0.19914729368789286]],["(FE,NI)",["NI","FE"],[0.5639387111369222,0.24602066013940016]]],
			[["MO0.53FE0.11NI0.36",["NI","FE"],[0.335707677217959,0.20281450648625166]],["(FE,NI)",["NI","FE"],[0.5604630646197786,0.2511345927715093]]],
			[["MO0.53FE0.11NI0.36",["NI","FE"],[0.33258269489436654,0.20648171928461034]],["(FE,NI)",["NI","FE"],[0.5569779934166489,0.25624595576791065]]],
			[["MO0.53FE0.11NI0.36",["NI","FE"],[0.32945771257077405,0.21014893208296903]],["(FE,NI)",["NI","FE"],[0.5534929222135191,0.26135731876431223]]],
			[["MO0.53FE0.11NI0.36",["NI","FE"],[0.32633273024718157,0.21381614488132783]],["(FE,NI)",["NI","FE"],[0.5499935198686385,0.26646468328650386]]],
			[["MO0.53FE0.11NI0.36",["NI","FE"],[0.32320774792358903,0.21748335767968663]],["(FE,NI)",["NI","FE"],[0.5464929225981053,0.2715717144172958]]],
			[["MO0.53FE0.11NI0.36",["NI","FE"],[0.32008276559999654,0.2211505704780452]],["(FE,NI)",["NI","FE"],[0.5429859494753881,0.2766769268785084]]],
			[["(FE,NI)",["NI","FE"],[0.5359892681965592,0.28748126819655917]],["MO0.53FE0.11NI0.36",["NI","FE"],[0.30119411856586964,0.2512601185658698]],["MO0.53FE0.11NI0.36",["NI","FE"],[0.31617335982922656,0.2251853598292266]]]],
	"reference": "C-A58757"
}