{
    "components": [
        "FE",
        "MO",
        "NI"
    ],
    "phases": [
        "MO0.53FE0.11NI0.36",
        "(FE,NI)",
        "MO0.53FE0.11NI0.36",
        "MO0.38FE0.62HT"
    ],
    "conditions": {
        "P": [
            101325
        ],
        "T": [
            1473,
            1473,
            1473,
            1473,
            1473,
            1473,
            1473,
            1473,
            1473,
            1473,
            1473,
            1473,
            1473,
            1473,
            1473,
            1473,
            1473,
            1473,
            1473,
            1473,
            1473,
            1473,
            1473,
            1473,
            1473,
            1473,
            1473,
            1473,
            1473,
            1473,
            1473,
            1473,
            1473,
            1473,
            1473,
            1473,
            1473,
            1473,
            1473,
            1473,
            1473,
            1473
        ]
    },
    "broadcast_conditions": false,
    "output": "ZPF",
    "values":
			[[["(FE,NI)",["NI","FE"],[0.5359892681965592,0.28748126819655917]],["MO0.53FE0.11NI0.36",["NI","FE"],[0.30119411856586964,0.2512601185658698]],["MO0.53FE0.11NI0.36",["NI","FE"],[0.31617335982922656,0.2251853598292266]]],
			[["MO0.53FE0.11NI0.36",["NI","FE"],[0.2943317713757033,0.25882068679228953]],["(FE,NI)",["NI","FE"],[0.5271851211799439,0.300443096574289]]],
			[["MO0.53FE0.11NI0.36",["NI","FE"],[0.28749908066601687,0.26583891149918926]],["(FE,NI)",["NI","FE"],[0.5189092113707141,0.3129209363419263]]],
			[["MO0.53FE0.11NI0.36",["NI","FE"],[0.28066771186536715,0.2728583452875908]],["(FE,NI)",["NI","FE"],[0.5189092113707141,0.3129209363419263]]],
			[["MO0.53FE0.11NI0.36",["NI","FE"],[0.27385619459270183,0.2798959362370381]],["(FE,NI)",["NI","FE"],[0.5104092667720339,0.3253435658846492]]],
			[["MO0.53FE0.11NI0.36",["NI","FE"],[0.26704467732003656,0.28693352718648546]],["(FE,NI)",["NI","FE"],[0.501623697154959,0.33767742068983075]]],
			[["MO0.53FE0.11NI0.36",["NI","FE"],[0.260236319082349,0.29397395139177407]],["(FE,NI)",["NI","FE"],[0.49275598544000826,0.34998511252848885]]],
			[["MO0.53FE0.11NI0.36",["NI","FE"],[0.2534510313759938,0.3010350669531614]],["(FE,NI)",["NI","FE"],[0.48359488730384304,0.362183721110513]]],
			[["MO0.53FE0.11NI0.36",["NI","FE"],[0.24666574366963864,0.30809618251454884]],["(FE,NI)",["NI","FE"],[0.4743898738331838,0.37436346900266737]]],
			[["MO0.53FE0.11NI0.36",["NI","FE"],[0.2398875381374053,0.31516350066758037]],["(FE,NI)",["NI","FE"],[0.4649685431767422,0.3864503133247702]]],
			[["MO0.53FE0.11NI0.36",["NI","FE"],[0.23313393626035417,0.32225236678362723]],["(FE,NI)",["NI","FE"],[0.45550257285464507,0.3985155563342342]]],
			[["MO0.53FE0.11NI0.36",["NI","FE"],[0.22638033438330302,0.3293412328996741]],["(FE,NI)",["NI","FE"],[0.4458583708032129,0.410494552297467]]],
			[["MO0.53FE0.11NI0.36",["NI","FE"],[0.21964106026390334,0.3364422975684911]],["(FE,NI)",["NI","FE"],[0.43618986138656546,0.42246054168390035]]],
			[["MO0.53FE0.11NI0.36",["NI","FE"],[0.2129252980468615,0.34356338010672083]],["(FE,NI)",["NI","FE"],[0.4263536497984403,0.43433679566900596]]],
			[["MO0.53FE0.11NI0.36",["NI","FE"],[0.20620953582981968,0.3506844626449507]],["(FE,NI)",["NI","FE"],[0.41651743821031517,0.44621304965411157]]],
			[["MO0.53FE0.11NI0.36",["NI","FE"],[0.19952052478303745,0.3578275729969911]],["(FE,NI)",["NI","FE"],[0.40652384824665233,0.4579975177274409]]],
			[["MO0.53FE0.11NI0.36",["NI","FE"],[0.1928499152988723,0.36498583581493227]],["(FE,NI)",["NI","FE"],[0.39652122681415003,0.4697767184849826]]],
			[["MO0.53FE0.11NI0.36",["NI","FE"],[0.18617930581470726,0.37214409863287345]],["(FE,NI)",["NI","FE"],[0.38642391262606923,0.48149641660076137]]],
			[["MO0.53FE0.11NI0.36",["NI","FE"],[0.17955543889236417,0.3793393676003267]],["(FE,NI)",["NI","FE"],[0.3762769267045678,0.4931849021983129]]],
			[["MO0.53FE0.11NI0.36",["NI","FE"],[0.1729384470984767,0.38654007961629155]],["(FE,NI)",["NI","FE"],[0.36609788685527317,0.5048518947647955]]],
			[["MO0.53FE0.11NI0.36",["NI","FE"],[0.1663355892274804,0.39375147815744216]],["(FE,NI)",["NI","FE"],[0.3558256357409565,0.5164563866409408]]],
			[["MO0.53FE0.11NI0.36",["NI","FE"],[0.15978197849278736,0.4010001119917588]],["(FE,NI)",["NI","FE"],[0.3455533846266398,0.5280608785170863]]],
			[["MO0.53FE0.11NI0.36",["NI","FE"],[0.1532283677580943,0.4082487458260755]],["(FE,NI)",["NI","FE"],[0.33519951983593,0.5396074389899392]]],
			[["MO0.53FE0.11NI0.36",["NI","FE"],[0.14672352311282674,0.4155323228978739]],["(FE,NI)",["NI","FE"],[0.32481758599393074,0.5511340753569056]]],
			[["MO0.53FE0.11NI0.36",["NI","FE"],[0.14024461104436814,0.4228344819023354]],["(FE,NI)",["NI","FE"],[0.3144241877851017,0.562652154177472]]],
			[["MO0.53FE0.11NI0.36",["NI","FE"],[0.13378069048372448,0.4301467245776194]],["(FE,NI)",["NI","FE"],[0.3039462072265044,0.5741070967260158]]],
			[["MO0.53FE0.11NI0.36",["NI","FE"],[0.12739133378374803,0.4375091208088704]],["(FE,NI)",["NI","FE"],[0.2934682266679071,0.5855620392745596]]],
			[["MO0.53FE0.11NI0.36",["NI","FE"],[0.12100197708377164,0.4448715170401214]],["(FE,NI)",["NI","FE"],[0.28295819189568194,0.5969919659904688]]],
			[["MO0.53FE0.11NI0.36",["NI","FE"],[0.11469493864203067,0.4522852846631178]],["(FE,NI)",["NI","FE"],[0.2723960421945605,0.6083812210382418]]],
			[["MO0.53FE0.11NI0.36",["NI","FE"],[0.10841212209684906,0.45971416816154276]],["(FE,NI)",["NI","FE"],[0.261833892493439,0.6197704760860148]]],
			[["MO0.53FE0.11NI0.36",["NI","FE"],[0.1021899956778172,0.4671776906199372]],["(FE,NI)",["NI","FE"],[0.2512326001440565,0.6311279511171624]]],
			[["MO0.53FE0.11NI0.36",["NI","FE"],[0.09603509141072358,0.47467958019960443]],["(FE,NI)",["NI","FE"],[0.24059621189269878,0.6424569316953842]]],
			[["MO0.53FE0.11NI0.36",["NI","FE"],[0.08992336572879064,0.48220358632245064]],["(FE,NI)",["NI","FE"],[0.22995982364134102,0.6537859122736062]]],
			[["MO0.53FE0.11NI0.36",["NI","FE"],[0.08392366998201142,0.48978497540235655]],["(FE,NI)",["NI","FE"],[0.2192870829037539,0.6650843213787904]]],
			[["MO0.53FE0.11NI0.36",["NI","FE"],[0.07795974461131533,0.4973823919001388]],["(FE,NI)",["NI","FE"],[0.2085855403511075,0.6763585089243551]]],
			[["MO0.53FE0.11NI0.36",["NI","FE"],[0.07214948980958305,0.5050486626481074]],["(FE,NI)",["NI","FE"],[0.197883997798461,0.6876326964699198]]],
			[["MO0.53FE0.11NI0.36",["NI","FE"],[0.06638836590115466,0.5127335033886913]],["(FE,NI)",["NI","FE"],[0.18715525674093925,0.698883282913769]]],
			[["MO0.53FE0.11NI0.36",["NI","FE"],[0.060811603399463315,0.5204880271684263]],["(FE,NI)",["NI","FE"],[0.17639608959375597,0.7101074675667775]]],
			[["MO0.53FE0.11NI0.36",["NI","FE"],[0.05533615388750243,0.5282730725252517]],["(FE,NI)",["NI","FE"],[0.16563692244657263,0.7213316522197858]]],
			[["MO0.53FE0.11NI0.36",["NI","FE"],[0.050051627907661045,0.5361156355539906]],["(FE,NI)",["NI","FE"],[0.15486411499475247,0.732543665242678]]],
			[["MO0.53FE0.11NI0.36",["NI","FE"],[0.044987568162357466,0.5440061384279335]],["(FE,NI)",["NI","FE"],[0.14405419370482958,0.74372256053678]]],
			[["MO0.53FE0.11NI0.36",["NI","FE"],[0.03951772644812776,0.5521097264481277]],["(FE,NI)",["NI","FE"],[0.12212917947206138,0.7669091794720614]],["MO0.38FE0.62HT",["NI","FE"],[0.08519902795966533,0.7730730279596654]]]],
	"reference": "C-A58757"
}