{
    "components": [
        "FE",
        "MO",
        "NI"
    ],
    "phases": [
        "MO0.5FE0.5HT",
        "MO0.53FE0.11NI0.36",
        "MO0.53FE0.11NI0.36"
    ],
    "conditions": {
        "P": [
            101325
        ],
        "T": [
            1473,
            1473,
            1473,
            1473,
            1473,
            1473,
            1473,
            1473,
            1473,
            1473,
            1473,
            1473,
            1473,
            1473,
            1473,
            1473,
            1473,
            1473,
            1473,
            1473,
            1473,
            1473,
            1473,
            1473,
            1473,
            1473,
            1473,
            1473,
            1473,
            1473,
            1473,
            1473,
            1473,
            1473,
            1473,
            1473,
            1473,
            1473,
            1473,
            1473,
            1473,
            1473
        ]
    },
    "broadcast_conditions": false,
    "output": "ZPF",
    "values":
			[[["MO0.5FE0.5HT",["NI","FE"],[0.15550149944265262,0.2432874994426526]],["MO0.53FE0.11NI0.36",["NI","FE"],[0.21034352787268273,0.33656352787268273]],["MO0.53FE0.11NI0.36",["NI","FE"],[0.2163799199904247,0.2913539199904247]]],
			[["MO0.5FE0.5HT",["NI","FE"],[0.1521810140041226,0.24644315283110152]],["MO0.53FE0.11NI0.36",["NI","FE"],[0.2057480326054705,0.3408497887030314]]],
			[["MO0.5FE0.5HT",["NI","FE"],[0.14914856922003017,0.24890084687398806]],["MO0.53FE0.11NI0.36",["NI","FE"],[0.20177475650212542,0.34500226869724737]]],
			[["MO0.5FE0.5HT",["NI","FE"],[0.14615610927907152,0.25142999550377576]],["MO0.53FE0.11NI0.36",["NI","FE"],[0.20177475650212542,0.34500226869724737]]],
			[["MO0.5FE0.5HT",["NI","FE"],[0.14316417860838326,0.2539600899616714]],["MO0.53FE0.11NI0.36",["NI","FE"],[0.19780148039878043,0.34915474869146335]]],
			[["MO0.5FE0.5HT",["NI","FE"],[0.1402051195247484,0.25654175698037474]],["MO0.53FE0.11NI0.36",["NI","FE"],[0.1938282042954354,0.3533072286856793]]],
			[["MO0.5FE0.5HT",["NI","FE"],[0.1372547076937043,0.25913699075992036]],["MO0.53FE0.11NI0.36",["NI","FE"],[0.18985492819209038,0.3574597086798952]]],
			[["MO0.5FE0.5HT",["NI","FE"],[0.13432721558219907,0.2617642312343096]],["MO0.53FE0.11NI0.36",["NI","FE"],[0.18588165208874532,0.36161218867411116]]],
			[["MO0.5FE0.5HT",["NI","FE"],[0.1314176218479225,0.26441646625093906]],["MO0.53FE0.11NI0.36",["NI","FE"],[0.18190837598540027,0.36576466866832713]]],
			[["MO0.5FE0.5HT",["NI","FE"],[0.12851998491115346,0.2670837377652314]],["MO0.53FE0.11NI0.36",["NI","FE"],[0.1779350998820552,0.369917148662543]]],
			[["MO0.5FE0.5HT",["NI","FE"],[0.12565082575197012,0.26978682204927584]],["MO0.53FE0.11NI0.36",["NI","FE"],[0.17396182377871017,0.37406962865675897]]],
			[["MO0.5FE0.5HT",["NI","FE"],[0.12278166659278672,0.27248990633332015]],["MO0.53FE0.11NI0.36",["NI","FE"],[0.16998854767536517,0.37822210865097494]]],
			[["MO0.5FE0.5HT",["NI","FE"],[0.11995126705621051,0.27523730692240844]],["MO0.53FE0.11NI0.36",["NI","FE"],[0.16601527157202015,0.3823745886451908]]],
			[["MO0.5FE0.5HT",["NI","FE"],[0.11712108970525065,0.277984961550233]],["MO0.53FE0.11NI0.36",["NI","FE"],[0.16204199546867507,0.3865270686394068]]],
			[["MO0.5FE0.5HT",["NI","FE"],[0.11431584324850824,0.2807587468936501]],["MO0.53FE0.11NI0.36",["NI","FE"],[0.15806871936533007,0.39067954863362275]]],
			[["MO0.5FE0.5HT",["NI","FE"],[0.1115235807199298,0.2835461410282789]],["MO0.53FE0.11NI0.36",["NI","FE"],[0.15409544326198504,0.3948320286278386]]],
			[["MO0.5FE0.5HT",["NI","FE"],[0.10874157173094723,0.2863434584383193]],["MO0.53FE0.11NI0.36",["NI","FE"],[0.15012216715864002,0.3989845086220546]]],
			[["MO0.5FE0.5HT",["NI","FE"],[0.10598519593017852,0.2891655833973962]],["MO0.53FE0.11NI0.36",["NI","FE"],[0.14614889105529497,0.40313698861627056]]],
			[["MO0.5FE0.5HT",["NI","FE"],[0.10322882012940987,0.29198770835647303]],["MO0.53FE0.11NI0.36",["NI","FE"],[0.14217561495194994,0.40728946861048654]]],
			[["MO0.5FE0.5HT",["NI","FE"],[0.10050227366877584,0.29483667619614573]],["MO0.53FE0.11NI0.36",["NI","FE"],[0.13820233884860492,0.4114419486047024]]],
			[["MO0.5FE0.5HT",["NI","FE"],[0.09777980653044471,0.2976893149437566]],["MO0.53FE0.11NI0.36",["NI","FE"],[0.13422906274525986,0.4155944285989184]]],
			[["MO0.5FE0.5HT",["NI","FE"],[0.09507157625752383,0.3005539331621484]],["MO0.53FE0.11NI0.36",["NI","FE"],[0.13025578664191484,0.41974690859313435]]],
			[["MO0.5FE0.5HT",["NI","FE"],[0.09238144496607903,0.3034337805910098]],["MO0.53FE0.11NI0.36",["NI","FE"],[0.1262825105385698,0.4238993885873502]]],
			[["MO0.5FE0.5HT",["NI","FE"],[0.08969131367463423,0.30631362801987116]],["MO0.53FE0.11NI0.36",["NI","FE"],[0.12230923443522476,0.4280518685815662]]],
			[["MO0.5FE0.5HT",["NI","FE"],[0.08703015580784995,0.30921639475321716]],["MO0.53FE0.11NI0.36",["NI","FE"],[0.11833595833187976,0.43220434857578205]]],
			[["MO0.5FE0.5HT",["NI","FE"],[0.08436991940296534,0.31211989040508414]],["MO0.53FE0.11NI0.36",["NI","FE"],[0.11436268222853468,0.43635682856999813]]],
			[["MO0.5FE0.5HT",["NI","FE"],[0.08172263087200493,0.3150330682968404]],["MO0.53FE0.11NI0.36",["NI","FE"],[0.11038940612518966,0.440509308564214]]],
			[["MO0.5FE0.5HT",["NI","FE"],[0.0790900834460656,0.31795726938173896]],["MO0.53FE0.11NI0.36",["NI","FE"],[0.10641613002184461,0.44466178855842997]]],
			[["MO0.5FE0.5HT",["NI","FE"],[0.07645753602012628,0.3208814704666375]],["MO0.53FE0.11NI0.36",["NI","FE"],[0.10244285391849958,0.44881426855264595]]],
			[["MO0.5FE0.5HT",["NI","FE"],[0.07384926034921258,0.3238229069235089]],["MO0.53FE0.11NI0.36",["NI","FE"],[0.09846957781515456,0.4529667485468618]]],
			[["MO0.5FE0.5HT",["NI","FE"],[0.07124259667780186,0.3267654880611429]],["MO0.53FE0.11NI0.36",["NI","FE"],[0.0944963017118095,0.4571192285410779]]],
			[["MO0.5FE0.5HT",["NI","FE"],[0.06864484452047082,0.32971410539488655]],["MO0.53FE0.11NI0.36",["NI","FE"],[0.09052302560846448,0.46127170853529376]]],
			[["MO0.5FE0.5HT",["NI","FE"],[0.06606161638531899,0.3326725605457943]],["MO0.53FE0.11NI0.36",["NI","FE"],[0.08654974950511946,0.4654241885295096]]],
			[["MO0.5FE0.5HT",["NI","FE"],[0.0634783882501671,0.33563101569670195]],["MO0.53FE0.11NI0.36",["NI","FE"],[0.0825764734017744,0.4695766685237257]]],
			[["MO0.5FE0.5HT",["NI","FE"],[0.060911985919116673,0.33860039483149196]],["MO0.53FE0.11NI0.36",["NI","FE"],[0.07860319729842938,0.47372914851794157]]],
			[["MO0.5FE0.5HT",["NI","FE"],[0.05834983299386742,0.34157253285020805]],["MO0.53FE0.11NI0.36",["NI","FE"],[0.07462992119508433,0.47788162851215743]]],
			[["MO0.5FE0.5HT",["NI","FE"],[0.055791423739035284,0.3445470098708756]],["MO0.53FE0.11NI0.36",["NI","FE"],[0.0706566450917393,0.4820341085063734]]],
			[["MO0.5FE0.5HT",["NI","FE"],[0.05324865223529235,0.3475312571774496]],["MO0.53FE0.11NI0.36",["NI","FE"],[0.0666833689883943,0.4861865885005894]]],
			[["MO0.5FE0.5HT",["NI","FE"],[0.05070588073154947,0.35051550448402347]],["MO0.53FE0.11NI0.36",["NI","FE"],[0.06271009288504928,0.49033906849480524]]],
			[["MO0.5FE0.5HT",["NI","FE"],[0.04817241402029154,0.3535053715036922]],["MO0.53FE0.11NI0.36",["NI","FE"],[0.05873681678170414,0.4944915484890213]]],
			[["MO0.5FE0.5HT",["NI","FE"],[0.04564604877725009,0.35649952751895053]],["MO0.53FE0.11NI0.36",["NI","FE"],[0.054763540678359146,0.4986440284832372]]],
			[["MO0.5FE0.5HT",["NI","FE"],[0.0040076337632319325,0.05685363376323194]],["MO0.53FE0.11NI0.36",["NI","FE"],[0.04633203369711145,0.5079720336971115]],["MO0.5FE0.5HT",["NI","FE"],[0.0426097434265329,0.3595417434265329]]]],
	"reference": "C-A58757"
}