{
    "components": [
        "FE",
        "MO",
        "NI"
    ],
    "phases": [
        "MO0.53FE0.11NI0.36",
        "MO0.5FE0.5HT",
        "MO7NI7"
    ],
    "conditions": {
        "P": [
            101325
        ],
        "T": [
            1473,
            1473,
            1473,
            1473,
            1473,
            1473,
            1473,
            1473,
            1473,
            1473,
            1473,
            1473,
            1473,
            1473,
            1473,
            1473,
            1473,
            1473,
            1473,
            1473,
            1473,
            1473,
            1473,
            1473,
            1473,
            1473,
            1473,
            1473,
            1473,
            1473,
            1473,
            1473,
            1473,
            1473,
            1473,
            1473,
            1473,
            1473,
            1473,
            1473,
            1473,
            1473
        ]
    },
    "broadcast_conditions": false,
    "output": "ZPF",
    "values":
			[[["MO0.53FE0.11NI0.36",["NI","FE"],[0.29090975194696855,0.21127575194696857]],["MO0.5FE0.5HT",["NI","FE"],[0.20402829568585978,0.18786829568585983]],["MO0.5FE0.5HT",["NI","FE"],[0.011379800780225102,0.03132380078022501]]],
			[["MO0.53FE0.11NI0.36",["NI","FE"],[0.294420429507117,0.20707101487297086]],["MO0.5FE0.5HT",["NI","FE"],[0.011944823512388514,0.03038409180507151]]],
			[["MO0.53FE0.11NI0.36",["NI","FE"],[0.2978106467392086,0.2035098174709158]],["MO0.5FE0.5HT",["NI","FE"],[0.01199276036467184,0.02983329695003767]]],
			[["MO0.53FE0.11NI0.36",["NI","FE"],[0.30120086397129997,0.19994862006886094]],["MO0.5FE0.5HT",["NI","FE"],[0.01199276036467184,0.02983329695003767]]],
			[["MO0.53FE0.11NI0.36",["NI","FE"],[0.30459108120339146,0.1963874226668061]],["MO0.5FE0.5HT",["NI","FE"],[0.012040697216955276,0.029282502095004048]]],
			[["MO0.53FE0.11NI0.36",["NI","FE"],[0.30798129843548294,0.19282622526475124]],["MO0.5FE0.5HT",["NI","FE"],[0.012088634069238713,0.028731707239970428]]],
			[["MO0.53FE0.11NI0.36",["NI","FE"],[0.3113715156675744,0.1892650278626964]],["MO0.5FE0.5HT",["NI","FE"],[0.012136570921522094,0.028180912384936696]]],
			[["MO0.53FE0.11NI0.36",["NI","FE"],[0.3147617328996658,0.18570383046064154]],["MO0.5FE0.5HT",["NI","FE"],[0.012184507773805475,0.027630117529902964]]],
			[["MO0.53FE0.11NI0.36",["NI","FE"],[0.31815195013175723,0.1821426330585867]],["MO0.5FE0.5HT",["NI","FE"],[0.012232444626088912,0.027079322674869344]]],
			[["MO0.53FE0.11NI0.36",["NI","FE"],[0.32154216736384866,0.17858143565653184]],["MO0.5FE0.5HT",["NI","FE"],[0.012280381478372238,0.026528527819835723]]],
			[["MO0.53FE0.11NI0.36",["NI","FE"],[0.32493238459594026,0.17502023825447677]],["MO0.5FE0.5HT",["NI","FE"],[0.012328318330655674,0.025977732964802103]]],
			[["MO0.53FE0.11NI0.36",["NI","FE"],[0.32832260182803163,0.17145904085242192]],["MO0.5FE0.5HT",["NI","FE"],[0.012376255182939055,0.02542693810976837]]],
			[["MO0.53FE0.11NI0.36",["NI","FE"],[0.3317128190601231,0.16789784345036707]],["MO0.5FE0.5HT",["NI","FE"],[0.012424192035222437,0.02487614325473464]]],
			[["MO0.53FE0.11NI0.36",["NI","FE"],[0.3351030362922145,0.16433664604831222]],["MO0.5FE0.5HT",["NI","FE"],[0.012472128887505818,0.02432534839970102]]],
			[["MO0.53FE0.11NI0.36",["NI","FE"],[0.33849325352430604,0.16077544864625726]],["MO0.5FE0.5HT",["NI","FE"],[0.01252006573978931,0.0237745535446674]]],
			[["MO0.53FE0.11NI0.36",["NI","FE"],[0.34188347075639747,0.1572142512442024]],["MO0.5FE0.5HT",["NI","FE"],[0.012568002592072636,0.023223758689633556]]],
			[["MO0.53FE0.11NI0.36",["NI","FE"],[0.3452736879884889,0.15365305384214756]],["MO0.5FE0.5HT",["NI","FE"],[0.012615939444356072,0.022672963834599935]]],
			[["MO0.53FE0.11NI0.36",["NI","FE"],[0.34866390522058044,0.1500918564400926]],["MO0.5FE0.5HT",["NI","FE"],[0.012663876296639454,0.022122168979566315]]],
			[["MO0.53FE0.11NI0.36",["NI","FE"],[0.35205412245267187,0.14653065903803775]],["MO0.5FE0.5HT",["NI","FE"],[0.012711813148922835,0.021571374124532694]]],
			[["MO0.53FE0.11NI0.36",["NI","FE"],[0.3554443396847633,0.1429694616359829]],["MO0.5FE0.5HT",["NI","FE"],[0.012759750001206216,0.021020579269498962]]],
			[["MO0.53FE0.11NI0.36",["NI","FE"],[0.35883455691685473,0.13940826423392805]],["MO0.5FE0.5HT",["NI","FE"],[0.012807686853489653,0.020469784414465342]]],
			[["MO0.53FE0.11NI0.36",["NI","FE"],[0.36222477414894627,0.1358470668318731]],["MO0.5FE0.5HT",["NI","FE"],[0.012855623705772978,0.01991898955943161]]],
			[["MO0.53FE0.11NI0.36",["NI","FE"],[0.3656149913810377,0.13228586942981824]],["MO0.5FE0.5HT",["NI","FE"],[0.01290356055805647,0.01936819470439799]]],
			[["MO0.53FE0.11NI0.36",["NI","FE"],[0.36900520861312913,0.1287246720277634]],["MO0.5FE0.5HT",["NI","FE"],[0.012951497410339796,0.018817399849364147]]],
			[["MO0.53FE0.11NI0.36",["NI","FE"],[0.37239542584522056,0.12516347462570854]],["MO0.5FE0.5HT",["NI","FE"],[0.012999434262623177,0.018266604994330526]]],
			[["MO0.53FE0.11NI0.36",["NI","FE"],[0.3757856430773121,0.12160227722365358]],["MO0.5FE0.5HT",["NI","FE"],[0.013047371114906614,0.017715810139296906]]],
			[["MO0.53FE0.11NI0.36",["NI","FE"],[0.37917586030940353,0.11804107982159873]],["MO0.5FE0.5HT",["NI","FE"],[0.01309530796718994,0.017165015284263174]]],
			[["MO0.53FE0.11NI0.36",["NI","FE"],[0.38256607754149496,0.11447988241954388]],["MO0.5FE0.5HT",["NI","FE"],[0.013143244819473376,0.016614220429229554]]],
			[["MO0.53FE0.11NI0.36",["NI","FE"],[0.3859562947735864,0.11091868501748903]],["MO0.5FE0.5HT",["NI","FE"],[0.013191181671756758,0.016063425574195822]]],
			[["MO0.53FE0.11NI0.36",["NI","FE"],[0.3893465120056779,0.10735748761543396]],["MO0.5FE0.5HT",["NI","FE"],[0.013239118524040139,0.015512630719162201]]],
			[["MO0.53FE0.11NI0.36",["NI","FE"],[0.3927367292377693,0.1037962902133791]],["MO0.5FE0.5HT",["NI","FE"],[0.013287055376323575,0.01496183586412847]]],
			[["MO0.53FE0.11NI0.36",["NI","FE"],[0.39612694646986074,0.10023509281132426]],["MO0.5FE0.5HT",["NI","FE"],[0.013334992228607012,0.01441104100909485]]],
			[["MO0.53FE0.11NI0.36",["NI","FE"],[0.3995171637019523,0.0966738954092694]],["MO0.5FE0.5HT",["NI","FE"],[0.013382929080890338,0.013860246154061118]]],
			[["MO0.53FE0.11NI0.36",["NI","FE"],[0.4029073809340437,0.09311269800721456]],["MO0.5FE0.5HT",["NI","FE"],[0.013430865933173719,0.013309451299027497]]],
			[["MO0.53FE0.11NI0.36",["NI","FE"],[0.40629759816613514,0.0895515006051597]],["MO0.5FE0.5HT",["NI","FE"],[0.0134788027854571,0.012758656443993877]]],
			[["MO0.53FE0.11NI0.36",["NI","FE"],[0.4096878153982266,0.08599030320310486]],["MO0.5FE0.5HT",["NI","FE"],[0.013526739637740592,0.012207861588960034]]],
			[["MO0.53FE0.11NI0.36",["NI","FE"],[0.4130780326303181,0.08242910580104978]],["MO0.5FE0.5HT",["NI","FE"],[0.013574676490023974,0.011657066733926413]]],
			[["MO0.53FE0.11NI0.36",["NI","FE"],[0.41646824986240955,0.07886790839899493]],["MO0.5FE0.5HT",["NI","FE"],[0.01362261334230741,0.011106271878892793]]],
			[["MO0.53FE0.11NI0.36",["NI","FE"],[0.419858467094501,0.07530671099694008]],["MO0.5FE0.5HT",["NI","FE"],[0.013670550194590736,0.010555477023859061]]],
			[["MO0.53FE0.11NI0.36",["NI","FE"],[0.4232486843265925,0.07174551359488524]],["MO0.5FE0.5HT",["NI","FE"],[0.013718487046874173,0.01000468216882544]]],
			[["MO0.53FE0.11NI0.36",["NI","FE"],[0.42663890155868395,0.06818431619283039]],["MO0.5FE0.5HT",["NI","FE"],[0.013766423899157554,0.009453887313791709]]],
			[["MO7NI7",["NI","FE"],[0.46144113888336263,0.03939913888336255]],["MO0.53FE0.11NI0.36",["NI","FE"],[0.43092225505087395,0.06420225505087407]],["MO0.5FE0.5HT",["NI","FE"],[0.013430723813338041,0.007752723813337914]]]],
	"reference": "C-A58757"
}