{
    "components": [
        "FE",
        "MO",
        "NI"
    ],
    "phases": [
        "MO0.5FE0.5HT",
        "MO0.53FE0.11NI0.36",
        "MO0.5FE0.5HT"
    ],
    "conditions": {
        "P": [
            101325
        ],
        "T": [
            1473,
            1473,
            1473,
            1473,
            1473,
            1473,
            1473,
            1473,
            1473,
            1473,
            1473,
            1473,
            1473,
            1473,
            1473,
            1473,
            1473,
            1473,
            1473,
            1473,
            1473,
            1473,
            1473,
            1473,
            1473,
            1473,
            1473,
            1473,
            1473,
            1473,
            1473,
            1473,
            1473,
            1473,
            1473,
            1473,
            1473,
            1473,
            1473,
            1473,
            1473,
            1473
        ]
    },
    "broadcast_conditions": false,
    "output": "ZPF",
    "values":
			[[["MO0.5FE0.5HT",["NI","FE"],[0.0040076337632319325,0.05685363376323194]],["MO0.53FE0.11NI0.36",["NI","FE"],[0.04633203369711145,0.5079720336971115]],["MO0.5FE0.5HT",["NI","FE"],[0.0426097434265329,0.3595417434265329]]],
			[["MO0.5FE0.5HT",["NI","FE"],[0.0460179223812382,0.3536161911357403]],["MO0.5FE0.5HT",["NI","FE"],[0.004691110140885635,0.056042915018934436]]],
			[["MO0.5FE0.5HT",["NI","FE"],[0.04904735164214269,0.348953889151147]],["MO0.5FE0.5HT",["NI","FE"],[0.004862784849626767,0.05544839460572437]]],
			[["MO0.5FE0.5HT",["NI","FE"],[0.05219068752859235,0.34432019841228456]],["MO0.5FE0.5HT",["NI","FE"],[0.004862784849626767,0.05544839460572437]]],
			[["MO0.5FE0.5HT",["NI","FE"],[0.05536063193430235,0.3396931912432273]],["MO0.5FE0.5HT",["NI","FE"],[0.00503445955836801,0.05485387419251431]]],
			[["MO0.5FE0.5HT",["NI","FE"],[0.05858268363441127,0.33508249372408416]],["MO0.5FE0.5HT",["NI","FE"],[0.005206134267109086,0.05425935377930413]]],
			[["MO0.5FE0.5HT",["NI","FE"],[0.06188830767560344,0.33049795445478525]],["MO0.5FE0.5HT",["NI","FE"],[0.005377808975850218,0.05366483336609407]]],
			[["MO0.5FE0.5HT",["NI","FE"],[0.06519393171679566,0.32591341518548655]],["MO0.5FE0.5HT",["NI","FE"],[0.00554948368459135,0.053070312952884]]],
			[["MO0.5FE0.5HT",["NI","FE"],[0.06862529245436721,0.3213765680086581]],["MO0.5FE0.5HT",["NI","FE"],[0.005721158393332537,0.05247579253967394]]],
			[["MO0.5FE0.5HT",["NI","FE"],[0.07206045358146035,0.316841162324518]],["MO0.5FE0.5HT",["NI","FE"],[0.005892833102073669,0.05188127212646387]]],
			[["MO0.5FE0.5HT",["NI","FE"],[0.075565514562135,0.31233724366388704]],["MO0.5FE0.5HT",["NI","FE"],[0.0060645078108148565,0.05128675171325381]]],
			[["MO0.5FE0.5HT",["NI","FE"],[0.07912388642354728,0.3078573393733739]],["MO0.5FE0.5HT",["NI","FE"],[0.006236182519555933,0.050692231300043744]]],
			[["MO0.5FE0.5HT",["NI","FE"],[0.08270217911736522,0.30338793878467596]],["MO0.5FE0.5HT",["NI","FE"],[0.006407857228297065,0.05009771088683368]]],
			[["MO0.5FE0.5HT",["NI","FE"],[0.08637753405724036,0.2989697164233408]],["MO0.5FE0.5HT",["NI","FE"],[0.006579531937038252,0.049503190473623615]]],
			[["MO0.5FE0.5HT",["NI","FE"],[0.0900528889971155,0.29455149406200554]],["MO0.5FE0.5HT",["NI","FE"],[0.006751206645779384,0.04890867006041355]]],
			[["MO0.5FE0.5HT",["NI","FE"],[0.09381362848633701,0.29018539387687126]],["MO0.5FE0.5HT",["NI","FE"],[0.006922881354520516,0.048314149647203486]]],
			[["MO0.5FE0.5HT",["NI","FE"],[0.09759893879665443,0.285834292712946]],["MO0.5FE0.5HT",["NI","FE"],[0.007094556063261703,0.04771962923399342]]],
			[["MO0.5FE0.5HT",["NI","FE"],[0.1014234311147228,0.28151063546095445]],["MO0.5FE0.5HT",["NI","FE"],[0.00726623077200278,0.04712510882078336]]],
			[["MO0.5FE0.5HT",["NI","FE"],[0.10531114908423517,0.277231262800534]],["MO0.5FE0.5HT",["NI","FE"],[0.007437905480743967,0.04653058840757318]]],
			[["MO0.5FE0.5HT",["NI","FE"],[0.10919886705374754,0.27295189014011356]],["MO0.5FE0.5HT",["NI","FE"],[0.007609580189485099,0.04593606799436312]]],
			[["MO0.5FE0.5HT",["NI","FE"],[0.11318088885619454,0.26874780461896197]],["MO0.5FE0.5HT",["NI","FE"],[0.007781254898226231,0.04534154758115305]]],
			[["MO0.5FE0.5HT",["NI","FE"],[0.11716428154472752,0.2645448135399815]],["MO0.5FE0.5HT",["NI","FE"],[0.007952929606967363,0.04474702716794299]]],
			[["MO0.5FE0.5HT",["NI","FE"],[0.1211991579631077,0.26038844047749166]],["MO0.5FE0.5HT",["NI","FE"],[0.008124604315708606,0.04415250675473292]]],
			[["MO0.5FE0.5HT",["NI","FE"],[0.1252709109593475,0.25626545879748075]],["MO0.5FE0.5HT",["NI","FE"],[0.008296279024449682,0.04355798634152275]]],
			[["MO0.5FE0.5HT",["NI","FE"],[0.12935653176489958,0.2521566619036316]],["MO0.5FE0.5HT",["NI","FE"],[0.008467953733190814,0.04296346592831268]]],
			[["MO0.5FE0.5HT",["NI","FE"],[0.13350944751368166,0.2481166981151406]],["MO0.5FE0.5HT",["NI","FE"],[0.008639628441931946,0.04236894551510262]]],
			[["MO0.5FE0.5HT",["NI","FE"],[0.13766236326246373,0.24407673432664967]],["MO0.5FE0.5HT",["NI","FE"],[0.008811303150673078,0.041774425101892554]]],
			[["MO0.5FE0.5HT",["NI","FE"],[0.1418710685323485,0.24010106172477452]],["MO0.5FE0.5HT",["NI","FE"],[0.008982977859414265,0.04117990468868249]]],
			[["MO0.5FE0.5HT",["NI","FE"],[0.14609856634752455,0.23614704543061538]],["MO0.5FE0.5HT",["NI","FE"],[0.009154652568155452,0.040585384275472425]]],
			[["MO0.5FE0.5HT",["NI","FE"],[0.15034706166638395,0.23222023415561832]],["MO0.5FE0.5HT",["NI","FE"],[0.009326327276896584,0.03999086386226236]]],
			[["MO0.5FE0.5HT",["NI","FE"],[0.15464190131374878,0.22835346803475365]],["MO0.5FE0.5HT",["NI","FE"],[0.00949800198563766,0.039396343449052296]]],
			[["MO0.5FE0.5HT",["NI","FE"],[0.15893674096111365,0.2244867019138891]],["MO0.5FE0.5HT",["NI","FE"],[0.009669676694378848,0.03880182303584223]]],
			[["MO0.5FE0.5HT",["NI","FE"],[0.16328421799546938,0.22069651505197818]],["MO0.5FE0.5HT",["NI","FE"],[0.00984135140311998,0.03820730262263217]]],
			[["MO0.5FE0.5HT",["NI","FE"],[0.16764027556032463,0.21691881153516923]],["MO0.5FE0.5HT",["NI","FE"],[0.010013026111861112,0.0376127822094221]]],
			[["MO0.5FE0.5HT",["NI","FE"],[0.17201786432456667,0.21317628563066382]],["MO0.5FE0.5HT",["NI","FE"],[0.0101847008206023,0.03701826179621204]]],
			[["MO0.5FE0.5HT",["NI","FE"],[0.17642911168079156,0.20948875103798315]],["MO0.5FE0.5HT",["NI","FE"],[0.010356375529343431,0.03642374138300197]]],
			[["MO0.5FE0.5HT",["NI","FE"],[0.18084035903701634,0.20580121644530247]],["MO0.5FE0.5HT",["NI","FE"],[0.010528050238084563,0.0358292209697918]]],
			[["MO0.5FE0.5HT",["NI","FE"],[0.18529587040090945,0.20219492264459182]],["MO0.5FE0.5HT",["NI","FE"],[0.010699724946825695,0.03523470055658173]]],
			[["MO0.5FE0.5HT",["NI","FE"],[0.18975623919492035,0.1985975440210308]],["MO0.5FE0.5HT",["NI","FE"],[0.010871399655566827,0.03464018014337167]]],
			[["MO0.5FE0.5HT",["NI","FE"],[0.19423380081937835,0.19503566268040973]],["MO0.5FE0.5HT",["NI","FE"],[0.011043074364307959,0.034045659730161604]]],
			[["MO0.5FE0.5HT",["NI","FE"],[0.19873814295399572,0.19152907388451135]],["MO0.5FE0.5HT",["NI","FE"],[0.011214749073049202,0.03345113931695154]]],
			[["MO0.53FE0.11NI0.36",["NI","FE"],[0.29090975194696855,0.21127575194696857]],["MO0.5FE0.5HT",["NI","FE"],[0.20402829568585978,0.18786829568585983]],["MO0.5FE0.5HT",["NI","FE"],[0.011379800780225102,0.03132380078022501]]]],
	"reference": "C-A58757"
}