{
    "components": [
        "FE",
        "MO",
        "NI"
    ],
    "phases": [
        "(FE,NI)",
        "MO7NI7",
        "MO0.53FE0.11NI0.36"
    ],
    "conditions": {
        "P": [
            101325
        ],
        "T": [
            1473,
            1473,
            1473,
            1473,
            1473,
            1473,
            1473,
            1473,
            1473,
            1473,
            1473,
            1473,
            1473,
            1473,
            1473,
            1473,
            1473,
            1473,
            1473,
            1473,
            1473,
            1473,
            1473,
            1473,
            1473,
            1473,
            1473,
            1473,
            1473,
            1473,
            1473,
            1473,
            1473,
            1473,
            1473,
            1473,
            1473,
            1473,
            1473,
            1473,
            1473
        ]
    },
    "broadcast_conditions": false,
    "output": "ZPF",
    "values":
			[[["MO0.53FE0.11NI0.36",["NI","FE"],[0.44504297186636954,0.07395497186636946]],["MO7NI7",["NI","FE"],[0.4756231399098257,0.04892313990982555]],["(FE,NI)",["NI","FE"],[0.6751005136148008,0.07574051361480105]]],
			[["(FE,NI)",["NI","FE"],[0.6766694891682518,0.07336505014386163]],["MO7NI7",["NI","FE"],[0.4774380675973091,0.04731084808511388]]],
			[["(FE,NI)",["NI","FE"],[0.6782462834498368,0.07153140540105651]],["MO7NI7",["NI","FE"],[0.47842538679219115,0.046128947767800965]]],
			[["(FE,NI)",["NI","FE"],[0.679823077731422,0.0696977606582514]],["MO7NI7",["NI","FE"],[0.47842538679219115,0.046128947767800965]]],
			[["(FE,NI)",["NI","FE"],[0.6813998720130072,0.06786411591544628]],["MO7NI7",["NI","FE"],[0.47941270598707336,0.044947047450488053]]],
			[["(FE,NI)",["NI","FE"],[0.6829766662945924,0.06603047117264105]],["MO7NI7",["NI","FE"],[0.48040002518195557,0.04376514713317503]]],
			[["(FE,NI)",["NI","FE"],[0.6845534605761774,0.06419682642983604]],["MO7NI7",["NI","FE"],[0.4813873443768377,0.04258324681586201]]],
			[["(FE,NI)",["NI","FE"],[0.6861302548577626,0.06236318168703092]],["MO7NI7",["NI","FE"],[0.48237466357172,0.041401346498548985]]],
			[["(FE,NI)",["NI","FE"],[0.6877070491393478,0.060529536944225804]],["MO7NI7",["NI","FE"],[0.483361982766602,0.040219446181236185]]],
			[["(FE,NI)",["NI","FE"],[0.6892838434209329,0.058695892201420685]],["MO7NI7",["NI","FE"],[0.4843493019614842,0.03903754586392316]]],
			[["(FE,NI)",["NI","FE"],[0.6908606377025179,0.05686224745861568]],["MO7NI7",["NI","FE"],[0.4853366211563664,0.03785564554661014]]],
			[["(FE,NI)",["NI","FE"],[0.6924374319841031,0.05502860271581056]],["MO7NI7",["NI","FE"],[0.4863239403512486,0.03667374522929723]]],
			[["(FE,NI)",["NI","FE"],[0.6940142262656882,0.05319495797300544]],["MO7NI7",["NI","FE"],[0.48731125954613064,0.035491844911984316]]],
			[["(FE,NI)",["NI","FE"],[0.6955910205472734,0.05136131323020032]],["MO7NI7",["NI","FE"],[0.4882985787410129,0.03430994459467129]]],
			[["(FE,NI)",["NI","FE"],[0.6971678148288586,0.04952766848739509]],["MO7NI7",["NI","FE"],[0.48928589793589505,0.03312804427735849]]],
			[["(FE,NI)",["NI","FE"],[0.6987446091104437,0.047694023744590086]],["MO7NI7",["NI","FE"],[0.49027321713077726,0.03194614396004547]]],
			[["(FE,NI)",["NI","FE"],[0.7003214033920289,0.04586037900178497]],["MO7NI7",["NI","FE"],[0.49126053632565936,0.03076424364273256]]],
			[["(FE,NI)",["NI","FE"],[0.7018981976736139,0.04402673425897996]],["MO7NI7",["NI","FE"],[0.4922478555205415,0.029582343325419647]]],
			[["(FE,NI)",["NI","FE"],[0.7034749919551991,0.04219308951617473]],["MO7NI7",["NI","FE"],[0.4932351747154238,0.028400443008106624]]],
			[["(FE,NI)",["NI","FE"],[0.7050517862367842,0.040359444773369724]],["MO7NI7",["NI","FE"],[0.4942224939103059,0.0272185426907936]]],
			[["(FE,NI)",["NI","FE"],[0.7066285805183694,0.038525800030564605]],["MO7NI7",["NI","FE"],[0.49520981310518797,0.0260366423734808]]],
			[["(FE,NI)",["NI","FE"],[0.7082053747999545,0.03669215528775949]],["MO7NI7",["NI","FE"],[0.49619713230007023,0.024854742056167778]]],
			[["(FE,NI)",["NI","FE"],[0.7097821690815397,0.03485851054495437]],["MO7NI7",["NI","FE"],[0.4971844514949524,0.023672841738854755]]],
			[["(FE,NI)",["NI","FE"],[0.7113589633631248,0.03302486580214925]],["MO7NI7",["NI","FE"],[0.4981717706898346,0.022490941421541732]]],
			[["(FE,NI)",["NI","FE"],[0.71293575764471,0.031191221059344132]],["MO7NI7",["NI","FE"],[0.4991590898847167,0.021309041104228932]]],
			[["(FE,NI)",["NI","FE"],[0.7145125519262951,0.029357576316538903]],["MO7NI7",["NI","FE"],[0.5001464090795988,0.02012714078691591]]],
			[["(FE,NI)",["NI","FE"],[0.7160893462078801,0.027523931573734006]],["MO7NI7",["NI","FE"],[0.5011337282744811,0.018945240469602886]]],
			[["(FE,NI)",["NI","FE"],[0.7176661404894653,0.025690286830928777]],["MO7NI7",["NI","FE"],[0.5021210474693633,0.017763340152289975]]],
			[["(FE,NI)",["NI","FE"],[0.7192429347710505,0.02385664208812366]],["MO7NI7",["NI","FE"],[0.5031083666642453,0.016581439834977174]]],
			[["(FE,NI)",["NI","FE"],[0.7208197290526357,0.02202299734531854]],["MO7NI7",["NI","FE"],[0.5040956858591276,0.01539953951766404]]],
			[["(FE,NI)",["NI","FE"],[0.7223965233342208,0.020189352602513422]],["MO7NI7",["NI","FE"],[0.5050830050540097,0.01421763920035124]]],
			[["(FE,NI)",["NI","FE"],[0.7239733176158059,0.018355707859708414]],["MO7NI7",["NI","FE"],[0.506070324248892,0.013035738883038217]]],
			[["(FE,NI)",["NI","FE"],[0.725550111897391,0.016522063116903185]],["MO7NI7",["NI","FE"],[0.507057643443774,0.011853838565725305]]],
			[["(FE,NI)",["NI","FE"],[0.7271269061789761,0.014688418374098178]],["MO7NI7",["NI","FE"],[0.5080449626386563,0.010671938248412283]]],
			[["(FE,NI)",["NI","FE"],[0.7287037004605613,0.012854773631292948]],["MO7NI7",["NI","FE"],[0.5090322818335384,0.00949003793109926]]],
			[["(FE,NI)",["NI","FE"],[0.7302804947421465,0.01102112888848783]],["MO7NI7",["NI","FE"],[0.5100196010284206,0.008308137613786348]]],
			[["(FE,NI)",["NI","FE"],[0.7318572890237316,0.009187484145682823]],["MO7NI7",["NI","FE"],[0.5110069202233026,0.007126237296473548]]],
			[["(FE,NI)",["NI","FE"],[0.7334340833053167,0.007353839402877815]],["MO7NI7",["NI","FE"],[0.5119942394181849,0.005944336979160525]]],
			[["(FE,NI)",["NI","FE"],[0.7350108775869019,0.005520194660072586]],["MO7NI7",["NI","FE"],[0.512981558613067,0.004762436661847502]]],
			[["(FE,NI)",["NI","FE"],[0.7365876718684871,0.0036865499172674676]],["MO7NI7",["NI","FE"],[0.5139688778079492,0.0035805363445345906]]],
			[["(FE,NI)",["NI","FE"],[0.7381644661500721,0.0018529051744623493]],["MO7NI7",["NI","FE"],[0.5149561970028314,0.002398636027221679]]]],
	"reference": "C-A58757"
}