{
    "components": [
        "CR",
        "FE",
        "MO"
    ],
    "phases": [
        "CR",
        "CR0.20MO0.17FE0.63"
    ],
    "conditions": {
        "P": [
            101325
        ],
        "T": [
            1223,
            1223,
            1223,
            1223,
            1223,
            1223,
            1223,
            1223,
            1223,
            1223,
            1223,
            1223,
            1223,
            1223,
            1223,
            1223,
            1223,
            1223,
            1223,
            1223,
            1223,
            1223,
            1223,
            1223,
            1223,
            1223,
            1223,
            1223,
            1223,
            1223,
            1223,
            1223,
            1223,
            1223,
            1223,
            1223,
            1223,
            1223,
            1223,
            1223
        ]
    },
    "broadcast_conditions": false,
    "output": "ZPF",
    "values":
			[[["CR",["MO","CR"],[0.002178382247428279,0.13626328017185796]],["CR0.20MO0.17FE0.63",["MO","CR"],[0.0013224340328213957,0.12541374013278228]]],
			[["CR",["MO","CR"],[0.004061892532013334,0.13244594934788445]],["CR0.20MO0.17FE0.63",["MO","CR"],[0.0026175968272707517,0.12195011521337573]]],
			[["CR",["MO","CR"],[0.0057204581389699305,0.1286418973391652]],["CR0.20MO0.17FE0.63",["MO","CR"],[0.0026175968272707517,0.12195011521337573]]],
			[["CR",["MO","CR"],[0.0072082123942768805,0.12485406003663413]],["CR0.20MO0.17FE0.63",["MO","CR"],[0.0037813445148113245,0.11850775073221387]]],
			[["CR",["MO","CR"],[0.008463637304373828,0.12110323669121059]],["CR0.20MO0.17FE0.63",["MO","CR"],[0.0047586296803686645,0.11510670374387844]]],
			[["CR",["MO","CR"],[0.00957951701851395,0.11738454524699393]],["CR0.20MO0.17FE0.63",["MO","CR"],[0.0056585448118540715,0.11172659452918543]]],
			[["CR",["MO","CR"],[0.010593933815702505,0.11368921681718458]],["CR0.20MO0.17FE0.63",["MO","CR"],[0.006474077369420794,0.10836932081215389]]],
			[["CR",["MO","CR"],[0.011437650651214826,0.11004288903009829]],["CR0.20MO0.17FE0.63",["MO","CR"],[0.00717569776637772,0.10504750202602564]]],
			[["CR",["MO","CR"],[0.012246055632453845,0.10640669776289258]],["CR0.20MO0.17FE0.63",["MO","CR"],[0.00784972854691618,0.10173432775663405]]],
			[["CR",["MO","CR"],[0.012893080635338172,0.10282431939106873]],["CR0.20MO0.17FE0.63",["MO","CR"],[0.008405035652513881,0.09846215593598728]]],
			[["CR",["MO","CR"],[0.013526540037742618,0.09924646453106356]],["CR0.20MO0.17FE0.63",["MO","CR"],[0.008952592323536956,0.09519288551053517]]],
			[["CR",["MO","CR"],[0.014029845937767182,0.09571704998620056]],["CR0.20MO0.17FE0.63",["MO","CR"],[0.009402839337073088,0.09196004320661844]]],
			[["CR",["MO","CR"],[0.014511278143119533,0.09219577635682485]],["CR0.20MO0.17FE0.63",["MO","CR"],[0.009853086350609164,0.08872720090270159]]],
			[["CR",["MO","CR"],[0.01491074766327638,0.08870770207871947]],["CR0.20MO0.17FE0.63",["MO","CR"],[0.010211308600772517,0.08553111977211114]]],
			[["CR",["MO","CR"],[0.015261484496853828,0.08523936719270775]],["CR0.20MO0.17FE0.63",["MO","CR"],[0.010568619566014903,0.08233540267291528]]],
			[["CR",["MO","CR"],[0.015585626946284459,0.08178255226322251]],["CR0.20MO0.17FE0.63",["MO","CR"],[0.010864160005528534,0.07916571200125588]]],
			[["CR",["MO","CR"],[0.0158223970930087,0.07836358461469828]],["CR0.20MO0.17FE0.63",["MO","CR"],[0.011140372469004567,0.07600416498972984]]],
			[["CR",["MO","CR"],[0.016059167239732997,0.07494461696617405]],["CR0.20MO0.17FE0.63",["MO","CR"],[0.011388731099614524,0.07285488707506738]]],
			[["CR",["MO","CR"],[0.016228180431202943,0.07155665925852372]],["CR0.20MO0.17FE0.63",["MO","CR"],[0.011592728507095695,0.06972514945657116]]],
			[["CR",["MO","CR"],[0.01636427063505591,0.06818376922762392]],["CR0.20MO0.17FE0.63",["MO","CR"],[0.011796725914576811,0.06659541183807471]]],
			[["CR",["MO","CR"],[0.01650036083890888,0.06481087919672435]],["CR0.20MO0.17FE0.63",["MO","CR"],[0.01194506623562841,0.06349113717321131]]],
			[["CR",["MO","CR"],[0.016553096892522212,0.06147792603545099]],["CR0.20MO0.17FE0.63",["MO","CR"],[0.012084392049195758,0.06039098661905529]]],
			[["CR",["MO","CR"],[0.0166010474471876,0.05814726571559037]],["CR0.20MO0.17FE0.63",["MO","CR"],[0.012213043339866891,0.057295881602903664]]],
			[["CR",["MO","CR"],[0.01664501960102338,0.05481858691916952]],["CR0.20MO0.17FE0.63",["MO","CR"],[0.0122946284360132,0.05422302341459684]]],
			[["CR",["MO","CR"],[0.016614084876500013,0.05152721701685925]],["CR0.20MO0.17FE0.63",["MO","CR"],[0.012376213532159452,0.05115016522629001]]],
			[["CR",["MO","CR"],[0.016583150151976644,0.04823584711454876]],["CR0.20MO0.17FE0.63",["MO","CR"],[0.012439250832866233,0.04808632601649132]]],
			[["CR",["MO","CR"],[0.016552215427453332,0.04494447721223849]],["CR0.20MO0.17FE0.63",["MO","CR"],[0.012468805332012722,0.04503876802289697]]],
			[["CR",["MO","CR"],[0.01645189213706405,0.04168884176677978]],["CR0.20MO0.17FE0.63",["MO","CR"],[0.012498359831159045,0.041991210029302506]]],
			[["CR",["MO","CR"],[0.016350657620249343,0.03843367559433408]],["CR0.20MO0.17FE0.63",["MO","CR"],[0.01251020453149232,0.03895248106286542]]],
			[["CR",["MO","CR"],[0.01624942310343469,0.03517850942188838]],["CR0.20MO0.17FE0.63",["MO","CR"],[0.012492465073848158,0.03592850095591382]]],
			[["CR",["MO","CR"],[0.016100324256316245,0.0319487194330208]],["CR0.20MO0.17FE0.63",["MO","CR"],[0.012474725616204052,0.032904520848962227]]],
			[["CR",["MO","CR"],[0.015935683341713636,0.028727169366349115]],["CR0.20MO0.17FE0.63",["MO","CR"],[0.012446757586768664,0.029885754339089576]]],
			[["CR",["MO","CR"],[0.01577104242711108,0.02550561929967765]],["CR0.20MO0.17FE0.63",["MO","CR"],[0.012385978384462537,0.02688371198568118]]],
			[["CR",["MO","CR"],[0.015586144315760164,0.022295086822265553]],["CR0.20MO0.17FE0.63",["MO","CR"],[0.012325199182156354,0.023881669632272673]]],
			[["CR",["MO","CR"],[0.015364289538735032,0.019104654527907883]],["CR0.20MO0.17FE0.63",["MO","CR"],[0.012264419979850283,0.020879627278864277]]],
			[["CR",["MO","CR"],[0.0151424347617099,0.015914222233550213]],["CR0.20MO0.17FE0.63",["MO","CR"],[0.01216696444163401,0.017896650633701272]]],
			[["CR",["MO","CR"],[0.014920579984684657,0.012723789939192431]],["CR0.20MO0.17FE0.63",["MO","CR"],[0.012067354214656878,0.01491479407499885]]],
			[["CR",["MO","CR"],[0.014657786884672341,0.009556133557630964]],["CR0.20MO0.17FE0.63",["MO","CR"],[0.011967743987679802,0.011932937516296427]]],
			[["CR",["MO","CR"],[0.01438380451217297,0.0063947022941452936]],["CR0.20MO0.17FE0.63",["MO","CR"],[0.01185020236172446,0.008960569063595214]]],
			[["CR",["MO","CR"],[0.0141098221396736,0.0032332710306597345]],["CR0.20MO0.17FE0.63",["MO","CR"],[0.011714324910954144,0.005997902712201242]]]],
	"reference": "C-A58757"
}