{
    "components": [
        "CR",
        "FE",
        "MO"
    ],
    "phases": [
        "CR0.20MO0.17FE0.63",
        "CR",
        "(CR0.48FE0.52HT,MO0.5FE0.5HT)",
        "MO5.1FE7.9RT"
    ],
    "conditions": {
        "P": [
            101325
        ],
        "T": [
            1223,
            1223,
            1223,
            1223,
            1223,
            1223,
            1223,
            1223,
            1223,
            1223,
            1223,
            1223,
            1223,
            1223,
            1223,
            1223,
            1223,
            1223,
            1223,
            1223,
            1223,
            1223,
            1223,
            1223,
            1223,
            1223,
            1223,
            1223,
            1223,
            1223,
            1223,
            1223,
            1223,
            1223,
            1223,
            1223,
            1223,
            1223,
            1223,
            1223,
            1223,
            1223
        ]
    },
    "broadcast_conditions": false,
    "output": "ZPF",
    "values":
			[[["(CR0.48FE0.52HT,MO0.5FE0.5HT)",["MO","CR"],[0.08309744484618459,0.2899694448461845]],["CR0.20MO0.17FE0.63",["MO","CR"],[0.13439967990173057,0.24169367990173063]],["CR",["MO","CR"],[0.0429800834086313,0.24199008340863126]]],
			[["CR0.20MO0.17FE0.63",["MO","CR"],[0.13427420951389296,0.23952014998553262]],["CR",["MO","CR"],[0.04334097636145001,0.23862094940402168]]],
			[["CR0.20MO0.17FE0.63",["MO","CR"],[0.13453903088413877,0.2378489118274183]],["CR",["MO","CR"],[0.04320922016722989,0.23575716625237297]]],
			[["CR0.20MO0.17FE0.63",["MO","CR"],[0.1348421353689992,0.23616391405711723]],["CR",["MO","CR"],[0.04320922016722989,0.23575716625237297]]],
			[["CR0.20MO0.17FE0.63",["MO","CR"],[0.13515298789970853,0.23447613150540125]],["CR",["MO","CR"],[0.04313021572831233,0.23286590593785517]]],
			[["CR0.20MO0.17FE0.63",["MO","CR"],[0.13547664464976078,0.23278404665104424]],["CR",["MO","CR"],[0.04309881545437477,0.2299498497205864]]],
			[["CR0.20MO0.17FE0.63",["MO","CR"],[0.1358342393912063,0.23108055840643738]],["CR",["MO","CR"],[0.04306741518043722,0.22703379350331776]]],
			[["CR0.20MO0.17FE0.63",["MO","CR"],[0.1361918341326518,0.22937707016183062]],["CR",["MO","CR"],[0.043134726743262075,0.22406883585443516]]],
			[["CR0.20MO0.17FE0.63",["MO","CR"],[0.1365845710401411,0.22766262149452032]],["CR",["MO","CR"],[0.043202119758552926,0.22110383785434096]]],
			[["CR0.20MO0.17FE0.63",["MO","CR"],[0.13698957296474734,0.22594434751456705]],["CR",["MO","CR"],[0.043317369424858254,0.21811632553662386]]],
			[["CR0.20MO0.17FE0.63",["MO","CR"],[0.13740557133265335,0.2242229162559044]],["CR",["MO","CR"],[0.043480825642633225,0.215106134289473]]],
			[["CR0.20MO0.17FE0.63",["MO","CR"],[0.13785817451843607,0.22249097508881155]],["CR",["MO","CR"],[0.04364605503241853,0.21209515194377926]]],
			[["CR0.20MO0.17FE0.63",["MO","CR"],[0.13831077770421885,0.2207590339217187]],["CR",["MO","CR"],[0.04390277497384609,0.20904335119937612]]],
			[["CR0.20MO0.17FE0.63",["MO","CR"],[0.13879970449785395,0.2190175969300011]],["CR",["MO","CR"],[0.0441594949152736,0.20599155045497297]]],
			[["CR0.20MO0.17FE0.63",["MO","CR"],[0.13930128078334508,0.21727285307083966]],["CR",["MO","CR"],[0.04446681602408398,0.20291837370055976]]],
			[["CR0.20MO0.17FE0.63",["MO","CR"],[0.13981604502148065,0.21552501219623332]],["CR",["MO","CR"],[0.044814007817609525,0.19982835393244436]]],
			[["CR0.20MO0.17FE0.63",["MO","CR"],[0.14036628573074567,0.2137688401437734]],["CR",["MO","CR"],[0.04517116787039088,0.19673435220309154]]],
			[["CR0.20MO0.17FE0.63",["MO","CR"],[0.14091652644001051,0.21201266809131325]],["CR",["MO","CR"],[0.04560469375079457,0.1936098450707745]]],
			[["CR0.20MO0.17FE0.63",["MO","CR"],[0.14150697583801275,0.21024815308739542]],["CR",["MO","CR"],[0.04603821963119831,0.19048533793845746]]],
			[["CR0.20MO0.17FE0.63",["MO","CR"],[0.142106381183434,0.20848177980267013]],["CR",["MO","CR"],[0.04652893669757269,0.18733925809765473]]],
			[["CR0.20MO0.17FE0.63",["MO","CR"],[0.1427246104886742,0.20671203567530583]],["CR",["MO","CR"],[0.04704589646242707,0.18418327942236223]]],
			[["CR0.20MO0.17FE0.63",["MO","CR"],[0.1433735865294956,0.20493678567094775]],["CR",["MO","CR"],[0.0475837150181459,0.18101987950132892]]],
			[["CR0.20MO0.17FE0.63",["MO","CR"],[0.14402256257031704,0.20316153566658968]],["CR",["MO","CR"],[0.048178886845848035,0.17783607414413216]]],
			[["CR0.20MO0.17FE0.63",["MO","CR"],[0.14471823057726835,0.20137929142430755]],["CR",["MO","CR"],[0.04877405867355017,0.1746522687869354]]],
			[["CR0.20MO0.17FE0.63",["MO","CR"],[0.14541609625688545,0.19959671798094913]],["CR",["MO","CR"],[0.04943360150123938,0.1714468843720971]]],
			[["CR0.20MO0.17FE0.63",["MO","CR"],[0.14614067699473043,0.1978109513384686]],["CR",["MO","CR"],[0.05010388108907038,0.16823790067860778]]],
			[["CR0.20MO0.17FE0.63",["MO","CR"],[0.14688785374566904,0.19602248383834597]],["CR",["MO","CR"],[0.05080614522005972,0.16501882630925802]]],
			[["CR0.20MO0.17FE0.63",["MO","CR"],[0.147641770162662,0.19423342310209601]],["CR",["MO","CR"],[0.05154671338301575,0.1617876675537464]]],
			[["CR0.20MO0.17FE0.63",["MO","CR"],[0.1484379116764169,0.19244064564565977]],["CR",["MO","CR"],[0.05229111006326542,0.1585553727172293]]],
			[["CR0.20MO0.17FE0.63",["MO","CR"],[0.1492340531901718,0.1906478681892234]],["CR",["MO","CR"],[0.05309756913120128,0.1553046613778195]]],
			[["CR0.20MO0.17FE0.63",["MO","CR"],[0.1500658230382969,0.18885311218707623]],["CR",["MO","CR"],[0.0539040281991372,0.1520539500384097]]],
			[["CR0.20MO0.17FE0.63",["MO","CR"],[0.1509100782027019,0.18705766283876457]],["CR",["MO","CR"],[0.05475121717086989,0.14879187484406042]]],
			[["CR0.20MO0.17FE0.63",["MO","CR"],[0.15177115238588423,0.18526184847581162]],["CR",["MO","CR"],[0.05561885097197605,0.14552409543601041]]],
			[["CR0.20MO0.17FE0.63",["MO","CR"],[0.1526637642419315,0.18346534966672612]],["CR",["MO","CR"],[0.056502055245984506,0.14225223093194495]]],
			[["CR0.20MO0.17FE0.63",["MO","CR"],[0.15355637609797873,0.1816688508576405]],["CR",["MO","CR"],[0.0574260645516631,0.13896966074968098]]],
			[["CR0.20MO0.17FE0.63",["MO","CR"],[0.15449414297502945,0.17987296170184397]],["CR",["MO","CR"],[0.058350073857341644,0.135687090567417]]],
			[["CR0.20MO0.17FE0.63",["MO","CR"],[0.1554338443982029,0.1780770986650122]],["CR",["MO","CR"],[0.05932045933241725,0.13239307636094355]]],
			[["CR0.20MO0.17FE0.63",["MO","CR"],[0.15639989057783704,0.17628254832431445]],["CR",["MO","CR"],[0.06029669237371882,0.12909761917868467]]],
			[["CR0.20MO0.17FE0.63",["MO","CR"],[0.15738578011142307,0.1744889867304309]],["CR",["MO","CR"],[0.06129666053042515,0.12579664939370816]]],
			[["CR0.20MO0.17FE0.63",["MO","CR"],[0.15837989203983455,0.17269614666789157]],["CR",["MO","CR"],[0.06232029903020225,0.12249018204972173]]],
			[["CR0.20MO0.17FE0.63",["MO","CR"],[0.15941146672174622,0.17090659403577468]],["CR",["MO","CR"],[0.06334875290204439,0.11918266024691837]]],
			[["MO5.1FE7.9RT",["MO","CR"],[0.3731070832604315,0.07830508326043151]],["CR0.20MO0.17FE0.63",["MO","CR"],[0.161071575123378,0.16878757512337794]],["CR",["MO","CR"],[0.06529726699613092,0.11173726699613096]]]],
	"reference": "C-A58757"
}