{
    "components": [
        "CR",
        "FE",
        "MO"
    ],
    "phases": [
        "MO5.1FE7.9RT",
        "(CR0.48FE0.52HT,MO0.5FE0.5HT)",
        "CR",
        "CR0.20MO0.17FE0.63"
    ],
    "conditions": {
        "P": [
            101325
        ],
        "T": [
            1223,
            1223,
            1223,
            1223,
            1223,
            1223,
            1223,
            1223,
            1223,
            1223,
            1223,
            1223,
            1223,
            1223,
            1223,
            1223,
            1223,
            1223,
            1223,
            1223,
            1223,
            1223,
            1223,
            1223,
            1223,
            1223,
            1223,
            1223,
            1223,
            1223,
            1223,
            1223,
            1223,
            1223,
            1223,
            1223,
            1223,
            1223,
            1223,
            1223,
            1223,
            1223
        ]
    },
    "broadcast_conditions": false,
    "output": "ZPF",
    "values":
			[[["(CR0.48FE0.52HT,MO0.5FE0.5HT)",["MO","CR"],[0.34148226588393443,0.36783226588393436]],["MO5.1FE7.9RT",["MO","CR"],[0.4018090071718077,0.21823100717180766]],["CR",["MO","CR"],[0.7898001154897771,0.17792011548977704]]],
			[["MO5.1FE7.9RT",["MO","CR"],[0.3992432402003855,0.21954774121208376]],["(CR0.48FE0.52HT,MO0.5FE0.5HT)",["MO","CR"],[0.336296899402998,0.3719983298441505]]],
			[["MO5.1FE7.9RT",["MO","CR"],[0.39742145776117355,0.2200670476120843]],["(CR0.48FE0.52HT,MO0.5FE0.5HT)",["MO","CR"],[0.3314973405431969,0.37629820142550185]]],
			[["MO5.1FE7.9RT",["MO","CR"],[0.39562732625481334,0.2204760932278207]],["(CR0.48FE0.52HT,MO0.5FE0.5HT)",["MO","CR"],[0.3314973405431969,0.37629820142550185]]],
			[["MO5.1FE7.9RT",["MO","CR"],[0.39388471764742383,0.22074210031850372]],["(CR0.48FE0.52HT,MO0.5FE0.5HT)",["MO","CR"],[0.3266643265225853,0.3805443292375159]]],
			[["MO5.1FE7.9RT",["MO","CR"],[0.3921697482734398,0.22093137501914506]],["(CR0.48FE0.52HT,MO0.5FE0.5HT)",["MO","CR"],[0.3217094729343681,0.38459472887310153]]],
			[["MO5.1FE7.9RT",["MO","CR"],[0.39053135723611887,0.22095469661652722]],["(CR0.48FE0.52HT,MO0.5FE0.5HT)",["MO","CR"],[0.3167546193461508,0.38864512850868715]]],
			[["MO5.1FE7.9RT",["MO","CR"],[0.3889140026236328,0.2209324301254898]],["(CR0.48FE0.52HT,MO0.5FE0.5HT)",["MO","CR"],[0.31171819951888885,0.3925138343837946]]],
			[["MO5.1FE7.9RT",["MO","CR"],[0.3873916294934212,0.22073912672989882]],["(CR0.48FE0.52HT,MO0.5FE0.5HT)",["MO","CR"],[0.30662310958871253,0.39625184903480004]]],
			[["MO5.1FE7.9RT",["MO","CR"],[0.38588252935956363,0.22052192212581745]],["(CR0.48FE0.52HT,MO0.5FE0.5HT)",["MO","CR"],[0.30151535506951477,0.39994572339327683]]],
			[["MO5.1FE7.9RT",["MO","CR"],[0.38447584003020885,0.22014532006762155]],["(CR0.48FE0.52HT,MO0.5FE0.5HT)",["MO","CR"],[0.2963092681633407,0.4032968767744818]]],
			[["MO5.1FE7.9RT",["MO","CR"],[0.38307950336717544,0.2197526045860132]],["(CR0.48FE0.52HT,MO0.5FE0.5HT)",["MO","CR"],[0.2911031812571666,0.40664803015568673]]],
			[["MO5.1FE7.9RT",["MO","CR"],[0.38177910092513745,0.21922732146376478]],["(CR0.48FE0.52HT,MO0.5FE0.5HT)",["MO","CR"],[0.2858469701547538,0.40962910011374576]]],
			[["MO5.1FE7.9RT",["MO","CR"],[0.3804943663442863,0.2186803875544474]],["(CR0.48FE0.52HT,MO0.5FE0.5HT)",["MO","CR"],[0.28057750867125897,0.4125123381511585]]],
			[["MO5.1FE7.9RT",["MO","CR"],[0.37928685774545956,0.21803686026882674]],["(CR0.48FE0.52HT,MO0.5FE0.5HT)",["MO","CR"],[0.27531018657401557,0.4150721214729769]]],
			[["MO5.1FE7.9RT",["MO","CR"],[0.37810966379923683,0.21735541576195838]],["(CR0.48FE0.52HT,MO0.5FE0.5HT)",["MO","CR"],[0.2700443713051176,0.41740408677755636]]],
			[["MO5.1FE7.9RT",["MO","CR"],[0.3769798301554029,0.2166195629320513]],["(CR0.48FE0.52HT,MO0.5FE0.5HT)",["MO","CR"],[0.2648198608253195,0.41944171248553996]]],
			[["MO5.1FE7.9RT",["MO","CR"],[0.37590318739708795,0.2158226035057742]],["(CR0.48FE0.52HT,MO0.5FE0.5HT)",["MO","CR"],[0.259641620572605,0.42114961468516077]]],
			[["MO5.1FE7.9RT",["MO","CR"],[0.3748368609128164,0.21501463160914125]],["(CR0.48FE0.52HT,MO0.5FE0.5HT)",["MO","CR"],[0.25453749285548055,0.42257935355810794]]],
			[["MO5.1FE7.9RT",["MO","CR"],[0.3738529944177248,0.21411863489050964]],["(CR0.48FE0.52HT,MO0.5FE0.5HT)",["MO","CR"],[0.24953869176327514,0.4236137746330404]]],
			[["MO5.1FE7.9RT",["MO","CR"],[0.37286912792263316,0.21322263817187803]],["(CR0.48FE0.52HT,MO0.5FE0.5HT)",["MO","CR"],[0.24463987604411472,0.42438895982857905]]],
			[["MO5.1FE7.9RT",["MO","CR"],[0.3719390393270009,0.21227281577566348]],["(CR0.48FE0.52HT,MO0.5FE0.5HT)",["MO","CR"],[0.23990748515690105,0.42473264903276686]]],
			[["MO5.1FE7.9RT",["MO","CR"],[0.3710405005641346,0.21129141551673358]],["(CR0.48FE0.52HT,MO0.5FE0.5HT)",["MO","CR"],[0.23528343744117533,0.42485915131619545]]],
			[["MO5.1FE7.9RT",["MO","CR"],[0.37014376902956736,0.21030830645271037]],["(CR0.48FE0.52HT,MO0.5FE0.5HT)",["MO","CR"],[0.23088695166451606,0.4245294783174254]]],
			[["MO5.1FE7.9RT",["MO","CR"],[0.3693221613207705,0.2092541648710018]],["(CR0.48FE0.52HT,MO0.5FE0.5HT)",["MO","CR"],[0.2265741277655378,0.42406186264958934]]],
			[["MO5.1FE7.9RT",["MO","CR"],[0.36850055361197365,0.20820002328929332]],["(CR0.48FE0.52HT,MO0.5FE0.5HT)",["MO","CR"],[0.22255765115799556,0.42310562614889247]]],
			[["MO5.1FE7.9RT",["MO","CR"],[0.3676992730280897,0.20712761236148292]],["(CR0.48FE0.52HT,MO0.5FE0.5HT)",["MO","CR"],[0.21855548917330941,0.4221292014297868]]],
			[["MO5.1FE7.9RT",["MO","CR"],[0.366948146222544,0.20601012488011627]],["(CR0.48FE0.52HT,MO0.5FE0.5HT)",["MO","CR"],[0.21493647338443994,0.4206124174457988]]],
			[["MO5.1FE7.9RT",["MO","CR"],[0.36619701941699845,0.20489263739874963]],["(CR0.48FE0.52HT,MO0.5FE0.5HT)",["MO","CR"],[0.21131745759557044,0.4190956334618108]]],
			[["MO5.1FE7.9RT",["MO","CR"],[0.36547255607467044,0.2037522530519108]],["(CR0.48FE0.52HT,MO0.5FE0.5HT)",["MO","CR"],[0.20799082320111284,0.41721651962844286]]],
			[["MO5.1FE7.9RT",["MO","CR"],[0.3647845562843476,0.2025805561543319]],["(CR0.48FE0.52HT,MO0.5FE0.5HT)",["MO","CR"],[0.20476571310616143,0.4152115931241884]]],
			[["MO5.1FE7.9RT",["MO","CR"],[0.36409655649402467,0.20140885925675311]],["(CR0.48FE0.52HT,MO0.5FE0.5HT)",["MO","CR"],[0.20165890714033252,0.41307530922266933]]],
			[["MO5.1FE7.9RT",["MO","CR"],[0.363432941961374,0.20021706310672172]],["(CR0.48FE0.52HT,MO0.5FE0.5HT)",["MO","CR"],[0.19880965342382478,0.4106530556480592]]],
			[["MO5.1FE7.9RT",["MO","CR"],[0.3628023686723641,0.19899803311293884]],["(CR0.48FE0.52HT,MO0.5FE0.5HT)",["MO","CR"],[0.19596039970731705,0.4082308020734492]]],
			[["MO5.1FE7.9RT",["MO","CR"],[0.3621717953833542,0.19777900311915597]],["(CR0.48FE0.52HT,MO0.5FE0.5HT)",["MO","CR"],[0.19336747520809275,0.40554974210893224]]],
			[["MO5.1FE7.9RT",["MO","CR"],[0.36155653473971505,0.196547814005535]],["(CR0.48FE0.52HT,MO0.5FE0.5HT)",["MO","CR"],[0.1908674612371142,0.40277487372626286]]],
			[["MO5.1FE7.9RT",["MO","CR"],[0.3609779723162806,0.19528748439747257]],["(CR0.48FE0.52HT,MO0.5FE0.5HT)",["MO","CR"],[0.18836744726613572,0.4000000053435935]]],
			[["MO5.1FE7.9RT",["MO","CR"],[0.36039940989284625,0.1940271547894099]],["(CR0.48FE0.52HT,MO0.5FE0.5HT)",["MO","CR"],[0.18618099173456737,0.39693388401935936]]],
			[["MO5.1FE7.9RT",["MO","CR"],[0.35982238244523695,0.19276564720451272]],["(CR0.48FE0.52HT,MO0.5FE0.5HT)",["MO","CR"],[0.18399982382059996,0.393862851220942]]],
			[["MO5.1FE7.9RT",["MO","CR"],[0.35929133988639606,0.19146884972591316]],["(CR0.48FE0.52HT,MO0.5FE0.5HT)",["MO","CR"],[0.18183319674175857,0.39077927657727474]]],
			[["MO5.1FE7.9RT",["MO","CR"],[0.3587602973275551,0.1901720522473137]],["(CR0.48FE0.52HT,MO0.5FE0.5HT)",["MO","CR"],[0.1799406127844214,0.3874593326747655]]],
