{
    "components": [
        "CR",
        "FE",
        "MO"
    ],
    "phases": [
        "(CR0.48FE0.52HT,MO0.5FE0.5HT)",
        "CR",
        "MO5.1FE7.9RT",
        "CR0.20MO0.17FE0.63"
    ],
    "conditions": {
        "P": [
            101325
        ],
        "T": [
            1223,
            1223,
            1223,
            1223,
            1223,
            1223,
            1223,
            1223,
            1223,
            1223,
            1223,
            1223,
            1223,
            1223,
            1223,
            1223,
            1223,
            1223,
            1223,
            1223,
            1223,
            1223,
            1223,
            1223,
            1223,
            1223,
            1223,
            1223,
            1223,
            1223,
            1223,
            1223,
            1223,
            1223,
            1223,
            1223,
            1223,
            1223,
            1223,
            1223,
            1223,
            1223
        ]
    },
    "broadcast_conditions": false,
    "output": "ZPF",
    "values":
			[[["(CR0.48FE0.52HT,MO0.5FE0.5HT)",["MO","CR"],[0.34148226588393443,0.36783226588393436]],["MO5.1FE7.9RT",["MO","CR"],[0.4018090071718077,0.21823100717180766]],["CR",["MO","CR"],[0.7898001154897771,0.17792011548977704]]],
			[["(CR0.48FE0.52HT,MO0.5FE0.5HT)",["MO","CR"],[0.3303473738117816,0.38048243626528444]],["CR",["MO","CR"],[0.7577722299479784,0.2065511455514638]]],
			[["(CR0.48FE0.52HT,MO0.5FE0.5HT)",["MO","CR"],[0.3189772705030112,0.39266549594327027]],["CR",["MO","CR"],[0.7276136988710902,0.23390407345317954]]],
			[["(CR0.48FE0.52HT,MO0.5FE0.5HT)",["MO","CR"],[0.30735578559146476,0.40463696615120504]],["CR",["MO","CR"],[0.7276136988710902,0.23390407345317954]]],
			[["(CR0.48FE0.52HT,MO0.5FE0.5HT)",["MO","CR"],[0.2954851427984978,0.4163582315842591]],["CR",["MO","CR"],[0.6974192217307348,0.2612086785131219]]],
			[["(CR0.48FE0.52HT,MO0.5FE0.5HT)",["MO","CR"],[0.28342925187189705,0.427878287764215]],["CR",["MO","CR"],[0.6671683087090416,0.2884361631823473]]],
			[["(CR0.48FE0.52HT,MO0.5FE0.5HT)",["MO","CR"],[0.2710722326670696,0.4390294030595099]],["CR",["MO","CR"],[0.6368852365727107,0.31561915975194643]]],
			[["(CR0.48FE0.52HT,MO0.5FE0.5HT)",["MO","CR"],[0.2584297859420013,0.4497404157795575]],["CR",["MO","CR"],[0.6065562470684052,0.3427383159667171]]],
			[["(CR0.48FE0.52HT,MO0.5FE0.5HT)",["MO","CR"],[0.24554890537228688,0.4600035325255232]],["CR",["MO","CR"],[0.5761650805072368,0.3697694205964802]]],
			[["(CR0.48FE0.52HT,MO0.5FE0.5HT)",["MO","CR"],[0.23242214683799187,0.4697011548156398]],["CR",["MO","CR"],[0.5457296866213691,0.39673693124405573]]],
			[["(CR0.48FE0.52HT,MO0.5FE0.5HT)",["MO","CR"],[0.21906626580931574,0.47868942550167903]],["CR",["MO","CR"],[0.5152444057662651,0.42363216476920906]]],
			[["(CR0.48FE0.52HT,MO0.5FE0.5HT)",["MO","CR"],[0.20553210214698395,0.4868042919220821]],["CR",["MO","CR"],[0.48468357362150777,0.45041589722926456]]],
			[["(CR0.48FE0.52HT,MO0.5FE0.5HT)",["MO","CR"],[0.19190969122182425,0.4938730367472358]],["CR",["MO","CR"],[0.45405223102735653,0.4770930779859407]]],
			[["(CR0.48FE0.52HT,MO0.5FE0.5HT)",["MO","CR"],[0.1783257792349821,0.49973955000250814]],["CR",["MO","CR"],[0.42334723716218714,0.5036567479171127]]],
			[["(CR0.48FE0.52HT,MO0.5FE0.5HT)",["MO","CR"],[0.16492900716066355,0.5042895033608092]],["CR",["MO","CR"],[0.392555906472071,0.5300844383035666]]],
			[["(CR0.48FE0.52HT,MO0.5FE0.5HT)",["MO","CR"],[0.15186650068847526,0.5074723041147863]],["CR",["MO","CR"],[0.36166174316787725,0.5563456575358705]]],
			[["(CR0.48FE0.52HT,MO0.5FE0.5HT)",["MO","CR"],[0.1392628905477535,0.5092996182690493]],["CR",["MO","CR"],[0.3306426490966994,0.5823974475143339]]],
			[["(CR0.48FE0.52HT,MO0.5FE0.5HT)",["MO","CR"],[0.12720107711259374,0.5098497539718203]],["CR",["MO","CR"],[0.2994685966745614,0.6081774973474876]]],
			[["(CR0.48FE0.52HT,MO0.5FE0.5HT)",["MO","CR"],[0.11572263197415245,0.5092365995737134]],["CR",["MO","CR"],[0.26809730899260725,0.6335905569054958]]],
			[["(CR0.48FE0.52HT,MO0.5FE0.5HT)",["MO","CR"],[0.10483018255255538,0.5075967470739727]],["CR",["MO","CR"],[0.23645935646211763,0.6584635481312144]]],
			[["(CR0.48FE0.52HT,MO0.5FE0.5HT)",["MO","CR"],[0.09449864009860132,0.5050701299052083]],["CR",["MO","CR"],[0.20434635845925112,0.6822053477576653]]],
			[["(CR0.48FE0.52HT,MO0.5FE0.5HT)",["MO","CR"],[0.08475783073119297,0.5016890968506096]],["CR",["MO","CR"],[0.17173319234364634,0.7044130573890216]]],
			[["(CR0.48FE0.52HT,MO0.5FE0.5HT)",["MO","CR"],[0.07542961309663399,0.4977633309083811]],["CR",["MO","CR"],[0.13870626512121675,0.7246257959416389]]],
			[["(CR0.48FE0.52HT,MO0.5FE0.5HT)",["MO","CR"],[0.06658391330543209,0.4932177828013671]],["CR",["MO","CR"],[0.10561467639636796,0.7391012178537117]]],
			[["(CR0.48FE0.52HT,MO0.5FE0.5HT)",["MO","CR"],[0.05849991490002002,0.48776054638039257]],["CR",["MO","CR"],[0.07881613704528495,0.736502988533593]]],
			[["(CR0.48FE0.52HT,MO0.5FE0.5HT)",["MO","CR"],[0.05131491187425366,0.48133434480619186]],["CR",["MO","CR"],[0.0668918026543557,0.7156479858760365]]],
			[["(CR0.48FE0.52HT,MO0.5FE0.5HT)",["MO","CR"],[0.04503505058444637,0.4740179769851327]],["CR",["MO","CR"],[0.058052828204942966,0.6922456894999447]]],
			[["(CR0.48FE0.52HT,MO0.5FE0.5HT)",["MO","CR"],[0.039812007604784566,0.46574845092335715]],["CR",["MO","CR"],[0.05052570393495165,0.6678990224774002]]],
			[["(CR0.48FE0.52HT,MO0.5FE0.5HT)",["MO","CR"],[0.03578468777475641,0.45650478318037757]],["CR",["MO","CR"],[0.044051613870434936,0.642829257169641]]],
			[["(CR0.48FE0.52HT,MO0.5FE0.5HT)",["MO","CR"],[0.033056047398386745,0.44631924249509924]],["CR",["MO","CR"],[0.038505424753354334,0.6171475829056772]]],
			[["(CR0.48FE0.52HT,MO0.5FE0.5HT)",["MO","CR"],[0.031672885999904365,0.435277429671887]],["CR",["MO","CR"],[0.033679287400620095,0.5910074811643691]]],
			[["(CR0.48FE0.52HT,MO0.5FE0.5HT)",["MO","CR"],[0.0316239543222645,0.42350160083784294]],["CR",["MO","CR"],[0.029583546678134565,0.5644164977058017]]],
			[["(CR0.48FE0.52HT,MO0.5FE0.5HT)",["MO","CR"],[0.03297397600556945,0.41108443932030303]],["CR",["MO","CR"],[0.02605393377562179,0.5374861168236909]]],
			[["(CR0.48FE0.52HT,MO0.5FE0.5HT)",["MO","CR"],[0.0354705827701145,0.39824114711872594]],["CR",["MO","CR"],[0.023041553128937298,0.5102529311393059]]],
			[["(CR0.48FE0.52HT,MO0.5FE0.5HT)",["MO","CR"],[0.03897957550441661,0.3850931096992083]],["CR",["MO","CR"],[0.02049852428928617,0.4827510188363746]]],
			[["(CR0.48FE0.52HT,MO0.5FE0.5HT)",["MO","CR"],[0.04336218781133394,0.3717378288484835]],["CR",["MO","CR"],[0.018371092107608233,0.45501589229058015]]],
			[["(CR0.48FE0.52HT,MO0.5FE0.5HT)",["MO","CR"],[0.0484896055022892,0.35824818642277967]],["CR",["MO","CR"],[0.017447473168486216,0.4266323122922613]]],
			[["(CR0.48FE0.52HT,MO0.5FE0.5HT)",["MO","CR"],[0.05424903671354464,0.34467613060320923]],["CR",["MO","CR"],[0.017664305319838813,0.39766785423864026]]],
			[["(CR0.48FE0.52HT,MO0.5FE0.5HT)",["MO","CR"],[0.060684747896920355,0.33105707477927127]],["CR",["MO","CR"],[0.019076634442593887,0.368131003714099]]],
			[["(CR0.48FE0.52HT,MO0.5FE0.5HT)",["MO","CR"],[0.0676152206922464,0.3174352853033402]],["CR",["MO","CR"],[0.021855361697493303,0.3379864088306792]]],
			[["(CR0.48FE0.52HT,MO0.5FE0.5HT)",["MO","CR"],[0.07490482652289593,0.3038244530872798]],["CR",["MO","CR"],[0.026314284233901752,0.30716325179717496]]],
			[["(CR0.48FE0.52HT,MO0.5FE0.5HT)",["MO","CR"],[0.08309744484618459,0.2899694448461845]],["CR0.20MO0.17FE0.63",["MO","CR"],[0.13439967990173057,0.24169367990173063]],["CR",["MO","CR"],[0.0429800834086313,0.24199008340863126]]]],
	"reference": "C-A58757"
}