{
    "components": [
        "CR",
        "FE",
        "MO"
    ],
    "phases": [
        "CR0.20MO0.17FE0.63",
        "(CR0.48FE0.52HT,MO0.5FE0.5HT)",
        "MO5.1FE7.9RT",
        "CR"
    ],
    "conditions": {
        "P": [
            101325
        ],
        "T": [
            1223,
            1223,
            1223,
            1223,
            1223,
            1223,
            1223,
            1223,
            1223,
            1223,
            1223,
            1223,
            1223,
            1223,
            1223,
            1223,
            1223,
            1223,
            1223,
            1223,
            1223,
            1223,
            1223,
            1223,
            1223,
            1223,
            1223,
            1223,
            1223,
            1223,
            1223,
            1223,
            1223,
            1223,
            1223,
            1223,
            1223,
            1223,
            1223,
            1223,
            1223,
            1223
        ]
    },
    "broadcast_conditions": false,
    "output": "ZPF",
    "values":
			[[["CR0.20MO0.17FE0.63",["MO","CR"],[0.17153247019682555,0.27853447019682553]],["MO5.1FE7.9RT",["MO","CR"],[0.3585229415940794,0.1880469415940793]],["(CR0.48FE0.52HT,MO0.5FE0.5HT)",["MO","CR"],[0.1755369577566874,0.38095295775668747]]],
			[["CR0.20MO0.17FE0.63",["MO","CR"],[0.1697671410148056,0.278483353818061]],["(CR0.48FE0.52HT,MO0.5FE0.5HT)",["MO","CR"],[0.17137776178682854,0.37971395806596764]]],
			[["CR0.20MO0.17FE0.63",["MO","CR"],[0.1684995660975911,0.2779979917041018]],["(CR0.48FE0.52HT,MO0.5FE0.5HT)",["MO","CR"],[0.1677586177920814,0.37911501035035955]]],
			[["CR0.20MO0.17FE0.63",["MO","CR"],[0.1672600533612033,0.27747553489442356]],["(CR0.48FE0.52HT,MO0.5FE0.5HT)",["MO","CR"],[0.1677586177920814,0.37911501035035955]]],
			[["CR0.20MO0.17FE0.63",["MO","CR"],[0.16603580440725324,0.2769329012720967]],["(CR0.48FE0.52HT,MO0.5FE0.5HT)",["MO","CR"],[0.1642279281138366,0.37837664375265656]]],
			[["CR0.20MO0.17FE0.63",["MO","CR"],[0.16482052091481292,0.27637889233737334]],["(CR0.48FE0.52HT,MO0.5FE0.5HT)",["MO","CR"],[0.16073706167093954,0.37757550903720505]]],
			[["CR0.20MO0.17FE0.63",["MO","CR"],[0.16364163530717035,0.2757787020309842]],["(CR0.48FE0.52HT,MO0.5FE0.5HT)",["MO","CR"],[0.15727262594375563,0.3767352239192745]]],
			[["CR0.20MO0.17FE0.63",["MO","CR"],[0.16246274969952773,0.27517851172459507]],["(CR0.48FE0.52HT,MO0.5FE0.5HT)",["MO","CR"],[0.1539211057334059,0.3757276830986176]]],
			[["CR0.20MO0.17FE0.63",["MO","CR"],[0.16131896490734576,0.2745355449023307]],["(CR0.48FE0.52HT,MO0.5FE0.5HT)",["MO","CR"],[0.15056958552305613,0.3747201422779607]]],
			[["CR0.20MO0.17FE0.63",["MO","CR"],[0.16018619654140498,0.2738791526275288]],["(CR0.48FE0.52HT,MO0.5FE0.5HT)",["MO","CR"],[0.1473277650962642,0.373559761088448]]],
			[["CR0.20MO0.17FE0.63",["MO","CR"],[0.1590688586892311,0.2732046739052518]],["(CR0.48FE0.52HT,MO0.5FE0.5HT)",["MO","CR"],[0.14412709767511936,0.3723420430441242]]],
			[["CR0.20MO0.17FE0.63",["MO","CR"],[0.15798222493312747,0.2724942062308737]],["(CR0.48FE0.52HT,MO0.5FE0.5HT)",["MO","CR"],[0.14097434433733316,0.37106148838803854]]],
			[["CR0.20MO0.17FE0.63",["MO","CR"],[0.156895591177024,0.27178373855649585]],["(CR0.48FE0.52HT,MO0.5FE0.5HT)",["MO","CR"],[0.13793528952186565,0.3696318245472612]]],
			[["CR0.20MO0.17FE0.63",["MO","CR"],[0.15585244716097185,0.2710242004946273]],["(CR0.48FE0.52HT,MO0.5FE0.5HT)",["MO","CR"],[0.13489623470639817,0.3682021607064838]]],
			[["CR0.20MO0.17FE0.63",["MO","CR"],[0.15481332640378948,0.2702601229052408]],["(CR0.48FE0.52HT,MO0.5FE0.5HT)",["MO","CR"],[0.1320103014326549,0.36658334820152183]]],
			[["CR0.20MO0.17FE0.63",["MO","CR"],[0.1537978385407322,0.2694703556941773]],["(CR0.48FE0.52HT,MO0.5FE0.5HT)",["MO","CR"],[0.12914293860690979,0.36494159591034414]]],
			[["CR0.20MO0.17FE0.63",["MO","CR"],[0.15280587449902838,0.26865501742661224]],["(CR0.48FE0.52HT,MO0.5FE0.5HT)",["MO","CR"],[0.12636788423515077,0.36319239149485627]]],
			[["CR0.20MO0.17FE0.63",["MO","CR"],[0.15181813922663295,0.26783524584398655]],["(CR0.48FE0.52HT,MO0.5FE0.5HT)",["MO","CR"],[0.12368233092409658,0.36133900291545396]]],
			[["CR0.20MO0.17FE0.63",["MO","CR"],[0.1508735417764145,0.2669702498608808]],["(CR0.48FE0.52HT,MO0.5FE0.5HT)",["MO","CR"],[0.1210229964177707,0.35945684479376294]]],
			[["CR0.20MO0.17FE0.63",["MO","CR"],[0.14992894432619608,0.26610525387777495]],["(CR0.48FE0.52HT,MO0.5FE0.5HT)",["MO","CR"],[0.11852743777069835,0.35739497762135386]]],
			[["CR0.20MO0.17FE0.63",["MO","CR"],[0.14901672636966223,0.2652075003524257]],["(CR0.48FE0.52HT,MO0.5FE0.5HT)",["MO","CR"],[0.11603187912362589,0.35533311044894467]]],
			[["CR0.20MO0.17FE0.63",["MO","CR"],[0.1481199383518052,0.26429413673530244]],["(CR0.48FE0.52HT,MO0.5FE0.5HT)",["MO","CR"],[0.11368961174160874,0.353112641805831]]],
			[["CR0.20MO0.17FE0.63",["MO","CR"],[0.1472354092903017,0.26336879307811056]],["(CR0.48FE0.52HT,MO0.5FE0.5HT)",["MO","CR"],[0.11139137163397139,0.35084662072719386]]],
			[["CR0.20MO0.17FE0.63",["MO","CR"],[0.14638504337239822,0.2624100635585832]],["(CR0.48FE0.52HT,MO0.5FE0.5HT)",["MO","CR"],[0.10917785604786745,0.34849793008846985]]],
			[["CR0.20MO0.17FE0.63",["MO","CR"],[0.14553467745449472,0.2614513340390556]],["(CR0.48FE0.52HT,MO0.5FE0.5HT)",["MO","CR"],[0.10708229763342875,0.3460341432849736]]],
			[["CR0.20MO0.17FE0.63",["MO","CR"],[0.14472405129041427,0.26045505964907]],["(CR0.48FE0.52HT,MO0.5FE0.5HT)",["MO","CR"],[0.1049981669356046,0.34355983922326716]]],
			[["CR0.20MO0.17FE0.63",["MO","CR"],[0.14392064298807639,0.2594519660501554]],["(CR0.48FE0.52HT,MO0.5FE0.5HT)",["MO","CR"],[0.10310905820325145,0.34090605080465153]]],
			[["CR0.20MO0.17FE0.63",["MO","CR"],[0.14313671657101623,0.2584310697636373]],["(CR0.48FE0.52HT,MO0.5FE0.5HT)",["MO","CR"],[0.10121994947089824,0.3382522623860358]]],
			[["CR0.20MO0.17FE0.63",["MO","CR"],[0.14237942186515556,0.25738583722690134]],["(CR0.48FE0.52HT,MO0.5FE0.5HT)",["MO","CR"],[0.09947416248423302,0.33547408012245195]]],
			[["CR0.20MO0.17FE0.63",["MO","CR"],[0.14162212715929484,0.2563406046901655]],["(CR0.48FE0.52HT,MO0.5FE0.5HT)",["MO","CR"],[0.0977948588803555,0.332638194657084]]],
			[["CR0.20MO0.17FE0.63",["MO","CR"],[0.14090992534780933,0.25525548528551345]],["(CR0.48FE0.52HT,MO0.5FE0.5HT)",["MO","CR"],[0.09617733250624477,0.32975174979201083]]],
			[["CR0.20MO0.17FE0.63",["MO","CR"],[0.1401981149008597,0.2541700196998107]],["(CR0.48FE0.52HT,MO0.5FE0.5HT)",["MO","CR"],[0.09470740983475562,0.3267445038708363]]],
			[["CR0.20MO0.17FE0.63",["MO","CR"],[0.13951047224297147,0.2530638417754798]],["(CR0.48FE0.52HT,MO0.5FE0.5HT)",["MO","CR"],[0.09323748716326652,0.3237372579496617]]],
			[["CR0.20MO0.17FE0.63",["MO","CR"],[0.13884255197177442,0.25194076132230525]],["(CR0.48FE0.52HT,MO0.5FE0.5HT)",["MO","CR"],[0.09195313271530037,0.32058683936128896]]],
			[["CR0.20MO0.17FE0.63",["MO","CR"],[0.13817898368592685,0.2508140651955352]],["(CR0.48FE0.52HT,MO0.5FE0.5HT)",["MO","CR"],[0.09069273435676733,0.3174179377742936]]],
			[["CR0.20MO0.17FE0.63",["MO","CR"],[0.13755513046265494,0.24965437339171848]],["(CR0.48FE0.52HT,MO0.5FE0.5HT)",["MO","CR"],[0.08952499268369485,0.3141816690662331]]],
			[["CR0.20MO0.17FE0.63",["MO","CR"],[0.13693127723938298,0.2484946815879019]],["(CR0.48FE0.52HT,MO0.5FE0.5HT)",["MO","CR"],[0.08847086473498128,0.3108627961781776]]],
			[["CR0.20MO0.17FE0.63",["MO","CR"],[0.1363341963757706,0.24731341487696812]],["(CR0.48FE0.52HT,MO0.5FE0.5HT)",["MO","CR"],[0.08741673678626777,0.3075439232901218]]],
			[["CR0.20MO0.17FE0.63",["MO","CR"],[0.1357524824612058,0.24611976447992712]],["(CR0.48FE0.52HT,MO0.5FE0.5HT)",["MO","CR"],[0.08656179491452509,0.30408863849604084]]],
