{
    "components": [
        "CR",
        "FE",
        "MO"
    ],
    "phases": [
        "CR0.20MO0.17FE0.63",
        "MO5.1FE7.9RT",
        "CR",
        "(CR0.48FE0.52HT,MO0.5FE0.5HT)"
    ],
    "conditions": {
        "P": [
            101325
        ],
        "T": [
            1223,
            1223,
            1223,
            1223,
            1223,
            1223,
            1223,
            1223,
            1223,
            1223,
            1223,
            1223,
            1223,
            1223,
            1223,
            1223,
            1223,
            1223,
            1223,
            1223,
            1223,
            1223,
            1223,
            1223,
            1223,
            1223,
            1223,
            1223,
            1223,
            1223,
            1223,
            1223,
            1223,
            1223,
            1223,
            1223,
            1223,
            1223,
            1223,
            1223,
            1223,
            1223
        ]
    },
    "broadcast_conditions": false,
    "output": "ZPF",
    "values":
			[[["MO5.1FE7.9RT",["MO","CR"],[0.3731070832604315,0.07830508326043151]],["CR0.20MO0.17FE0.63",["MO","CR"],[0.161071575123378,0.16878757512337794]],["CR",["MO","CR"],[0.06529726699613092,0.11173726699613096]]],
			[["CR0.20MO0.17FE0.63",["MO","CR"],[0.16135841075183888,0.17191352770592827]],["MO5.1FE7.9RT",["MO","CR"],[0.3719561851014632,0.08172703972979023]]],
			[["CR0.20MO0.17FE0.63",["MO","CR"],[0.16117175331501726,0.17480398722319612]],["MO5.1FE7.9RT",["MO","CR"],[0.3714070989209598,0.08445480817761386]]],
			[["CR0.20MO0.17FE0.63",["MO","CR"],[0.16101781170721796,0.1776795023555352]],["MO5.1FE7.9RT",["MO","CR"],[0.3714070989209598,0.08445480817761386]]],
			[["CR0.20MO0.17FE0.63",["MO","CR"],[0.1608820660403168,0.18054670569651665]],["MO5.1FE7.9RT",["MO","CR"],[0.3708791017858611,0.08717547622846422]]],
			[["CR0.20MO0.17FE0.63",["MO","CR"],[0.1607535064587191,0.18341052801507085]],["MO5.1FE7.9RT",["MO","CR"],[0.3703587789345966,0.08989356045151853]]],
			[["CR0.20MO0.17FE0.63",["MO","CR"],[0.16066894681642274,0.18625364855020587]],["MO5.1FE7.9RT",["MO","CR"],[0.369846481205172,0.09260886958256731]]],
			[["CR0.20MO0.17FE0.63",["MO","CR"],[0.16058438717412638,0.1890967690853409]],["MO5.1FE7.9RT",["MO","CR"],[0.36935518979107396,0.09531691471701909]]],
			[["CR0.20MO0.17FE0.63",["MO","CR"],[0.16053413337042005,0.19192327138556053]],["MO5.1FE7.9RT",["MO","CR"],[0.3688638983769758,0.09802495985147108]]],
			[["CR0.20MO0.17FE0.63",["MO","CR"],[0.1605022669348185,0.19474086658380552]],["MO5.1FE7.9RT",["MO","CR"],[0.36839473938132994,0.10072515754762634]]],
			[["CR0.20MO0.17FE0.63",["MO","CR"],[0.16047981936208117,0.19755376476407593]],["MO5.1FE7.9RT",["MO","CR"],[0.367930306224082,0.10342367961464483]]],
			[["CR0.20MO0.17FE0.63",["MO","CR"],[0.1605018392438689,0.20034448782233794]],["MO5.1FE7.9RT",["MO","CR"],[0.36747576524963727,0.10611861210182671]]],
			[["CR0.20MO0.17FE0.63",["MO","CR"],[0.16052385912565675,0.20313521088060016]],["MO5.1FE7.9RT",["MO","CR"],[0.3670376619567772,0.10880757984173806]]],
			[["CR0.20MO0.17FE0.63",["MO","CR"],[0.16058468450202845,0.2059060188350178]],["MO5.1FE7.9RT",["MO","CR"],[0.36659955866391714,0.11149654758164929]]],
			[["CR0.20MO0.17FE0.63",["MO","CR"],[0.16066129681129582,0.20866872488501786]],["MO5.1FE7.9RT",["MO","CR"],[0.3661858160464448,0.11417647683022203]]],
			[["CR0.20MO0.17FE0.63",["MO","CR"],[0.16075239716469047,0.2114237810663563]],["MO5.1FE7.9RT",["MO","CR"],[0.3657738720922106,0.11685573872446886]]],
			[["CR0.20MO0.17FE0.63",["MO","CR"],[0.16088496206068764,0.21415694345014447]],["MO5.1FE7.9RT",["MO","CR"],[0.3653738131706419,0.11953049826092776]]],
			[["CR0.20MO0.17FE0.63",["MO","CR"],[0.16101752695668475,0.21689010583393253]],["MO5.1FE7.9RT",["MO","CR"],[0.36498608630751667,0.12220058609467155]]],
			[["CR0.20MO0.17FE0.63",["MO","CR"],[0.16119639542212966,0.2195981199464787]],["MO5.1FE7.9RT",["MO","CR"],[0.3645996457221022,0.12487017710021342]]],
			[["CR0.20MO0.17FE0.63",["MO","CR"],[0.1613855691392666,0.22230053709818853]],["MO5.1FE7.9RT",["MO","CR"],[0.36423585587774376,0.1275310191965181]]],
			[["CR0.20MO0.17FE0.63",["MO","CR"],[0.16159742823417705,0.22499028201515658]],["MO5.1FE7.9RT",["MO","CR"],[0.36387206603338546,0.13019186129282279]]],
			[["CR0.20MO0.17FE0.63",["MO","CR"],[0.16184512505741883,0.2276600076884263]],["MO5.1FE7.9RT",["MO","CR"],[0.36352275299259584,0.13284700642827996]]],
			[["CR0.20MO0.17FE0.63",["MO","CR"],[0.1620928218806606,0.23032973336169582]],["MO5.1FE7.9RT",["MO","CR"],[0.3631823233526085,0.13549865573771958]]],
			[["CR0.20MO0.17FE0.63",["MO","CR"],[0.16239689255508122,0.23296707899026092]],["MO5.1FE7.9RT",["MO","CR"],[0.3628459409583513,0.13814868456118257]]],
			[["CR0.20MO0.17FE0.63",["MO","CR"],[0.16270286619063962,0.23560333159492508]],["MO5.1FE7.9RT",["MO","CR"],[0.3625269667321927,0.14079174328839605]]],
			[["CR0.20MO0.17FE0.63",["MO","CR"],[0.16304205011313005,0.2382199773627094]],["MO5.1FE7.9RT",["MO","CR"],[0.3622079925060341,0.14343480201560965]]],
			[["CR0.20MO0.17FE0.63",["MO","CR"],[0.16340770338546468,0.2408209960380272]],["MO5.1FE7.9RT",["MO","CR"],[0.3619050984139358,0.14607131767305392]]],
			[["CR0.20MO0.17FE0.63",["MO","CR"],[0.1637827377146589,0.24341632198924756]],["MO5.1FE7.9RT",["MO","CR"],[0.36160726631722717,0.14870577358467263]]],
			[["CR0.20MO0.17FE0.63",["MO","CR"],[0.1642092341607121,0.24598041908884172]],["MO5.1FE7.9RT",["MO","CR"],[0.36131609728444425,0.15133747658429408]]],
			[["CR0.20MO0.17FE0.63",["MO","CR"],[0.16463573060676528,0.24854451618843576]],["MO5.1FE7.9RT",["MO","CR"],[0.3610381452410183,0.15396371885158966]]],
			[["CR0.20MO0.17FE0.63",["MO","CR"],[0.16510897732966456,0.25107945757639405]],["MO5.1FE7.9RT",["MO","CR"],[0.36076019319759245,0.15658996111888535]]],
			[["CR0.20MO0.17FE0.63",["MO","CR"],[0.16559699450285342,0.25360518740415583]],["MO5.1FE7.9RT",["MO","CR"],[0.3604997237024424,0.15920887642613168]]],
			[["CR0.20MO0.17FE0.63",["MO","CR"],[0.16610801814808157,0.2561161765180502]],["MO5.1FE7.9RT",["MO","CR"],[0.3602409314480225,0.16182708879947905]]],
			[["CR0.20MO0.17FE0.63",["MO","CR"],[0.16665772796037426,0.25860237861904023]],["MO5.1FE7.9RT",["MO","CR"],[0.35999080050142157,0.16444162283117847]]],
			[["CR0.20MO0.17FE0.63",["MO","CR"],[0.16720743777266694,0.26108858072003027]],["MO5.1FE7.9RT",["MO","CR"],[0.3597496165653733,0.16705235718709788]]],
			[["CR0.20MO0.17FE0.63",["MO","CR"],[0.16781996649400444,0.26353343508325566]],["MO5.1FE7.9RT",["MO","CR"],[0.35950973664919506,0.1696625307697257]]],
			[["CR0.20MO0.17FE0.63",["MO","CR"],[0.16843298089744252,0.26597796976795673]],["MO5.1FE7.9RT",["MO","CR"],[0.3592862066450639,0.17226567332912546]]],
			[["CR0.20MO0.17FE0.63",["MO","CR"],[0.1690850858271093,0.2683960748766574]],["MO5.1FE7.9RT",["MO","CR"],[0.3590626766409328,0.1748688158885252]]],
			[["CR0.20MO0.17FE0.63",["MO","CR"],[0.16976143018367534,0.2707977914166366]],["MO5.1FE7.9RT",["MO","CR"],[0.3588495805327428,0.17746741857650727]]],
			[["CR0.20MO0.17FE0.63",["MO","CR"],[0.17045349203372007,0.2731885953748534]],["MO5.1FE7.9RT",["MO","CR"],[0.35864190017402525,0.1800636648286602]]],
			[["CR0.20MO0.17FE0.63",["MO","CR"],[0.17119353476348842,0.2755460864340551]],["MO5.1FE7.9RT",["MO","CR"],[0.35843781774194183,0.18265832896308676]]],
			[["CR0.20MO0.17FE0.63",["MO","CR"],[0.17153247019682555,0.27853447019682553]],["MO5.1FE7.9RT",["MO","CR"],[0.3585229415940794,0.1880469415940793]],["(CR0.48FE0.52HT,MO0.5FE0.5HT)",["MO","CR"],[0.1755369577566874,0.38095295775668747]]]],
	"reference": "C-A58757"
}