{
    "components": [
        "MO",
        "NB"
    ],
    "phases": [
        "LIQUID",
        "(NB,MO)"
    ],
    "conditions": {
        "P": 101325,
        "T": [
            2893.06,
            2887.21,
            2887.21,
            2880.78,
            2880.77,
            2873.82,
            2873.82,
            2866.38,
            2866.37,
            2858.48,
            2858.48,
            2850.17,
            2850.17,
            2841.48,
            2841.48,
            2832.45,
            2832.45,
            2823.1,
            2823.1,
            2813.48,
            2813.48,
            2803.62,
            2803.62,
            2793.55,
            2793.55,
            2783.31,
            2783.31,
            2772.94,
            2772.94,
            2762.46,
            2762.46,
            2751.92,
            2751.92,
            2741.45
        ]
    },
    "output": "ZPF",
    "broadcast_conditions": false,
    "values":
			[[["LIQUID",["NB"],[0.000381243]],["(NB,MO)",["NB"],[null]]],
			[["LIQUID",["NB"],[0.0595655]],["(NB,MO)",["NB"],[0.037021498417265326]]],
			[["LIQUID",["NB"],[0.059574800000000004]],["(NB,MO)",["NB"],[0.037021498417265326]]],
			[["LIQUID",["NB"],[0.11905099999999999]],["(NB,MO)",["NB"],[0.07939503121097258]]],
			[["LIQUID",["NB"],[0.11906]],["(NB,MO)",["NB"],[0.07946093095093314]]],
			[["LIQUID",["NB"],[0.178536]],["(NB,MO)",["NB"],[0.12526125022251403]]],
			[["LIQUID",["NB"],[0.17854399999999998]],["(NB,MO)",["NB"],[0.12526125022251403]]],
			[["LIQUID",["NB"],[0.23800100000000002]],["(NB,MO)",["NB"],[0.17429065675209293]]],
			[["LIQUID",["NB"],[0.238008]],["(NB,MO)",["NB"],[0.17435655649205348]]],
			[["LIQUID",["NB"],[0.297425]],["(NB,MO)",["NB"],[0.22635145131979117]]],
			[["LIQUID",["NB"],[0.29743200000000003]],["(NB,MO)",["NB"],[0.22635145131979117]]],
			[["LIQUID",["NB"],[0.35678899999999997]],["(NB,MO)",["NB"],[0.281114135225812]]],
			[["LIQUID",["NB"],[0.356795]],["(NB,MO)",["NB"],[0.281114135225812]]],
			[["LIQUID",["NB"],[0.416074]],["(NB,MO)",["NB"],[0.3383810092502798]]],
			[["LIQUID",["NB"],[0.41607900000000003]],["(NB,MO)",["NB"],[0.3383810092502798]]],
			[["LIQUID",["NB"],[0.475259]],["(NB,MO)",["NB"],[0.39788847443335823]]],
			[["LIQUID",["NB"],[0.475264]],["(NB,MO)",["NB"],[0.39788847443335823]]],
			[["LIQUID",["NB"],[0.5343249999999999]],["(NB,MO)",["NB"],[0.45950473129512637]]],
			[["LIQUID",["NB"],[0.5343289999999999]],["(NB,MO)",["NB"],[0.45950473129512637]]],
			[["LIQUID",["NB"],[0.593251]],["(NB,MO)",["NB"],[0.5229002811357905]]],
			[["LIQUID",["NB"],[0.593255]],["(NB,MO)",["NB"],[0.5229002811357905]]],
			[["LIQUID",["NB"],[0.6520189999999999]],["(NB,MO)",["NB"],[0.5878774247354747]]],
			[["LIQUID",["NB"],[0.6520229999999999]],["(NB,MO)",["NB"],[0.5878774247354747]]],
			[["LIQUID",["NB"],[0.710609]],["(NB,MO)",["NB"],[0.6542384628742975]]],
			[["LIQUID",["NB"],[0.710611]],["(NB,MO)",["NB"],[0.6542384628742975]]],
			[["LIQUID",["NB"],[0.769]],["(NB,MO)",["NB"],[0.7217197965924287]]],
			[["LIQUID",["NB"],[0.769002]],["(NB,MO)",["NB"],[0.7217197965924287]]],
			[["LIQUID",["NB"],[0.8271729999999999]],["(NB,MO)",["NB"],[0.790057826930026]]],
			[["LIQUID",["NB"],[0.827174]],["(NB,MO)",["NB"],[0.790057826930026]]],
			[["LIQUID",["NB"],[0.885108]],["(NB,MO)",["NB"],[0.8591207544071744]]],
			[["LIQUID",["NB"],[0.885109]],["(NB,MO)",["NB"],[0.8591207544071744]]],
			[["LIQUID",["NB"],[0.942785]],["(NB,MO)",["NB"],[0.9285790803240771]]],
			[["LIQUID",["NB"],[0.942786]],["(NB,MO)",["NB"],[0.9285790803240771]]],
			[["LIQUID",["NB"],[0.999619]],["(NB,MO)",["NB"],[null]]]],
	"reference": "C903594"
}