{
    "components": [
        "MO",
        "NB"
    ],
    "phases": [
        "(NB,MO)",
        "LIQUID"
    ],
    "conditions": {
        "P": 101325,
        "T": [
            2892.77,
            2741.14,
            2745.87,
            2745.87,
            2751.54,
            2751.54,
            2758.06,
            2758.06,
            2765.33,
            2765.33,
            2773.28,
            2773.28,
            2781.83,
            2781.84,
            2790.91,
            2790.91,
            2800.42,
            2800.42,
            2810.3,
            2810.3,
            2820.46,
            2820.46,
            2830.83,
            2830.83,
            2841.32,
            2851.85,
            2862.35,
            2872.74,
            2882.93
        ]
    },
    "output": "ZPF",
    "broadcast_conditions": false,
    "values":
			[[["(NB,MO)",["NB"],[0.000381243]],["LIQUID",["NB"],[null]]],
			[["(NB,MO)",["NB"],[0.999619]],["LIQUID",["NB"],[null]]],
			[["(NB,MO)",["NB"],[0.944415]],["LIQUID",["NB"],[0.9756264632282715]]],
			[["(NB,MO)",["NB"],[0.944399]],["LIQUID",["NB"],[0.9756264632282715]]],
			[["(NB,MO)",["NB"],[0.888233]],["LIQUID",["NB"],[0.9448487067812803]]],
			[["(NB,MO)",["NB"],[0.88822]],["LIQUID",["NB"],[0.9448487067812803]]],
			[["(NB,MO)",["NB"],[0.831429]],["LIQUID",["NB"],[0.9091862675521827]]],
			[["(NB,MO)",["NB"],[0.831418]],["LIQUID",["NB"],[0.9091862675521827]]],
			[["(NB,MO)",["NB"],[0.774055]],["LIQUID",["NB"],[0.8692424866412221]]],
			[["(NB,MO)",["NB"],[0.774045]],["LIQUID",["NB"],[0.8692424866412221]]],
			[["(NB,MO)",["NB"],[0.716161]],["LIQUID",["NB"],[0.8252657540983597]]],
			[["(NB,MO)",["NB"],[0.716153]],["LIQUID",["NB"],[0.8252657540983597]]],
			[["(NB,MO)",["NB"],[0.6578010000000001]],["LIQUID",["NB"],[0.7773041292189008]]],
			[["(NB,MO)",["NB"],[0.657794]],["LIQUID",["NB"],[0.7772480337512043]]],
			[["(NB,MO)",["NB"],[0.599025]],["LIQUID",["NB"],[0.7256644140625015]]],
			[["(NB,MO)",["NB"],[0.59902]],["LIQUID",["NB"],[0.7256644140625015]]],
			[["(NB,MO)",["NB"],[0.539886]],["LIQUID",["NB"],[0.67064019960278]]],
			[["(NB,MO)",["NB"],[0.539882]],["LIQUID",["NB"],[0.67064019960278]]],
			[["(NB,MO)",["NB"],[0.480435]],["LIQUID",["NB"],[0.612207283975658]]],
			[["(NB,MO)",["NB"],[0.48043199999999997]],["LIQUID",["NB"],[0.612207283975658]]],
			[["(NB,MO)",["NB"],[0.42072499999999996]],["LIQUID",["NB"],[0.5504988627858621]]],
			[["(NB,MO)",["NB"],[0.42072200000000004]],["LIQUID",["NB"],[0.5504988627858621]]],
			[["(NB,MO)",["NB"],[0.36080599999999996]],["LIQUID",["NB"],[0.48549702887700474]]],
			[["(NB,MO)",["NB"],[0.360805]],["LIQUID",["NB"],[0.48549702887700474]]],
			[["(NB,MO)",["NB"],[0.300731]],["LIQUID",["NB"],[0.4171275935769647]]],
			[["(NB,MO)",["NB"],[0.240552]],["LIQUID",["NB"],[0.3447890288808675]]],
			[["(NB,MO)",["NB"],[0.180321]],["LIQUID",["NB"],[0.26828130038022846]]],
			[["(NB,MO)",["NB"],[0.120089]],["LIQUID",["NB"],[0.18717485483871266]]],
			[["(NB,MO)",["NB"],[0.0599092]],["LIQUID",["NB"],[0.09916393468118483]]]],
	"reference": "C903594"
}