{
    "components": [
        "CR",
        "MO",
        "NB"
    ],
    "phases": [
        "(NB,CR,MO)",
        "NBCR2RT"
    ],
    "conditions": {
        "P": [
            101325
        ],
        "T": [
            1823,
            1823,
            1823,
            1823,
            1823,
            1823,
            1823,
            1823,
            1823,
            1823,
            1823,
            1823,
            1823,
            1823,
            1823,
            1823,
            1823,
            1823,
            1823,
            1823,
            1823,
            1823,
            1823,
            1823,
            1823,
            1823,
            1823,
            1823,
            1823,
            1823,
            1823,
            1823,
            1823,
            1823,
            1823,
            1823,
            1823,
            1823,
            1823,
            1823
        ]
    },
    "broadcast_conditions": false,
    "output": "ZPF",
    "values":
			[[["(NB,CR,MO)",["NB","CR"],[0.8532402986479466,0.12201335933211588]],["NBCR2RT",["NB","CR"],[0.390452,0.609548]]],
			[["(NB,CR,MO)",["NB","CR"],[0.8275365972958931,0.12297071866423182]],["NBCR2RT",["NB","CR"],[0.3867660802852629,0.6070103036416858]]],
			[["(NB,CR,MO)",["NB","CR"],[0.8015642774822281,0.12455736110179616]],["NBCR2RT",["NB","CR"],[0.3867660802852629,0.6070103036416858]]],
			[["(NB,CR,MO)",["NB","CR"],[0.7745869817419723,0.12849832560714325]],["NBCR2RT",["NB","CR"],[0.38308016057052574,0.6044726072833717]]],
			[["(NB,CR,MO)",["NB","CR"],[0.7476096860017164,0.13243929011249034]],["NBCR2RT",["NB","CR"],[0.3793942408557885,0.6019349109250578]]],
			[["(NB,CR,MO)",["NB","CR"],[0.7200235704689663,0.13821127924142584]],["NBCR2RT",["NB","CR"],[0.3756913241715183,0.5994168415208239]]],
			[["(NB,CR,MO)",["NB","CR"],[0.6919925470239154,0.145321328257203]],["NBCR2RT",["NB","CR"],[0.37182941280277226,0.5970823684550501]]],
			[["(NB,CR,MO)",["NB","CR"],[0.6638939646679831,0.152729609170433]],["NBCR2RT",["NB","CR"],[0.36796750143402623,0.5947478953892765]]],
			[["(NB,CR,MO)",["NB","CR"],[0.6351153965274515,0.16313961773344654]],["NBCR2RT",["NB","CR"],[0.3641055900652802,0.5924134223235029]]],
			[["(NB,CR,MO)",["NB","CR"],[0.6063368283869199,0.17354962629645998]],["NBCR2RT",["NB","CR"],[0.3601047524746873,0.5902471897059307]]],
			[["(NB,CR,MO)",["NB","CR"],[0.5773040596932505,0.18639410845426152]],["NBCR2RT",["NB","CR"],[0.35602570447974763,0.5881756703347593]]],
			[["(NB,CR,MO)",["NB","CR"],[0.5481758258261099,0.2001528586621084]],["NBCR2RT",["NB","CR"],[0.35194665648480794,0.5861041509635878]]],
			[["(NB,CR,MO)",["NB","CR"],[0.5191098341234891,0.215437645610697]],["NBCR2RT",["NB","CR"],[0.34769564425559935,0.5842545164737758]]],
			[["(NB,CR,MO)",["NB","CR"],[0.4901156320123211,0.2324825505597521]],["NBCR2RT",["NB","CR"],[0.3433406436248882,0.582539057873667]]],
			[["(NB,CR,MO)",["NB","CR"],[0.46131050127988504,0.2503859710435996]],["NBCR2RT",["NB","CR"],[0.33896956303237924,0.580846306201546]]],
			[["(NB,CR,MO)",["NB","CR"],[0.4329969888791174,0.2705216806118995]],["NBCR2RT",["NB","CR"],[0.33425473641157694,0.5796389671447488]]],
			[["(NB,CR,MO)",["NB","CR"],[0.40485992362722734,0.29104682153920414]],["NBCR2RT",["NB","CR"],[0.32953990979077463,0.5784316280879518]]],
			[["(NB,CR,MO)",["NB","CR"],[0.3777966064547887,0.31394180055383036]],["NBCR2RT",["NB","CR"],[0.3243989091708087,0.5779174469848347]]],
			[["(NB,CR,MO)",["NB","CR"],[0.35078309647367495,0.33690099742470037]],["NBCR2RT",["NB","CR"],[0.3191122779023254,0.5776871523255175]]],
			[["(NB,CR,MO)",["NB","CR"],[0.32551314855316943,0.3621082194257068]],["NBCR2RT",["NB","CR"],[0.3133302194936176,0.578503211070724]]],
			[["(NB,CR,MO)",["NB","CR"],[0.3002432006326637,0.38731544142671326]],["NBCR2RT",["NB","CR"],[0.3071735640297257,0.5809245031776109]]],
			[["(NB,CR,MO)",["NB","CR"],[0.2770319572378599,0.4141498194369557]],["NBCR2RT",["NB","CR"],[0.3013543735356706,0.5854324588678688]]],
			[["(NB,CR,MO)",["NB","CR"],[0.25402239366875645,0.441143600866306]],["NBCR2RT",["NB","CR"],[0.29716441070067834,0.5913897668262107]]],
			[["(NB,CR,MO)",["NB","CR"],[0.2330124540604416,0.4690793637560723]],["NBCR2RT",["NB","CR"],[0.2946393936463743,0.5975401719258344]]],
			[["(NB,CR,MO)",["NB","CR"],[0.21262088486535521,0.49730642814869763]],["NBCR2RT",["NB","CR"],[0.2930330572832216,0.6035624417086747]]],
			[["(NB,CR,MO)",["NB","CR"],[0.1938299263664578,0.5259257154702086]],["NBCR2RT",["NB","CR"],[0.2923292392116909,0.609300270543254]]],
			[["(NB,CR,MO)",["NB","CR"],[0.1762880349555031,0.554851081435811]],["NBCR2RT",["NB","CR"],[0.2919486858188898,0.6148910022766848]]],
			[["(NB,CR,MO)",["NB","CR"],[0.15957820478036822,0.5838375532022956]],["NBCR2RT",["NB","CR"],[0.29200466394998115,0.6202830964046192]]],
			[["(NB,CR,MO)",["NB","CR"],[0.14500078989305665,0.612980627558068]],["NBCR2RT",["NB","CR"],[0.292137296096431,0.625633553257957]]],
			[["(NB,CR,MO)",["NB","CR"],[0.13042337500574497,0.6421237019138406]],["NBCR2RT",["NB","CR"],[0.29270421734010976,0.630748110996147]]],
			[["(NB,CR,MO)",["NB","CR"],[0.11852390272538031,0.6710958946420384]],["NBCR2RT",["NB","CR"],[0.2932711385837885,0.635862668734337]]],
			[["(NB,CR,MO)",["NB","CR"],[0.10692528210313497,0.700048889788905]],["NBCR2RT",["NB","CR"],[0.29397891658711967,0.6408921046348055]]],
			[["(NB,CR,MO)",["NB","CR"],[0.09648382336803348,0.7287958121407776]],["NBCR2RT",["NB","CR"],[0.2949083194012178,0.645787609361337]]],
			[["(NB,CR,MO)",["NB","CR"],[0.08780318870386977,0.7572291587157238]],["NBCR2RT",["NB","CR"],[0.29583772221531596,0.6506831140878685]]],
			[["(NB,CR,MO)",["NB","CR"],[0.07912255403970599,0.7856625052906703]],["NBCR2RT",["NB","CR"],[0.29680015670027027,0.6555571653163659]]],
			[["(NB,CR,MO)",["NB","CR"],[0.07256022549672937,0.8135104336774337]],["NBCR2RT",["NB","CR"],[0.2979994022538739,0.6602774118579062]]],
			[["(NB,CR,MO)",["NB","CR"],[0.06668540678762833,0.8411683608376135]],["NBCR2RT",["NB","CR"],[0.2991986478074776,0.6649976583994462]]],
			[["(NB,CR,MO)",["NB","CR"],[0.06081058807852728,0.8688262879977933]],["NBCR2RT",["NB","CR"],[0.3003978933610813,0.6697179049409865]]],
			[["(NB,CR,MO)",["NB","CR"],[0.05748435841986525,0.8955586829222262]],["NBCR2RT",["NB","CR"],[0.3016678956246486,0.674389717731259]]],
			[["(NB,CR,MO)",["NB","CR"],[0.054271679209932644,0.922249841461113]],["NBCR2RT",["NB","CR"],[0.30307667171848646,0.6789665382984442]]]],
	"reference": "C-A58757"
}