{
    "components": [
        "FE",
        "MO",
        "NI"
    ],
    "phases": [
        "(FE,NI)",
        "MO7NI7",
        "MO0.53FE0.11NI0.36"
    ],
    "conditions": {
        "P": [
            101325
        ],
        "T": [
            1373,
            1373,
            1373,
            1373,
            1373,
            1373,
            1373,
            1373,
            1373,
            1373,
            1373,
            1373,
            1373,
            1373,
            1373,
            1373,
            1373,
            1373,
            1373,
            1373,
            1373,
            1373,
            1373,
            1373,
            1373,
            1373,
            1373,
            1373,
            1373,
            1373,
            1373,
            1373,
            1373,
            1373,
            1373,
            1373,
            1373,
            1373,
            1373,
            1373,
            1373
        ]
    },
    "broadcast_conditions": false,
    "output": "ZPF",
    "values":
			[[["(FE,NI)",["NI","FE"],[0.6797424592780316,0.1121204592780316]],["MO7NI7",["NI","FE"],[0.46334634366661853,0.06809234366661854]],["MO0.53FE0.11NI0.36",["NI","FE"],[0.42262481998552137,0.10074481998552143]]],
			[["(FE,NI)",["NI","FE"],[0.6817574976116951,0.10883218053852439]],["MO7NI7",["NI","FE"],[0.46569810560871494,0.06614010637529821]]],
			[["(FE,NI)",["NI","FE"],[0.6838004486842605,0.10611181453791918]],["MO7NI7",["NI","FE"],[0.46718857659017443,0.06457457812334111]]],
			[["(FE,NI)",["NI","FE"],[0.6858433997568261,0.10339144853731363]],["MO7NI7",["NI","FE"],[0.46718857659017443,0.06457457812334111]]],
			[["(FE,NI)",["NI","FE"],[0.6878863508293914,0.10067108253670842]],["MO7NI7",["NI","FE"],[0.46866374724071036,0.06299627645714367]]],
			[["(FE,NI)",["NI","FE"],[0.6899293019019568,0.0979507165361031]],["MO7NI7",["NI","FE"],[0.47013613707709817,0.06141565324043752]]],
			[["(FE,NI)",["NI","FE"],[0.6919722529745223,0.09523035053549778]],["MO7NI7",["NI","FE"],[0.4716029096170212,0.05983063831491808]]],
			[["(FE,NI)",["NI","FE"],[0.6940152040470877,0.09250998453489234]],["MO7NI7",["NI","FE"],[0.47305700640132853,0.058235713243476095]]],
			[["(FE,NI)",["NI","FE"],[0.6960581551196531,0.08978961853428713]],["MO7NI7",["NI","FE"],[0.4745111031856358,0.05664078817203433]]],
			[["(FE,NI)",["NI","FE"],[0.6981011061922184,0.0870692525336818]],["MO7NI7",["NI","FE"],[0.4759513543996511,0.0550357084757187]]],
			[["(FE,NI)",["NI","FE"],[0.7001440572647839,0.08434888653307648]],["MO7NI7",["NI","FE"],[0.47738773843551374,0.053427792511728245]]],
			[["(FE,NI)",["NI","FE"],[0.7021870083373493,0.08162852053247116]],["MO7NI7",["NI","FE"],[0.47881938288425213,0.05181660853671621]]],
			[["(FE,NI)",["NI","FE"],[0.7042299594099147,0.07890815453186584]],["MO7NI7",["NI","FE"],[0.4802382615559173,0.050196622381454725]]],
			[["(FE,NI)",["NI","FE"],[0.7062729104824801,0.07618778853126051]],["MO7NI7",["NI","FE"],[0.48165714022758266,0.04857663622619324]]],
			[["(FE,NI)",["NI","FE"],[0.7083158615550456,0.07346742253065519]],["MO7NI7",["NI","FE"],[0.4830628105605166,0.046948074219904434]]],
			[["(FE,NI)",["NI","FE"],[0.7103588126276109,0.07074705653004987]],["MO7NI7",["NI","FE"],[0.4844646044920131,0.04531699536104794]]],
			[["(FE,NI)",["NI","FE"],[0.7124017637001764,0.06802669052944454]],["MO7NI7",["NI","FE"],[0.4858613688092748,0.04368283957053465]]],
			[["(FE,NI)",["NI","FE"],[0.7144447147727417,0.06530632452883933]],["MO7NI7",["NI","FE"],[0.48724583793285714,0.04204116203602881]]],
			[["(FE,NI)",["NI","FE"],[0.7164876658453072,0.0625859585282339]],["MO7NI7",["NI","FE"],[0.48863030705643956,0.040399484501522975]]],
			[["(FE,NI)",["NI","FE"],[0.7185306169178726,0.059865592527628686]],["MO7NI7",["NI","FE"],[0.49000146935862987,0.038750124433993616]]],
			[["(FE,NI)",["NI","FE"],[0.7205735679904379,0.05714522652702336]],["MO7NI7",["NI","FE"],[0.49136973369670633,0.03709909126179489]]],
			[["(FE,NI)",["NI","FE"],[0.7226165190630034,0.05442486052641804]],["MO7NI7",["NI","FE"],[0.4927321811319284,0.035444880857449235]]],
			[["(FE,NI)",["NI","FE"],[0.7246594701355689,0.051704494525812605]],["MO7NI7",["NI","FE"],[0.49408459356360623,0.03378518926549434]]],
			[["(FE,NI)",["NI","FE"],[0.7267024212081342,0.04898412852520739]],["MO7NI7",["NI","FE"],[0.4954370059952841,0.03212549767353945]]],
			[["(FE,NI)",["NI","FE"],[0.7287453722806996,0.04626376252460207]],["MO7NI7",["NI","FE"],[0.4967748364361534,0.030458265908140048]]],
			[["(FE,NI)",["NI","FE"],[0.730788323353265,0.04354339652399675]],["MO7NI7",["NI","FE"],[0.4981115376504802,0.028790450233170617]]],
			[["(FE,NI)",["NI","FE"],[0.7328312744258305,0.040823030523391424]],["MO7NI7",["NI","FE"],[0.49944065058703835,0.0271189159832681]]],
			[["(FE,NI)",["NI","FE"],[0.7348742254983959,0.0381026645227861]],["MO7NI7",["NI","FE"],[0.5007623088850728,0.02544372864727773]]],
			[["(FE,NI)",["NI","FE"],[0.7369171765709612,0.03538229852218089]],["MO7NI7",["NI","FE"],[0.5020825859424789,0.023767898432289436]]],
			[["(FE,NI)",["NI","FE"],[0.7389601276435267,0.032661932521575454]],["MO7NI7",["NI","FE"],[0.5033900404056905,0.022086100121417873]]],
			[["(FE,NI)",["NI","FE"],[0.7410030787160922,0.02994156652097013]],["MO7NI7",["NI","FE"],[0.5046974948689021,0.02040430181054609]]],
			[["(FE,NI)",["NI","FE"],[0.7430460297886575,0.027221200520364808]],["MO7NI7",["NI","FE"],[0.5059952678988302,0.01871821563786291]]],
			[["(FE,NI)",["NI","FE"],[0.7450889808612229,0.024500834519759596]],["MO7NI7",["NI","FE"],[0.5072890224835144,0.01703034971445494]]],
			[["(FE,NI)",["NI","FE"],[0.7471319319337884,0.021780468519154272]],["MO7NI7",["NI","FE"],[0.508578385887184,0.015340630756513152]]],
			[["(FE,NI)",["NI","FE"],[0.7491748830063537,0.01906010251854895]],["MO7NI7",["NI","FE"],[0.5098589724904797,0.013647208076466466]]],
			[["(FE,NI)",["NI","FE"],[0.7512178340789192,0.016339736517943515]],["MO7NI7",["NI","FE"],[0.5111395590937755,0.011953785396420002]]],
			[["(FE,NI)",["NI","FE"],[0.7532607851514845,0.013619370517338303]],["MO7NI7",["NI","FE"],[0.5124081352954979,0.010255524149304418]]],
			[["(FE,NI)",["NI","FE"],[0.75530373622405,0.01089900451673298]],["MO7NI7",["NI","FE"],[0.5136764463971453,0.008557156102721342]]],
			[["(FE,NI)",["NI","FE"],[0.7573466872966154,0.008178638516127656]],["MO7NI7",["NI","FE"],[0.5149373106150316,0.006855917406819678]]],
			[["(FE,NI)",["NI","FE"],[0.7593896383691808,0.005458272515522333]],["MO7NI7",["NI","FE"],[0.5161940304947639,0.005153081137774351]]],
			[["(FE,NI)",["NI","FE"],[0.7614325894417463,0.002737906514916899]],["MO7NI7",["NI","FE"],[0.5174472783065942,0.0034489611061228054]]]],
	"reference": "C-A58757"
}