{
    "components": [
        "FE",
        "MO",
        "NI"
    ],
    "phases": [
        "MO0.53FE0.11NI0.36",
        "MO0.53FE0.11NI0.36",
        "MO7NI7"
    ],
    "conditions": {
        "P": [
            101325
        ],
        "T": [
            1373,
            1373,
            1373,
            1373,
            1373,
            1373,
            1373,
            1373,
            1373,
            1373,
            1373,
            1373,
            1373,
            1373,
            1373,
            1373,
            1373,
            1373,
            1373,
            1373,
            1373,
            1373,
            1373,
            1373,
            1373,
            1373,
            1373,
            1373,
            1373,
            1373,
            1373,
            1373,
            1373,
            1373,
            1373,
            1373,
            1373,
            1373,
            1373,
            1373,
            1373,
            1373
        ]
    },
    "broadcast_conditions": false,
    "output": "ZPF",
    "values":
			[[["MO0.53FE0.11NI0.36",["NI","FE"],[0.2969913739389087,0.20687537393890865]],["MO0.53FE0.11NI0.36",["NI","FE"],[0.2878489148090768,0.2577129148090769]],["MO0.53FE0.11NI0.36",["NI","FE"],[0.011570748904280226,0.019868748904280253]]],
			[["MO0.53FE0.11NI0.36",["NI","FE"],[0.29992679080588014,0.20323854690344112]],["MO0.53FE0.11NI0.36",["NI","FE"],[0.012188568473224304,0.01921710505859009]]],
			[["MO0.53FE0.11NI0.36",["NI","FE"],[0.3027404793956021,0.2002499915907241]],["MO0.53FE0.11NI0.36",["NI","FE"],[0.01225947610071304,0.01893454927144478]]],
			[["MO0.53FE0.11NI0.36",["NI","FE"],[0.3055541679853241,0.19726143627800707]],["MO0.53FE0.11NI0.36",["NI","FE"],[0.01225947610071304,0.01893454927144478]]],
			[["MO0.53FE0.11NI0.36",["NI","FE"],[0.3083678565750462,0.19427288096528994]],["MO0.53FE0.11NI0.36",["NI","FE"],[0.012330383728201832,0.018651993484299356]]],
			[["MO0.53FE0.11NI0.36",["NI","FE"],[0.31118154516476815,0.19128432565257292]],["MO0.53FE0.11NI0.36",["NI","FE"],[0.012401291355690625,0.018369437697153934]]],
			[["MO0.53FE0.11NI0.36",["NI","FE"],[0.3139952337544901,0.188295770339856]],["MO0.53FE0.11NI0.36",["NI","FE"],[0.012472198983179361,0.018086881910008623]]],
			[["MO0.53FE0.11NI0.36",["NI","FE"],[0.3168089223442121,0.18530721502713887]],["MO0.53FE0.11NI0.36",["NI","FE"],[0.012543106610668153,0.017804326122863312]]],
			[["MO0.53FE0.11NI0.36",["NI","FE"],[0.31962261093393407,0.18231865971442196]],["MO0.53FE0.11NI0.36",["NI","FE"],[0.012614014238156945,0.017521770335718]]],
			[["MO0.53FE0.11NI0.36",["NI","FE"],[0.32243629952365604,0.17933010440170483]],["MO0.53FE0.11NI0.36",["NI","FE"],[0.012684921865645737,0.01723921454857258]]],
			[["MO0.53FE0.11NI0.36",["NI","FE"],[0.325249988113378,0.17634154908898791]],["MO0.53FE0.11NI0.36",["NI","FE"],[0.01275582949313453,0.016956658761427157]]],
			[["MO0.53FE0.11NI0.36",["NI","FE"],[0.3280636767031,0.17335299377627078]],["MO0.53FE0.11NI0.36",["NI","FE"],[0.012826737120623322,0.016674102974281846]]],
			[["MO0.53FE0.11NI0.36",["NI","FE"],[0.33087736529282197,0.17036443846355387]],["MO0.53FE0.11NI0.36",["NI","FE"],[0.012897644748112114,0.016391547187136535]]],
			[["MO0.53FE0.11NI0.36",["NI","FE"],[0.33369105388254405,0.16737588315083674]],["MO0.53FE0.11NI0.36",["NI","FE"],[0.01296855237560085,0.016108991399991]]],
			[["MO0.53FE0.11NI0.36",["NI","FE"],[0.336504742472266,0.1643873278381196]],["MO0.53FE0.11NI0.36",["NI","FE"],[0.013039460003089587,0.01582643561284569]]],
			[["MO0.53FE0.11NI0.36",["NI","FE"],[0.33931843106198806,0.1613987725254027]],["MO0.53FE0.11NI0.36",["NI","FE"],[0.013110367630578379,0.01554387982570038]]],
			[["MO0.53FE0.11NI0.36",["NI","FE"],[0.34213211965171003,0.15841021721268556]],["MO0.53FE0.11NI0.36",["NI","FE"],[0.013181275258067171,0.015261324038555069]]],
			[["MO0.53FE0.11NI0.36",["NI","FE"],[0.344945808241432,0.15542166189996864]],["MO0.53FE0.11NI0.36",["NI","FE"],[0.013252182885555963,0.014978768251409647]]],
			[["MO0.53FE0.11NI0.36",["NI","FE"],[0.347759496831154,0.1524331065872515]],["MO0.53FE0.11NI0.36",["NI","FE"],[0.013323090513044755,0.014696212464264224]]],
			[["MO0.53FE0.11NI0.36",["NI","FE"],[0.35057318542087595,0.1494445512745346]],["MO0.53FE0.11NI0.36",["NI","FE"],[0.013393998140533547,0.014413656677118913]]],
			[["MO0.53FE0.11NI0.36",["NI","FE"],[0.35338687401059793,0.14645599596181746]],["MO0.53FE0.11NI0.36",["NI","FE"],[0.01346490576802234,0.014131100889973602]]],
			[["MO0.53FE0.11NI0.36",["NI","FE"],[0.35620056260032,0.14346744064910033]],["MO0.53FE0.11NI0.36",["NI","FE"],[0.013535813395511131,0.01384854510282818]]],
			[["MO0.53FE0.11NI0.36",["NI","FE"],[0.359014251190042,0.14047888533638342]],["MO0.53FE0.11NI0.36",["NI","FE"],[0.013606721022999757,0.013565989315682758]]],
			[["MO0.53FE0.11NI0.36",["NI","FE"],[0.36182793977976396,0.13749033002366629]],["MO0.53FE0.11NI0.36",["NI","FE"],[0.013677628650488605,0.013283433528537336]]],
			[["MO0.53FE0.11NI0.36",["NI","FE"],[0.36464162836948594,0.13450177471094937]],["MO0.53FE0.11NI0.36",["NI","FE"],[0.013748536277977341,0.013000877741392025]]],
			[["MO0.53FE0.11NI0.36",["NI","FE"],[0.3674553169592079,0.13151321939823224]],["MO0.53FE0.11NI0.36",["NI","FE"],[0.013819443905466189,0.012718321954246603]]],
			[["MO0.53FE0.11NI0.36",["NI","FE"],[0.3702690055489299,0.12852466408551533]],["MO0.53FE0.11NI0.36",["NI","FE"],[0.013890351532954925,0.012435766167101292]]],
			[["MO0.53FE0.11NI0.36",["NI","FE"],[0.37308269413865186,0.1255361087727982]],["MO0.53FE0.11NI0.36",["NI","FE"],[0.013961259160443662,0.012153210379955981]]],
			[["MO0.53FE0.11NI0.36",["NI","FE"],[0.37589638272837383,0.12254755346008128]],["MO0.53FE0.11NI0.36",["NI","FE"],[0.01403216678793251,0.011870654592810559]]],
			[["MO0.53FE0.11NI0.36",["NI","FE"],[0.3787100713180959,0.11955899814736415]],["MO0.53FE0.11NI0.36",["NI","FE"],[0.014103074415421246,0.011588098805665248]]],
			[["MO0.53FE0.11NI0.36",["NI","FE"],[0.3815237599078179,0.11657044283464701]],["MO0.53FE0.11NI0.36",["NI","FE"],[0.014173982042910094,0.011305543018519826]]],
			[["MO0.53FE0.11NI0.36",["NI","FE"],[0.38433744849753987,0.1135818875219301]],["MO0.53FE0.11NI0.36",["NI","FE"],[0.01424488967039883,0.011022987231374515]]],
			[["MO0.53FE0.11NI0.36",["NI","FE"],[0.38715113708726184,0.11059333220921297]],["MO0.53FE0.11NI0.36",["NI","FE"],[0.014315797297887622,0.010740431444228982]]],
			[["MO0.53FE0.11NI0.36",["NI","FE"],[0.3899648256769838,0.10760477689649606]],["MO0.53FE0.11NI0.36",["NI","FE"],[0.014386704925376359,0.01045787565708367]]],
			[["MO0.53FE0.11NI0.36",["NI","FE"],[0.3927785142667058,0.10461622158377892]],["MO0.53FE0.11NI0.36",["NI","FE"],[0.014457612552865096,0.01017531986993836]]],
			[["MO0.53FE0.11NI0.36",["NI","FE"],[0.39559220285642777,0.10162766627106201]],["MO0.53FE0.11NI0.36",["NI","FE"],[0.014528520180353943,0.009892764082793049]]],
			[["MO0.53FE0.11NI0.36",["NI","FE"],[0.39840589144614974,0.09863911095834488]],["MO0.53FE0.11NI0.36",["NI","FE"],[0.01459942780784268,0.009610208295647737]]],
			[["MO0.53FE0.11NI0.36",["NI","FE"],[0.4012195800358717,0.09565055564562797]],["MO0.53FE0.11NI0.36",["NI","FE"],[0.014670335435331527,0.009327652508502204]]],
			[["MO0.53FE0.11NI0.36",["NI","FE"],[0.4040332686255938,0.09266200033291083]],["MO0.53FE0.11NI0.36",["NI","FE"],[0.014741243062820264,0.009045096721356893]]],
			[["MO0.53FE0.11NI0.36",["NI","FE"],[0.40684695721531583,0.08967344502019381]],["MO0.53FE0.11NI0.36",["NI","FE"],[0.014812150690309112,0.008762540934211582]]],
			[["MO0.53FE0.11NI0.36",["NI","FE"],[0.4096606458050378,0.08668488970747679]],["MO0.53FE0.11NI0.36",["NI","FE"],[0.014883058317797848,0.008479985147066271]]],
