{
    "components": [
        "FE",
        "MO",
        "NI"
    ],
    "phases": [
        "(FE,NI)",
        "MO0.53FE0.11NI0.36",
        "MO7NI7"
    ],
    "conditions": {
        "P": [
            101325
        ],
        "T": [
            1373,
            1373,
            1373,
            1373,
            1373,
            1373,
            1373,
            1373,
            1373,
            1373,
            1373,
            1373,
            1373,
            1373,
            1373,
            1373,
            1373,
            1373,
            1373,
            1373,
            1373,
            1373,
            1373,
            1373,
            1373,
            1373,
            1373,
            1373,
            1373,
            1373,
            1373,
            1373,
            1373,
            1373,
            1373,
            1373,
            1373,
            1373,
            1373,
            1373,
            1373,
            1373
        ]
    },
    "broadcast_conditions": false,
    "output": "ZPF",
    "values":
			[[["(FE,NI)",["NI","FE"],[0.6133234451683496,0.2160314451683495]],["MO0.53FE0.11NI0.36",["NI","FE"],[0.3646423436666185,0.16679634366661844]],["MO0.53FE0.11NI0.36",["NI","FE"],[0.35388752787268274,0.19301952787268273]]],
			[["(FE,NI)",["NI","FE"],[0.6148518979350522,0.2129477515935888]],["MO0.53FE0.11NI0.36",["NI","FE"],[0.36686217237123764,0.1648108065175793]]],
			[["(FE,NI)",["NI","FE"],[0.6164553989033086,0.21043910622038198]],["MO0.53FE0.11NI0.36",["NI","FE"],[0.3682568041259876,0.1632220724186706]]],
			[["(FE,NI)",["NI","FE"],[0.6180588998715651,0.20793046084717481]],["MO0.53FE0.11NI0.36",["NI","FE"],[0.3682568041259876,0.1632220724186706]]],
			[["(FE,NI)",["NI","FE"],[0.6196624008398215,0.20542181547396798]],["MO0.53FE0.11NI0.36",["NI","FE"],[0.36965143588073746,0.1616333383197619]]],
			[["(FE,NI)",["NI","FE"],[0.621265901808078,0.20291317010076104]],["MO0.53FE0.11NI0.36",["NI","FE"],[0.3710460676354874,0.1600446042208532]]],
			[["(FE,NI)",["NI","FE"],[0.6228694027763345,0.200404524727554]],["MO0.53FE0.11NI0.36",["NI","FE"],[0.3724406993902372,0.1584558701219445]]],
			[["(FE,NI)",["NI","FE"],[0.6244729037445909,0.19789587935434716]],["MO0.53FE0.11NI0.36",["NI","FE"],[0.3738353311449872,0.1568671360230358]]],
			[["(FE,NI)",["NI","FE"],[0.6260764047128474,0.19538723398114]],["MO0.53FE0.11NI0.36",["NI","FE"],[0.375229962899737,0.15527840192412734]]],
			[["(FE,NI)",["NI","FE"],[0.6276799056811038,0.19287858860793317]],["MO0.53FE0.11NI0.36",["NI","FE"],[0.37662459465448694,0.15368966782521865]]],
			[["(FE,NI)",["NI","FE"],[0.6292834066493603,0.1903699432347261]],["MO0.53FE0.11NI0.36",["NI","FE"],[0.3780192264092368,0.15210093372630995]]],
			[["(FE,NI)",["NI","FE"],[0.6308869076176167,0.18786129786151928]],["MO0.53FE0.11NI0.36",["NI","FE"],[0.3794138581639866,0.15051219962740126]]],
			[["(FE,NI)",["NI","FE"],[0.6324904085858731,0.18535265248831234]],["MO0.53FE0.11NI0.36",["NI","FE"],[0.38080848991873656,0.14892346552849256]]],
			[["(FE,NI)",["NI","FE"],[0.6340939095541297,0.18284400711510518]],["MO0.53FE0.11NI0.36",["NI","FE"],[0.38220312167348636,0.1473347314295841]]],
			[["(FE,NI)",["NI","FE"],[0.635697410522386,0.18033536174189835]],["MO0.53FE0.11NI0.36",["NI","FE"],[0.3835977534282363,0.1457459973306754]]],
			[["(FE,NI)",["NI","FE"],[0.6373009114906426,0.1778267163686913]],["MO0.53FE0.11NI0.36",["NI","FE"],[0.3849923851829862,0.1441572632317667]]],
			[["(FE,NI)",["NI","FE"],[0.638904412458899,0.17531807099548447]],["MO0.53FE0.11NI0.36",["NI","FE"],[0.38638701693773614,0.142568529132858]]],
			[["(FE,NI)",["NI","FE"],[0.6405079134271554,0.17280942562227752]],["MO0.53FE0.11NI0.36",["NI","FE"],[0.38778164869248594,0.1409797950339493]]],
			[["(FE,NI)",["NI","FE"],[0.6421114143954119,0.17030078024907058]],["MO0.53FE0.11NI0.36",["NI","FE"],[0.38917628044723573,0.13939106093504083]]],
			[["(FE,NI)",["NI","FE"],[0.6437149153636683,0.16779213487586353]],["MO0.53FE0.11NI0.36",["NI","FE"],[0.3905709122019857,0.13780232683613203]]],
			[["(FE,NI)",["NI","FE"],[0.6453184163319249,0.16528348950265648]],["MO0.53FE0.11NI0.36",["NI","FE"],[0.39196554395673555,0.13621359273722344]]],
			[["(FE,NI)",["NI","FE"],[0.6469219173001812,0.16277484412944965]],["MO0.53FE0.11NI0.36",["NI","FE"],[0.3933601757114855,0.13462485863831475]]],
			[["(FE,NI)",["NI","FE"],[0.6485254182684377,0.1602661987562427]],["MO0.53FE0.11NI0.36",["NI","FE"],[0.3947548074662353,0.13303612453940605]]],
			[["(FE,NI)",["NI","FE"],[0.6501289192366941,0.15775755338303576]],["MO0.53FE0.11NI0.36",["NI","FE"],[0.3961494392209853,0.13144739044049736]]],
			[["(FE,NI)",["NI","FE"],[0.6517324202049506,0.15524890800982882]],["MO0.53FE0.11NI0.36",["NI","FE"],[0.3975440709757351,0.12985865634158877]]],
			[["(FE,NI)",["NI","FE"],[0.6533359211732072,0.15274026263662166]],["MO0.53FE0.11NI0.36",["NI","FE"],[0.39893870273048504,0.12826992224268008]]],
			[["(FE,NI)",["NI","FE"],[0.6549394221414635,0.15023161726341483]],["MO0.53FE0.11NI0.36",["NI","FE"],[0.4003333344852349,0.1266811881437715]]],
			[["(FE,NI)",["NI","FE"],[0.65654292310972,0.1477229718902079]],["MO0.53FE0.11NI0.36",["NI","FE"],[0.4017279662399847,0.1250924540448628]]],
			[["(FE,NI)",["NI","FE"],[0.6581464240779764,0.14521432651700095]],["MO0.53FE0.11NI0.36",["NI","FE"],[0.4031225979947346,0.1235037199459541]]],
			[["(FE,NI)",["NI","FE"],[0.6597499250462329,0.142705681143794]],["MO0.53FE0.11NI0.36",["NI","FE"],[0.40451722974948445,0.12191498584704552]]],
			[["(FE,NI)",["NI","FE"],[0.6613534260144894,0.14019703577058684]],["MO0.53FE0.11NI0.36",["NI","FE"],[0.4059118615042344,0.12032625174813683]]],
			[["(FE,NI)",["NI","FE"],[0.6629569269827458,0.13768839039738]],["MO0.53FE0.11NI0.36",["NI","FE"],[0.40730649325898427,0.11873751764922824]]],
			[["(FE,NI)",["NI","FE"],[0.6645604279510023,0.13517974502417296]],["MO0.53FE0.11NI0.36",["NI","FE"],[0.40870112501373423,0.11714878355031955]]],
			[["(FE,NI)",["NI","FE"],[0.6661639289192587,0.13267109965096613]],["MO0.53FE0.11NI0.36",["NI","FE"],[0.410095756768484,0.11556004945141085]]],
			[["(FE,NI)",["NI","FE"],[0.6677674298875151,0.1301624542777592]],["MO0.53FE0.11NI0.36",["NI","FE"],[0.41149038852323383,0.11397131535250227]]],
			[["(FE,NI)",["NI","FE"],[0.6693709308557716,0.12765380890455225]],["MO0.53FE0.11NI0.36",["NI","FE"],[0.4128850202779838,0.11238258125359357]]],
			[["(FE,NI)",["NI","FE"],[0.670974431824028,0.1251451635313452]],["MO0.53FE0.11NI0.36",["NI","FE"],[0.41427965203273365,0.11079384715468499]]],
			[["(FE,NI)",["NI","FE"],[0.6725779327922846,0.12263651815813814]],["MO0.53FE0.11NI0.36",["NI","FE"],[0.41567428378748356,0.10920511305577629]]],
			[["(FE,NI)",["NI","FE"],[0.674181433760541,0.12012787278493131]],["MO0.53FE0.11NI0.36",["NI","FE"],[0.41706891554223335,0.1076163789568676]]],
			[["(FE,NI)",["NI","FE"],[0.6757849347287974,0.11761922741172437]],["MO0.53FE0.11NI0.36",["NI","FE"],[0.4184635472969833,0.1060276448579589]]],
			[["(FE,NI)",["NI","FE"],[0.6773884356970539,0.11511058203851743]],["MO0.53FE0.11NI0.36",["NI","FE"],[0.41985817905173317,0.10443891075905032]]],
			[["(FE,NI)",["NI","FE"],[0.6797424592780316,0.1121204592780316]],["MO7NI7",["NI","FE"],[0.46334634366661853,0.06809234366661854]],["MO0.53FE0.11NI0.36",["NI","FE"],[0.42262481998552137,0.10074481998552143]]]],
	"reference": "C-A58757"
}