{
    "components": [
        "FE",
        "MO",
        "NI"
    ],
    "phases": [
        "MO0.53FE0.11NI0.36",
        "(FE,NI)",
        "(FE,NI)"
    ],
    "conditions": {
        "P": [
            101325
        ],
        "T": [
            1373,
            1373,
            1373,
            1373,
            1373,
            1373,
            1373,
            1373,
            1373,
            1373,
            1373,
            1373,
            1373,
            1373,
            1373,
            1373,
            1373,
            1373,
            1373,
            1373,
            1373,
            1373,
            1373,
            1373,
            1373,
            1373,
            1373,
            1373,
            1373,
            1373,
            1373,
            1373,
            1373,
            1373,
            1373,
            1373,
            1373,
            1373,
            1373,
            1373,
            1373
        ]
    },
    "broadcast_conditions": false,
    "output": "ZPF",
    "values":
			[[["(FE,NI)",["NI","FE"],[0.07471481999840413,0.8432408199984041]],["(FE,NI)",["NI","FE"],[0.04750873445191164,0.8457327344519117]],["MO0.53FE0.11NI0.36",["NI","FE"],[0.016021138475464103,0.5845171384754642]]],
			[["MO0.53FE0.11NI0.36",["NI","FE"],[0.01528561654321614,0.5867882994700454]],["(FE,NI)",["NI","FE"],[0.0458303704258144,0.8469669753038632]]],
			[["MO0.53FE0.11NI0.36",["NI","FE"],[0.014902774686663955,0.5875301405403225]],["(FE,NI)",["NI","FE"],[0.04468441949460733,0.8481616292507049]]],
			[["MO0.53FE0.11NI0.36",["NI","FE"],[0.01451993283011177,0.5882719816105996]],["(FE,NI)",["NI","FE"],[0.04468441949460733,0.8481616292507049]]],
			[["MO0.53FE0.11NI0.36",["NI","FE"],[0.014137090973559557,0.5890138226808767]],["(FE,NI)",["NI","FE"],[0.043538468563400254,0.8493562831975465]]],
			[["MO0.53FE0.11NI0.36",["NI","FE"],[0.013754249117007372,0.5897556637511537]],["(FE,NI)",["NI","FE"],[0.04239251763219316,0.8505509371443882]]],
			[["MO0.53FE0.11NI0.36",["NI","FE"],[0.013371407260455187,0.5904975048214308]],["(FE,NI)",["NI","FE"],[0.04124656670098609,0.8517455910912299]]],
			[["MO0.53FE0.11NI0.36",["NI","FE"],[0.012988565403903002,0.5912393458917079]],["(FE,NI)",["NI","FE"],[0.04010061576977901,0.8529402450380716]]],
			[["MO0.53FE0.11NI0.36",["NI","FE"],[0.012605723547350789,0.5919811869619849]],["(FE,NI)",["NI","FE"],[0.03895466483857191,0.8541348989849133]]],
			[["MO0.53FE0.11NI0.36",["NI","FE"],[0.012222881690798632,0.5927230280322621]],["(FE,NI)",["NI","FE"],[0.03780871390736483,0.855329552931755]]],
			[["MO0.53FE0.11NI0.36",["NI","FE"],[0.011840039834246419,0.593464869102539]],["(FE,NI)",["NI","FE"],[0.03666276297615775,0.8565242068785968]]],
			[["MO0.53FE0.11NI0.36",["NI","FE"],[0.011457197977694233,0.5942067101728161]],["(FE,NI)",["NI","FE"],[0.03551681204495068,0.8577188608254385]]],
			[["MO0.53FE0.11NI0.36",["NI","FE"],[0.011074356121142048,0.5949485512430932]],["(FE,NI)",["NI","FE"],[0.03437086111374358,0.8589135147722802]]],
			[["MO0.53FE0.11NI0.36",["NI","FE"],[0.010691514264589863,0.5956903923133703]],["(FE,NI)",["NI","FE"],[0.033224910182536496,0.8601081687191219]]],
			[["MO0.53FE0.11NI0.36",["NI","FE"],[0.01030867240803765,0.5964322333836474]],["(FE,NI)",["NI","FE"],[0.03207895925132942,0.8613028226659636]]],
			[["MO0.53FE0.11NI0.36",["NI","FE"],[0.009925830551485465,0.5971740744539245]],["(FE,NI)",["NI","FE"],[0.030933008320122336,0.8624974766128053]]],
			[["MO0.53FE0.11NI0.36",["NI","FE"],[0.00954298869493328,0.5979159155242015]],["(FE,NI)",["NI","FE"],[0.029787057388915267,0.863692130559647]]],
			[["MO0.53FE0.11NI0.36",["NI","FE"],[0.009160146838381095,0.5986577565944786]],["(FE,NI)",["NI","FE"],[0.028641106457708176,0.8648867845064887]]],
			[["MO0.53FE0.11NI0.36",["NI","FE"],[0.008777304981828882,0.5993995976647557]],["(FE,NI)",["NI","FE"],[0.027495155526501093,0.8660814384533304]]],
			[["MO0.53FE0.11NI0.36",["NI","FE"],[0.008394463125276724,0.6001414387350328]],["(FE,NI)",["NI","FE"],[0.02634920459529401,0.8672760924001721]]],
			[["MO0.53FE0.11NI0.36",["NI","FE"],[0.008011621268724511,0.6008832798053099]],["(FE,NI)",["NI","FE"],[0.025203253664086933,0.8684707463470138]]],
			[["MO0.53FE0.11NI0.36",["NI","FE"],[0.007628779412172326,0.601625120875587]],["(FE,NI)",["NI","FE"],[0.02405730273287985,0.8696654002938554]]],
			[["MO0.53FE0.11NI0.36",["NI","FE"],[0.007245937555620113,0.602366961945864]],["(FE,NI)",["NI","FE"],[0.022911351801672766,0.8708600542406972]]],
			[["MO0.53FE0.11NI0.36",["NI","FE"],[0.006863095699067956,0.6031088030161411]],["(FE,NI)",["NI","FE"],[0.02176540087046569,0.8720547081875388]]],
			[["MO0.53FE0.11NI0.36",["NI","FE"],[0.006480253842515743,0.6038506440864182]],["(FE,NI)",["NI","FE"],[0.020619449939258593,0.8732493621343805]]],
			[["MO0.53FE0.11NI0.36",["NI","FE"],[0.006097411985963558,0.6045924851566953]],["(FE,NI)",["NI","FE"],[0.019473499008051523,0.8744440160812222]]],
			[["MO0.53FE0.11NI0.36",["NI","FE"],[0.005714570129411373,0.6053343262269724]],["(FE,NI)",["NI","FE"],[0.018327548076844447,0.875638670028064]]],
			[["MO0.53FE0.11NI0.36",["NI","FE"],[0.0053317282728591875,0.6060761672972494]],["(FE,NI)",["NI","FE"],[0.01718159714563735,0.8768333239749057]]],
			[["MO0.53FE0.11NI0.36",["NI","FE"],[0.004948886416306975,0.6068180083675265]],["(FE,NI)",["NI","FE"],[0.016035646214430266,0.8780279779217474]]],
			[["MO0.53FE0.11NI0.36",["NI","FE"],[0.004566044559754817,0.6075598494378036]],["(FE,NI)",["NI","FE"],[0.01488969528322319,0.8792226318685891]]],
			[["MO0.53FE0.11NI0.36",["NI","FE"],[0.004183202703202604,0.6083016905080807]],["(FE,NI)",["NI","FE"],[0.013743744352016106,0.8804172858154308]]],
			[["MO0.53FE0.11NI0.36",["NI","FE"],[0.003800360846650419,0.6090435315783578]],["(FE,NI)",["NI","FE"],[0.012597793420809023,0.8816119397622725]]],
			[["MO0.53FE0.11NI0.36",["NI","FE"],[0.003417518990098206,0.6097853726486347]],["(FE,NI)",["NI","FE"],[0.011451842489601946,0.8828065937091142]]],
			[["MO0.53FE0.11NI0.36",["NI","FE"],[0.0030346771335460487,0.6105272137189119]],["(FE,NI)",["NI","FE"],[0.010305891558394863,0.8840012476559558]]],
			[["MO0.53FE0.11NI0.36",["NI","FE"],[0.002651835276993836,0.6112690547891889]],["(FE,NI)",["NI","FE"],[0.009159940627187772,0.8851959016027975]]],
			[["MO0.53FE0.11NI0.36",["NI","FE"],[0.0022689934204416506,0.612010895859466]],["(FE,NI)",["NI","FE"],[0.008013989695980696,0.8863905555496392]]],
			[["MO0.53FE0.11NI0.36",["NI","FE"],[0.0018861515638894655,0.6127527369297431]],["(FE,NI)",["NI","FE"],[0.006868038764773612,0.8875852094964809]]],
			[["MO0.53FE0.11NI0.36",["NI","FE"],[0.0015033097073372803,0.6134945780000202]],["(FE,NI)",["NI","FE"],[0.005722087833566536,0.8887798634433226]]],
			[["MO0.53FE0.11NI0.36",["NI","FE"],[0.0011204678507850674,0.6142364190702972]],["(FE,NI)",["NI","FE"],[0.0045761369023594525,0.8899745173901643]]],
			[["MO0.53FE0.11NI0.36",["NI","FE"],[0.0007376259942328822,0.6149782601405743]],["(FE,NI)",["NI","FE"],[0.003430185971152369,0.891169171337006]]],
			[["MO0.53FE0.11NI0.36",["NI","FE"],[0.00035478413768069705,0.6157201012108514]],["(FE,NI)",["NI","FE"],[0.0022842350399452857,0.8923638252838477]]]],
	"reference": "C-A58757"
}