{
    "components": [
        "FE",
        "MO",
        "NI"
    ],
    "phases": [
        "MO7NI7",
        "MO0.53FE0.11NI0.36",
        "(FE,NI)",
        "MO0.53FE0.11NI0.36"
    ],
    "conditions": {
        "P": [
            101325
        ],
        "T": [
            1373,
            1373,
            1373,
            1373,
            1373,
            1373,
            1373,
            1373,
            1373,
            1373,
            1373,
            1373,
            1373,
            1373,
            1373,
            1373,
            1373,
            1373,
            1373,
            1373,
            1373,
            1373,
            1373,
            1373,
            1373,
            1373,
            1373,
            1373,
            1373,
            1373,
            1373,
            1373,
            1373,
            1373,
            1373,
            1373,
            1373,
            1373,
            1373,
            1373,
            1373,
            1373
        ]
    },
    "broadcast_conditions": false,
    "output": "ZPF",
    "values":
			[[["(FE,NI)",["NI","FE"],[0.6797424592780316,0.1121204592780316]],["MO7NI7",["NI","FE"],[0.46334634366661853,0.06809234366661854]],["MO0.53FE0.11NI0.36",["NI","FE"],[0.42262481998552137,0.10074481998552143]]],
			[["MO7NI7",["NI","FE"],[0.46240120448698774,0.06781183863332907]],["MO0.53FE0.11NI0.36",["NI","FE"],[0.42271020698305806,0.09962879234891187]]],
			[["MO7NI7",["NI","FE"],[0.46214213274679705,0.0674434010394801]],["MO0.53FE0.11NI0.36",["NI","FE"],[0.4224920892245419,0.09921925995624936]]],
			[["MO7NI7",["NI","FE"],[0.4618830610066065,0.06707496344563091]],["MO0.53FE0.11NI0.36",["NI","FE"],[0.4224920892245419,0.09921925995624936]]],
			[["MO7NI7",["NI","FE"],[0.46162398926641596,0.06670652585178183]],["MO0.53FE0.11NI0.36",["NI","FE"],[0.42227397146602585,0.09880972756358697]]],
			[["MO7NI7",["NI","FE"],[0.4613649175262253,0.06633808825793275]],["MO0.53FE0.11NI0.36",["NI","FE"],[0.42205585370750975,0.09840019517092458]]],
			[["MO7NI7",["NI","FE"],[0.46110584578603475,0.06596965066408356]],["MO0.53FE0.11NI0.36",["NI","FE"],[0.4218377359489937,0.09799066277826207]]],
			[["MO7NI7",["NI","FE"],[0.4608467740458442,0.06560121307023437]],["MO0.53FE0.11NI0.36",["NI","FE"],[0.42161961819047755,0.09758113038559957]]],
			[["MO7NI7",["NI","FE"],[0.4605877023056535,0.06523277547638529]],["MO0.53FE0.11NI0.36",["NI","FE"],[0.42140150043196145,0.09717159799293718]]],
			[["MO7NI7",["NI","FE"],[0.46032863056546297,0.0648643378825362]],["MO0.53FE0.11NI0.36",["NI","FE"],[0.4211833826734454,0.09676206560027478]]],
			[["MO7NI7",["NI","FE"],[0.46006955882527245,0.0644959002886869]],["MO0.53FE0.11NI0.36",["NI","FE"],[0.42096526491492936,0.09635253320761228]]],
			[["MO7NI7",["NI","FE"],[0.45981048708508176,0.06412746269483793]],["MO0.53FE0.11NI0.36",["NI","FE"],[0.42074714715641315,0.09594300081495]]],
			[["MO7NI7",["NI","FE"],[0.4595514153448913,0.06375902510098874]],["MO0.53FE0.11NI0.36",["NI","FE"],[0.4205290293978971,0.09553346842228749]]],
			[["MO7NI7",["NI","FE"],[0.4592923436047007,0.06339058750713966]],["MO0.53FE0.11NI0.36",["NI","FE"],[0.42031091163938106,0.09512393602962499]]],
			[["MO7NI7",["NI","FE"],[0.45903327186451004,0.06302214991329058]],["MO0.53FE0.11NI0.36",["NI","FE"],[0.42009279388086496,0.09471440363696249]]],
			[["MO7NI7",["NI","FE"],[0.45877420012431946,0.0626537123194415]],["MO0.53FE0.11NI0.36",["NI","FE"],[0.4198746761223488,0.0943048712443002]]],
			[["MO7NI7",["NI","FE"],[0.45851512838412894,0.0622852747255922]],["MO0.53FE0.11NI0.36",["NI","FE"],[0.41965655836383275,0.0938953388516377]]],
			[["MO7NI7",["NI","FE"],[0.4582560566439383,0.06191683713174312]],["MO0.53FE0.11NI0.36",["NI","FE"],[0.41943844060531665,0.0934858064589752]]],
			[["MO7NI7",["NI","FE"],[0.45799698490374774,0.06154839953789404]],["MO0.53FE0.11NI0.36",["NI","FE"],[0.41922032284680044,0.09307627406631291]]],
			[["MO7NI7",["NI","FE"],[0.45773791316355716,0.06117996194404496]],["MO0.53FE0.11NI0.36",["NI","FE"],[0.41900220508828445,0.09266674167365041]]],
			[["MO7NI7",["NI","FE"],[0.45747884142336653,0.06081152435019588]],["MO0.53FE0.11NI0.36",["NI","FE"],[0.41878408732976835,0.0922572092809879]]],
			[["MO7NI7",["NI","FE"],[0.457219769683176,0.060443086756346576]],["MO0.53FE0.11NI0.36",["NI","FE"],[0.41856596957125225,0.0918476768883254]]],
			[["MO7NI7",["NI","FE"],[0.4569606979429853,0.060074649162497606]],["MO0.53FE0.11NI0.36",["NI","FE"],[0.4183478518127361,0.09143814449566312]]],
			[["MO7NI7",["NI","FE"],[0.45670162620279475,0.059706211568648415]],["MO0.53FE0.11NI0.36",["NI","FE"],[0.41812973405422005,0.09102861210300062]]],
			[["MO7NI7",["NI","FE"],[0.45644255446260423,0.059337773974799335]],["MO0.53FE0.11NI0.36",["NI","FE"],[0.41791161629570395,0.09061907971033811]]],
			[["MO7NI7",["NI","FE"],[0.4561834827224136,0.058969336380950255]],["MO0.53FE0.11NI0.36",["NI","FE"],[0.4176934985371879,0.09020954731767561]]],
			[["MO7NI7",["NI","FE"],[0.455924410982223,0.05860089878710106]],["MO0.53FE0.11NI0.36",["NI","FE"],[0.41747538077867175,0.08980001492501333]]],
			[["MO7NI7",["NI","FE"],[0.45566533924203245,0.05823246119325187]],["MO0.53FE0.11NI0.36",["NI","FE"],[0.41725726302015564,0.08939048253235082]]],
			[["MO7NI7",["NI","FE"],[0.4554062675018418,0.05786402359940279]],["MO0.53FE0.11NI0.36",["NI","FE"],[0.41703914526163954,0.08898095013968832]]],
			[["MO7NI7",["NI","FE"],[0.4551471957616513,0.05749558600555371]],["MO0.53FE0.11NI0.36",["NI","FE"],[0.4168210275031234,0.08857141774702604]]],
			[["MO7NI7",["NI","FE"],[0.4548881240214607,0.05712714841170452]],["MO0.53FE0.11NI0.36",["NI","FE"],[0.41660290974460734,0.08816188535436353]]],
			[["MO7NI7",["NI","FE"],[0.45462905228127004,0.05675871081785555]],["MO0.53FE0.11NI0.36",["NI","FE"],[0.4163847919860913,0.08775235296170103]]],
			[["MO7NI7",["NI","FE"],[0.4543699805410796,0.05639027322400625]],["MO0.53FE0.11NI0.36",["NI","FE"],[0.41616667422757525,0.08734282056903853]]],
			[["MO7NI7",["NI","FE"],[0.454110908800889,0.05602183563015717]],["MO0.53FE0.11NI0.36",["NI","FE"],[0.41594855646905904,0.08693328817637624]]],
			[["MO7NI7",["NI","FE"],[0.4538518370606983,0.05565339803630809]],["MO0.53FE0.11NI0.36",["NI","FE"],[0.415730438710543,0.08652375578371374]]],
			[["MO7NI7",["NI","FE"],[0.4535927653205078,0.05528496044245901]],["MO0.53FE0.11NI0.36",["NI","FE"],[0.41551232095202695,0.08611422339105124]]],
			[["MO7NI7",["NI","FE"],[0.4533336935803173,0.054916522848609706]],["MO0.53FE0.11NI0.36",["NI","FE"],[0.41529420319351085,0.08570469099838884]]],
			[["MO7NI7",["NI","FE"],[0.4530746218401266,0.054548085254760736]],["MO0.53FE0.11NI0.36",["NI","FE"],[0.41507608543499463,0.08529515860572645]]],
			[["MO7NI7",["NI","FE"],[0.452815550099936,0.054179647660911545]],["MO0.53FE0.11NI0.36",["NI","FE"],[0.4148579676764786,0.08488562621306395]]],
			[["MO7NI7",["NI","FE"],[0.4525564783597455,0.053811210067062465]],["MO0.53FE0.11NI0.36",["NI","FE"],[0.41463984991796254,0.08447609382040155]]],
			[["MO7NI7",["NI","FE"],[0.45229740661955486,0.053442772473213385]],["MO0.53FE0.11NI0.36",["NI","FE"],[0.41442173215944644,0.08406656142773905]]],
			[["MO0.53FE0.11NI0.36",["NI","FE"],[0.4133355839035123,0.08330158390351239]],["MO7NI7",["NI","FE"],[0.45230968493487866,0.05239768493487862]],["MO0.53FE0.11NI0.36",["NI","FE"],[0.014724034809308062,0.007300034809307965]]]],
	"reference": "C-A58757"
}