{
    "components": [
        "FE",
        "MO",
        "NI"
    ],
    "phases": [
        "MO0.53FE0.11NI0.36",
        "MO0.53FE0.11NI0.36"
    ],
    "conditions": {
        "P": [
            101325
        ],
        "T": [
            1373,
            1373,
            1373,
            1373,
            1373,
            1373,
            1373,
            1373,
            1373,
            1373,
            1373,
            1373,
            1373,
            1373,
            1373,
            1373,
            1373,
            1373,
            1373,
            1373,
            1373,
            1373,
            1373,
            1373,
            1373,
            1373,
            1373,
            1373,
            1373,
            1373,
            1373,
            1373,
            1373,
            1373,
            1373,
            1373,
            1373,
            1373,
            1373,
            1373,
            1373
        ]
    },
    "broadcast_conditions": false,
    "output": "ZPF",
    "values":
			[[["MO0.53FE0.11NI0.36",["NI","FE"],[0.2969913739389087,0.20687537393890865]],["MO0.53FE0.11NI0.36",["NI","FE"],[0.2878489148090768,0.2577129148090769]],["MO0.53FE0.11NI0.36",["NI","FE"],[0.011570748904280226,0.019868748904280253]]],
			[["MO0.53FE0.11NI0.36",["NI","FE"],[0.011401556738716567,0.021587605519204467]],["MO0.53FE0.11NI0.36",["NI","FE"],[0.2798660109823028,0.26500245637855446]]],
			[["MO0.53FE0.11NI0.36",["NI","FE"],[0.01111479078276656,0.0223928883437422]],["MO0.53FE0.11NI0.36",["NI","FE"],[0.2725981827258565,0.27209307351836]]],
			[["MO0.53FE0.11NI0.36",["NI","FE"],[0.010828024826816551,0.023198171168280046]],["MO0.53FE0.11NI0.36",["NI","FE"],[0.2725981827258565,0.27209307351836]]],
			[["MO0.53FE0.11NI0.36",["NI","FE"],[0.010541258870866599,0.02400345399281778]],["MO0.53FE0.11NI0.36",["NI","FE"],[0.2653303544694102,0.2791836906581653]]],
			[["MO0.53FE0.11NI0.36",["NI","FE"],[0.010254492914916591,0.024808736817355737]],["MO0.53FE0.11NI0.36",["NI","FE"],[0.2580825944232731,0.2862956494991127]]],
			[["MO0.53FE0.11NI0.36",["NI","FE"],[0.009967726958966638,0.02561401964189347]],["MO0.53FE0.11NI0.36",["NI","FE"],[0.25084385506803575,0.29341720146701644]]],
			[["MO0.53FE0.11NI0.36",["NI","FE"],[0.00968096100301663,0.026419302466431316]],["MO0.53FE0.11NI0.36",["NI","FE"],[0.24360511571279841,0.30053875343492]]],
			[["MO0.53FE0.11NI0.36",["NI","FE"],[0.009394195047066622,0.02722458529096905]],["MO0.53FE0.11NI0.36",["NI","FE"],[0.23638087853236708,0.3076753358187073]]],
			[["MO0.53FE0.11NI0.36",["NI","FE"],[0.009107429091116614,0.028029868115506895]],["MO0.53FE0.11NI0.36",["NI","FE"],[0.22917313912571952,0.31482901690696075]]],
			[["MO0.53FE0.11NI0.36",["NI","FE"],[0.008820663135166606,0.02883515094004474]],["MO0.53FE0.11NI0.36",["NI","FE"],[0.22196539971907198,0.3219826979952143]]],
			[["MO0.53FE0.11NI0.36",["NI","FE"],[0.008533897179216599,0.029640433764582474]],["MO0.53FE0.11NI0.36",["NI","FE"],[0.2147705863935456,0.32914941870602665]]],
			[["MO0.53FE0.11NI0.36",["NI","FE"],[0.00824713122326659,0.03044571658912032]],["MO0.53FE0.11NI0.36",["NI","FE"],[0.20759582729625156,0.336336369799459]]],
			[["MO0.53FE0.11NI0.36",["NI","FE"],[0.007960365267316694,0.031250999413658165]],["MO0.53FE0.11NI0.36",["NI","FE"],[0.20042106819895744,0.3435233208928914]]],
			[["MO0.53FE0.11NI0.36",["NI","FE"],[0.007673599311366686,0.03205628223819601]],["MO0.53FE0.11NI0.36",["NI","FE"],[0.19326227803222473,0.35072593120320883]]],
			[["MO0.53FE0.11NI0.36",["NI","FE"],[0.007386833355416678,0.032861565062733744]],["MO0.53FE0.11NI0.36",["NI","FE"],[0.18612254374445042,0.35794722780816546]]],
			[["MO0.53FE0.11NI0.36",["NI","FE"],[0.00710006739946667,0.03366684788727159]],["MO0.53FE0.11NI0.36",["NI","FE"],[0.17898280945667616,0.3651685244131222]]],
			[["MO0.53FE0.11NI0.36",["NI","FE"],[0.006813301443516662,0.034472130711809434]],["MO0.53FE0.11NI0.36",["NI","FE"],[0.17186729879401072,0.3724128812060469]]],
			[["MO0.53FE0.11NI0.36",["NI","FE"],[0.006526535487566654,0.03527741353634717]],["MO0.53FE0.11NI0.36",["NI","FE"],[0.16476467230991645,0.379669503362984]]],
			[["MO0.53FE0.11NI0.36",["NI","FE"],[0.006239769531616646,0.036082696360885014]],["MO0.53FE0.11NI0.36",["NI","FE"],[0.15766204582582224,0.3869261255199212]]],
			[["MO0.53FE0.11NI0.36",["NI","FE"],[0.005953003575666693,0.03688797918542286]],["MO0.53FE0.11NI0.36",["NI","FE"],[0.1505974551109026,0.39421785711188684]]],
			[["MO0.53FE0.11NI0.36",["NI","FE"],[0.005666237619716685,0.03769326200996059]],["MO0.53FE0.11NI0.36",["NI","FE"],[0.14353380331246257,0.40151045538350294]]],
			[["MO0.53FE0.11NI0.36",["NI","FE"],[0.005379471663766733,0.03849854483449844]],["MO0.53FE0.11NI0.36",["NI","FE"],[0.13648732623464177,0.408818407868181]]],
			[["MO0.53FE0.11NI0.36",["NI","FE"],[0.005092705707816725,0.03930382765903628]],["MO0.53FE0.11NI0.36",["NI","FE"],[0.12946468035618963,0.41614766546289506]]],
			[["MO0.53FE0.11NI0.36",["NI","FE"],[0.004805939751866717,0.04010911048357402]],["MO0.53FE0.11NI0.36",["NI","FE"],[0.12244203447773747,0.4234769230576091]]],
			[["MO0.53FE0.11NI0.36",["NI","FE"],[0.004519173795916709,0.04091439330811186]],["MO0.53FE0.11NI0.36",["NI","FE"],[0.11546152102592855,0.43084261459341244]]],
			[["MO0.53FE0.11NI0.36",["NI","FE"],[0.004232407839966701,0.04171967613264971]],["MO0.53FE0.11NI0.36",["NI","FE"],[0.10848210121860397,0.43820925185634074]]],
			[["MO0.53FE0.11NI0.36",["NI","FE"],[0.003945641884016693,0.04252495895718744]],["MO0.53FE0.11NI0.36",["NI","FE"],[0.1015310420036058,0.445599588059044]]],
			[["MO0.53FE0.11NI0.36",["NI","FE"],[0.003658875928066685,0.04333024178172529]],["MO0.53FE0.11NI0.36",["NI","FE"],[0.09459616006439175,0.45300344246616653]]],
			[["MO0.53FE0.11NI0.36",["NI","FE"],[0.003372109972116788,0.04413552460626313]],["MO0.53FE0.11NI0.36",["NI","FE"],[0.08767989444762322,0.46042231498180664]]],
			[["MO0.53FE0.11NI0.36",["NI","FE"],[0.00308534401616678,0.04494080743080098]],["MO0.53FE0.11NI0.36",["NI","FE"],[0.08079171188975273,0.46786384258559666]]],
			[["MO0.53FE0.11NI0.36",["NI","FE"],[0.002798578060216772,0.04574609025533871]],["MO0.53FE0.11NI0.36",["NI","FE"],[0.07391547321622272,0.47531466623007723]]],
			[["MO0.53FE0.11NI0.36",["NI","FE"],[0.002511812104266764,0.04655137307987656]],["MO0.53FE0.11NI0.36",["NI","FE"],[0.06707441618161114,0.4827928720843673]]],
			[["MO0.53FE0.11NI0.36",["NI","FE"],[0.0022250461483168116,0.04735665590441429]],["MO0.53FE0.11NI0.36",["NI","FE"],[0.06024290375621996,0.49027824105169926]]],
			[["MO0.53FE0.11NI0.36",["NI","FE"],[0.001938280192366748,0.048161938728952136]],["MO0.53FE0.11NI0.36",["NI","FE"],[0.05345087310440089,0.49779324060952135]]],
			[["MO0.53FE0.11NI0.36",["NI","FE"],[0.0016515142364167401,0.04896722155348998]],["MO0.53FE0.11NI0.36",["NI","FE"],[0.046669303615989255,0.5053158087762124]]],
			[["MO0.53FE0.11NI0.36",["NI","FE"],[0.0013647482804667876,0.049772504378027715]],["MO0.53FE0.11NI0.36",["NI","FE"],[0.03992575009433788,0.5128658813391145]]],
			[["MO0.53FE0.11NI0.36",["NI","FE"],[0.0010779823245167242,0.05057778720256556]],["MO0.53FE0.11NI0.36",["NI","FE"],[0.03319729065717025,0.5204264856543539]]],
			[["MO0.53FE0.11NI0.36",["NI","FE"],[0.0007912163685668272,0.051383070027103406]],["MO0.53FE0.11NI0.36",["NI","FE"],[0.02650239771472382,0.5280105106685842]]],
			[["MO0.53FE0.11NI0.36",["NI","FE"],[0.0005044504126168192,0.05218835285164125]],["MO0.53FE0.11NI0.36",["NI","FE"],[0.01983026827765627,0.5356098572068495]]],
			[["MO0.53FE0.11NI0.36",["NI","FE"],[0.00021768445666686675,0.052993635676179096]],["MO0.53FE0.11NI0.36",["NI","FE"],[0.013183679203929266,0.5432263943000963]]]],
	"reference": "C-A58757"
}