{
    "components": [
        "FE",
        "MO",
        "NI"
    ],
    "phases": [
        "(FE,NI)",
        "(FE,NI)",
        "MO0.53FE0.11NI0.36"
    ],
    "conditions": {
        "P": [
            101325
        ],
        "T": [
            1373,
            1373,
            1373,
            1373,
            1373,
            1373,
            1373,
            1373,
            1373,
            1373,
            1373,
            1373,
            1373,
            1373,
            1373,
            1373,
            1373,
            1373,
            1373,
            1373,
            1373,
            1373,
            1373,
            1373,
            1373,
            1373,
            1373,
            1373,
            1373,
            1373,
            1373,
            1373,
            1373,
            1373,
            1373,
            1373,
            1373,
            1373,
            1373,
            1373,
            1373
        ]
    },
    "broadcast_conditions": false,
    "output": "ZPF",
    "values":
			[[["(FE,NI)",["NI","FE"],[0.07471481999840413,0.8432408199984041]],["(FE,NI)",["NI","FE"],[0.04750873445191164,0.8457327344519117]],["MO0.53FE0.11NI0.36",["NI","FE"],[0.016021138475464103,0.5845171384754642]]],
			[["(FE,NI)",["NI","FE"],[0.046791586355545214,0.849298794259978]],["(FE,NI)",["NI","FE"],[0.0723200907233307,0.8472130027664663]]],
			[["(FE,NI)",["NI","FE"],[0.04577717908874791,0.8524095948976136]],["(FE,NI)",["NI","FE"],[0.07063192031535162,0.8506377444016227]]],
			[["(FE,NI)",["NI","FE"],[0.044750111645200465,0.855522993633868]],["(FE,NI)",["NI","FE"],[0.07063192031535162,0.8506377444016227]]],
			[["(FE,NI)",["NI","FE"],[0.043719722530609864,0.8586370740374576]],["(FE,NI)",["NI","FE"],[0.06893266774601098,0.8540625580229085]]],
			[["(FE,NI)",["NI","FE"],[0.04268262305637218,0.8617524962189591]],["(FE,NI)",["NI","FE"],[0.06722952611828181,0.8574873969062573]]],
			[["(FE,NI)",["NI","FE"],[0.04163559686878659,0.8648699033081866]],["(FE,NI)",["NI","FE"],[0.0655216000579133,0.8609122389859694]]],
			[["(FE,NI)",["NI","FE"],[0.04058835865018242,0.8679873516326082]],["(FE,NI)",["NI","FE"],[0.06380333097839778,0.8643370879756009]]],
			[["(FE,NI)",["NI","FE"],[0.03952420025671091,0.8711080905448865]],["(FE,NI)",["NI","FE"],[0.06208506189888228,0.8677619369652325]]],
			[["(FE,NI)",["NI","FE"],[0.0384600418632394,0.8742288294571647]],["(FE,NI)",["NI","FE"],[0.060353708621302155,0.8711867183338411]]],
			[["(FE,NI)",["NI","FE"],[0.03738494469365368,0.8773516335810464]],["(FE,NI)",["NI","FE"],[0.05862068539209002,0.8746114910718987]]],
			[["(FE,NI)",["NI","FE"],[0.0363031230207093,0.8804757072731338]],["(FE,NI)",["NI","FE"],[0.05688097775044058,0.8780361903961185]]],
			[["(FE,NI)",["NI","FE"],[0.035217231044625305,0.8836005254761204]],["(FE,NI)",["NI","FE"],[0.05513319813909877,0.88146080106718]]],
			[["(FE,NI)",["NI","FE"],[0.03411725300389841,0.8867279202018606]],["(FE,NI)",["NI","FE"],[0.05338519156752147,0.8848854079210221]]],
			[["(FE,NI)",["NI","FE"],[0.03301727496317152,0.8898553149276008]],["(FE,NI)",["NI","FE"],[0.05162280964201046,0.8883097729973568]]],
			[["(FE,NI)",["NI","FE"],[0.03190179918190793,0.8929854498268641]],["(FE,NI)",["NI","FE"],[0.04986042771649944,0.8917341380736916]]],
			[["(FE,NI)",["NI","FE"],[0.030783083443051827,0.8961161575867964]],["(FE,NI)",["NI","FE"],[0.04808970990511445,0.8951583143148502]]],
			[["(FE,NI)",["NI","FE"],[0.029656149299898786,0.8992482665223687]],["(FE,NI)",["NI","FE"],[0.04631283990908443,0.898582351188833]]],
			[["(FE,NI)",["NI","FE"],[0.028518233206099503,0.9023822477972867]],["(FE,NI)",["NI","FE"],[0.044534034371368714,0.9020063328502606]]],
			[["(FE,NI)",["NI","FE"],[0.027379782511654717,0.9055163167279286]],["(FE,NI)",["NI","FE"],[0.04274263448455315,0.9054299552498848]]],
			[["(FE,NI)",["NI","FE"],[0.026222163885927102,0.9086535285258788]],["(FE,NI)",["NI","FE"],[0.0409512345977376,0.908853577649509]]],
			[["(FE,NI)",["NI","FE"],[0.0250645452601995,0.9117907403238289]],["(FE,NI)",["NI","FE"],[0.03914993309735562,0.9122768592003472]]],
			[["(FE,NI)",["NI","FE"],[0.023894302413254048,0.9149299368263999]],["(FE,NI)",["NI","FE"],[0.037344181450429385,0.9156999875612999]]],
			[["(FE,NI)",["NI","FE"],[0.022716463613735177,0.9180703275192431]],["(FE,NI)",["NI","FE"],[0.03553489020944657,0.9191229731261068]]],
			[["(FE,NI)",["NI","FE"],[0.02153407385369856,0.9212114019309848]],["(FE,NI)",["NI","FE"],[0.03371476987060679,0.9225455218178112]]],
			[["(FE,NI)",["NI","FE"],[0.020335524517073614,0.9243549040956951]],["(FE,NI)",["NI","FE"],[0.03189464953176701,0.9259680705095157]]],
			[["(FE,NI)",["NI","FE"],[0.01913697518044866,0.9274984062604053]],["(FE,NI)",["NI","FE"],[0.030062988658693324,0.9293900846493459]]],
			[["(FE,NI)",["NI","FE"],[0.017921169820095832,0.9306443765016986]],["(FE,NI)",["NI","FE"],[0.028228502097612754,0.9328119679046962]]],
			[["(FE,NI)",["NI","FE"],[0.016701402542960632,0.9337909134038976]],["(FE,NI)",["NI","FE"],[0.0263888501781707,0.9362335808297919]]],
			[["(FE,NI)",["NI","FE"],[0.015472859351691681,0.9369386402048342]],["(FE,NI)",["NI","FE"],[0.024540078378275012,0.9396547164637817]]],
			[["(FE,NI)",["NI","FE"],[0.014231423908607255,0.9400881150258542]],["(FE,NI)",["NI","FE"],[0.02269130657837933,0.9430758520977714]]],
			[["(FE,NI)",["NI","FE"],[0.012989988465522826,0.9432375898468743]],["(FE,NI)",["NI","FE"],[0.020829273876730458,0.9464962131402871]]],
			[["(FE,NI)",["NI","FE"],[0.01172647584231213,0.946389888482191]],["(FE,NI)",["NI","FE"],[0.01896612049896651,0.9499165087222344]]],
			[["(FE,NI)",["NI","FE"],[0.01046285002303408,0.9495422015960177]],["(FE,NI)",["NI","FE"],[0.017096025776997564,0.9533363562468257]]],
			[["(FE,NI)",["NI","FE"],[0.009186049470028008,0.9526960954891721]],["(FE,NI)",["NI","FE"],[0.015218576887317651,0.9567557290666847]]],
			[["(FE,NI)",["NI","FE"],[0.007899823707400427,0.9558511202724709]],["(FE,NI)",["NI","FE"],[0.013340366784236012,0.9601750480298361]]],
			[["(FE,NI)",["NI","FE"],[0.006609687096494284,0.9590065823530994]],["(FE,NI)",["NI","FE"],[0.011448516509885475,0.9635934019354666]]],
			[["(FE,NI)",["NI","FE"],[0.005300337957902305,0.9621641927111484]],["(FE,NI)",["NI","FE"],[0.00955666623553494,0.9670117558410972]]],
			[["(FE,NI)",["NI","FE"],[0.003990988819310318,0.9653218030691975]],["(FE,NI)",["NI","FE"],[0.007655797689817159,0.9704294149333312]]],
			[["(FE,NI)",["NI","FE"],[0.002663907769327978,0.9684812467276784]],["(FE,NI)",["NI","FE"],[0.005749514772688648,0.9738466568749122]]],
			[["(FE,NI)",["NI","FE"],[0.0013310211447264114,0.9716412906239017]],["(FE,NI)",["NI","FE"],[0.0038403093677364126,0.9772636550424829]]]],
	"reference": "C-A58757"
}