{
    "components": [
        "FE",
        "MO",
        "NI"
    ],
    "phases": [
        "MO0.53FE0.11NI0.36",
        "(FE,NI)",
        "MO0.53FE0.11NI0.36"
    ],
    "conditions": {
        "P": [
            101325
        ],
        "T": [
            1373,
            1373,
            1373,
            1373,
            1373,
            1373,
            1373,
            1373,
            1373,
            1373,
            1373,
            1373,
            1373,
            1373,
            1373,
            1373,
            1373,
            1373,
            1373,
            1373,
            1373,
            1373,
            1373,
            1373,
            1373,
            1373,
            1373,
            1373,
            1373,
            1373,
            1373,
            1373,
            1373,
            1373,
            1373,
            1373,
            1373,
            1373,
            1373,
            1373,
            1373,
            1373
        ]
    },
    "broadcast_conditions": false,
    "output": "ZPF",
    "values":
			[[["(FE,NI)",["NI","FE"],[0.6133234451683496,0.2160314451683495]],["MO0.53FE0.11NI0.36",["NI","FE"],[0.3646423436666185,0.16679634366661844]],["MO0.53FE0.11NI0.36",["NI","FE"],[0.35388752787268274,0.19301952787268273]]],
			[["MO0.53FE0.11NI0.36",["NI","FE"],[0.36225028700099327,0.16830135484143716]],["MO0.53FE0.11NI0.36",["NI","FE"],[0.35191079513452,0.1944559170857394]]],
			[["MO0.53FE0.11NI0.36",["NI","FE"],[0.3606156513020448,0.16903606646512936]],["MO0.53FE0.11NI0.36",["NI","FE"],[0.35032609651480073,0.1960083404172397]]],
			[["MO0.53FE0.11NI0.36",["NI","FE"],[0.3589794899797867,0.16979731137074716]],["MO0.53FE0.11NI0.36",["NI","FE"],[0.35032609651480073,0.1960083404172397]]],
			[["MO0.53FE0.11NI0.36",["NI","FE"],[0.35734332865752866,0.17055855627636496]],["MO0.53FE0.11NI0.36",["NI","FE"],[0.3487413978950814,0.19756076374874]]],
			[["MO0.53FE0.11NI0.36",["NI","FE"],[0.3557062262161169,0.17134813287240558]],["MO0.53FE0.11NI0.36",["NI","FE"],[0.3471566992753621,0.19911318708024006]]],
			[["MO0.53FE0.11NI0.36",["NI","FE"],[0.3540690264101203,0.17214064055668632]],["MO0.53FE0.11NI0.36",["NI","FE"],[0.34557200065564286,0.20066561041174036]]],
			[["MO0.53FE0.11NI0.36",["NI","FE"],[0.3524316626175537,0.17295187798471656]],["MO0.53FE0.11NI0.36",["NI","FE"],[0.34398730203592354,0.20221803374324054]]],
			[["MO0.53FE0.11NI0.36",["NI","FE"],[0.3507941938359428,0.17377510674776064]],["MO0.53FE0.11NI0.36",["NI","FE"],[0.3424026034162042,0.20377045707474073]]],
			[["MO0.53FE0.11NI0.36",["NI","FE"],[0.3491568645878742,0.17460704790143966]],["MO0.53FE0.11NI0.36",["NI","FE"],[0.34081790479648494,0.20532288040624103]]],
			[["MO0.53FE0.11NI0.36",["NI","FE"],[0.34751987293919256,0.17546006855821084]],["MO0.53FE0.11NI0.36",["NI","FE"],[0.33923320617676567,0.2068753037377411]]],
			[["MO0.53FE0.11NI0.36",["NI","FE"],[0.34588288129051087,0.1763130892149818]],["MO0.53FE0.11NI0.36",["NI","FE"],[0.33764850755704634,0.2084277270692414]]],
			[["MO0.53FE0.11NI0.36",["NI","FE"],[0.34424699786369883,0.17719327834375176]],["MO0.53FE0.11NI0.36",["NI","FE"],[0.336063808937327,0.20998015040074158]]],
			[["MO0.53FE0.11NI0.36",["NI","FE"],[0.34261116848549966,0.17807479249440572]],["MO0.53FE0.11NI0.36",["NI","FE"],[0.33447911031760774,0.21153257373224177]]],
			[["MO0.53FE0.11NI0.36",["NI","FE"],[0.34097644999180754,0.17897314655206586]],["MO0.53FE0.11NI0.36",["NI","FE"],[0.3328944116978884,0.21308499706374207]]],
			[["MO0.53FE0.11NI0.36",["NI","FE"],[0.33934249874584044,0.1798831313240421]],["MO0.53FE0.11NI0.36",["NI","FE"],[0.33130971307816914,0.21463742039524214]]],
			[["MO0.53FE0.11NI0.36",["NI","FE"],[0.33770905464027745,0.18079865986460697]],["MO0.53FE0.11NI0.36",["NI","FE"],[0.3297250144584498,0.21618984372674244]]],
			[["MO0.53FE0.11NI0.36",["NI","FE"],[0.3360775722237612,0.18173563246687308]],["MO0.53FE0.11NI0.36",["NI","FE"],[0.3281403158387305,0.21774226705824273]]],
			[["MO0.53FE0.11NI0.36",["NI","FE"],[0.3344460898072449,0.18267260506913918]],["MO0.53FE0.11NI0.36",["NI","FE"],[0.3265556172190112,0.2192946903897428]]],
			[["MO0.53FE0.11NI0.36",["NI","FE"],[0.33281709750442895,0.18363081760362654]],["MO0.53FE0.11NI0.36",["NI","FE"],[0.32497091859929195,0.2208471137212431]]],
			[["MO0.53FE0.11NI0.36",["NI","FE"],[0.3311887487665809,0.1845945195566474]],["MO0.53FE0.11NI0.36",["NI","FE"],[0.3233862199795726,0.2223995370527433]]],
			[["MO0.53FE0.11NI0.36",["NI","FE"],[0.32956171258516265,0.18556737287402192]],["MO0.53FE0.11NI0.36",["NI","FE"],[0.3218015213598533,0.22395196038424348]]],
			[["MO0.53FE0.11NI0.36",["NI","FE"],[0.3279370386516597,0.1865566961814652]],["MO0.53FE0.11NI0.36",["NI","FE"],[0.320216822740134,0.22550438371574377]]],
			[["MO0.53FE0.11NI0.36",["NI","FE"],[0.3263123647181567,0.18754601948890848]],["MO0.53FE0.11NI0.36",["NI","FE"],[0.31863212412041475,0.22705680704724385]]],
			[["MO0.53FE0.11NI0.36",["NI","FE"],[0.3246913771573358,0.1885570865584878]],["MO0.53FE0.11NI0.36",["NI","FE"],[0.3170474255006954,0.22860923037874414]]],
			[["MO0.53FE0.11NI0.36",["NI","FE"],[0.32307083244617263,0.1895707657398773]],["MO0.53FE0.11NI0.36",["NI","FE"],[0.3154627268809761,0.23016165371024444]]],
			[["MO0.53FE0.11NI0.36",["NI","FE"],[0.3214521519167891,0.19059396475616286]],["MO0.53FE0.11NI0.36",["NI","FE"],[0.3138780282612568,0.23171407704174452]]],
			[["MO0.53FE0.11NI0.36",["NI","FE"],[0.319836265592675,0.19163143296718022]],["MO0.53FE0.11NI0.36",["NI","FE"],[0.31229332964153755,0.2332665003732448]]],
			[["MO0.53FE0.11NI0.36",["NI","FE"],[0.3182203792685609,0.19266890117819768]],["MO0.53FE0.11NI0.36",["NI","FE"],[0.3107086310218182,0.234818923704745]]],
			[["MO0.53FE0.11NI0.36",["NI","FE"],[0.3166090611243294,0.19372687909795072]],["MO0.53FE0.11NI0.36",["NI","FE"],[0.3091239324020989,0.23637134703624518]]],
			[["MO0.53FE0.11NI0.36",["NI","FE"],[0.31499837276035436,0.19478768453543638]],["MO0.53FE0.11NI0.36",["NI","FE"],[0.3075392337823796,0.23792377036774548]]],
			[["MO0.53FE0.11NI0.36",["NI","FE"],[0.3133894942494375,0.1958557320165808]],["MO0.53FE0.11NI0.36",["NI","FE"],[0.30595453516266036,0.23947619369924555]]],
			[["MO0.53FE0.11NI0.36",["NI","FE"],[0.31178433284065854,0.19693865331073512]],["MO0.53FE0.11NI0.36",["NI","FE"],[0.30436983654294103,0.24102861703074585]]],
			[["MO0.53FE0.11NI0.36",["NI","FE"],[0.31017917143187973,0.19802157460488923]],["MO0.53FE0.11NI0.36",["NI","FE"],[0.3027851379232217,0.24258104036224604]]],
			[["MO0.53FE0.11NI0.36",["NI","FE"],[0.3085784847573584,0.19912063040217975]],["MO0.53FE0.11NI0.36",["NI","FE"],[0.3012004393035024,0.24413346369374622]]],
			[["MO0.53FE0.11NI0.36",["NI","FE"],[0.3069793301104261,0.2002252102155384]],["MO0.53FE0.11NI0.36",["NI","FE"],[0.29961574068378316,0.24568588702524652]]],
			[["MO0.53FE0.11NI0.36",["NI","FE"],[0.30538099304458577,0.2013324696681862]],["MO0.53FE0.11NI0.36",["NI","FE"],[0.29803104206406383,0.2472383103567466]]],
			[["MO0.53FE0.11NI0.36",["NI","FE"],[0.3037881251741118,0.20245765452411124]],["MO0.53FE0.11NI0.36",["NI","FE"],[0.2964463434443445,0.2487907336882469]]],
			[["MO0.53FE0.11NI0.36",["NI","FE"],[0.3021952573036378,0.2035828393800363]],["MO0.53FE0.11NI0.36",["NI","FE"],[0.29486164482462524,0.2503431570197472]]],
			[["MO0.53FE0.11NI0.36",["NI","FE"],[0.30060552008747665,0.2047174332834234]],["MO0.53FE0.11NI0.36",["NI","FE"],[0.2932769462049059,0.25189558035124726]]],
			[["MO0.53FE0.11NI0.36",["NI","FE"],[0.29901912987995166,0.20586208647792503]],["MO0.53FE0.11NI0.36",["NI","FE"],[0.29169224758518664,0.25344800368274756]]],
			[["MO0.53FE0.11NI0.36",["NI","FE"],[0.2969913739389087,0.20687537393890865]],["MO0.53FE0.11NI0.36",["NI","FE"],[0.2878489148090768,0.2577129148090769]],["MO0.53FE0.11NI0.36",["NI","FE"],[0.011570748904280226,0.019868748904280253]]]],