{
    "components": [
        "FE",
        "MO",
        "NI"
    ],
    "phases": [
        "MO7NI7",
        "MO0.53FE0.11NI0.36",
        "MO0.53FE0.11NI0.36"
    ],
    "conditions": {
        "P": [
            101325
        ],
        "T": [
            1373,
            1373,
            1373,
            1373,
            1373,
            1373,
            1373,
            1373,
            1373,
            1373,
            1373,
            1373,
            1373,
            1373,
            1373,
            1373,
            1373,
            1373,
            1373,
            1373,
            1373,
            1373,
            1373,
            1373,
            1373,
            1373,
            1373,
            1373,
            1373,
            1373,
            1373,
            1373,
            1373,
            1373,
            1373,
            1373,
            1373,
            1373,
            1373,
            1373,
            1373
        ]
    },
    "broadcast_conditions": false,
    "output": "ZPF",
    "values":
			[[["MO0.53FE0.11NI0.36",["NI","FE"],[0.4133355839035123,0.08330158390351239]],["MO7NI7",["NI","FE"],[0.45230968493487866,0.05239768493487862]],["MO0.53FE0.11NI0.36",["NI","FE"],[0.014724034809308062,0.007300034809307965]]],
			[["MO7NI7",["NI","FE"],[0.45326919916311503,0.05059676013872472]],["MO0.53FE0.11NI0.36",["NI","FE"],[0.01524251375080976,0.0066561722873951235]]],
			[["MO7NI7",["NI","FE"],[0.4542656564751386,0.04933277842635819]],["MO0.53FE0.11NI0.36",["NI","FE"],[0.015248249534504876,0.006491566607675581]]],
			[["MO7NI7",["NI","FE"],[0.4552621137871622,0.048068796713991446]],["MO0.53FE0.11NI0.36",["NI","FE"],[0.015248249534504876,0.006491566607675581]]],
			[["MO7NI7",["NI","FE"],[0.4562585710991859,0.04680481500162481]],["MO0.53FE0.11NI0.36",["NI","FE"],[0.015253985318200047,0.006326960927956149]]],
			[["MO7NI7",["NI","FE"],[0.4572550284112094,0.045540833289258176]],["MO0.53FE0.11NI0.36",["NI","FE"],[0.015259721101895218,0.006162355248236606]]],
			[["MO7NI7",["NI","FE"],[0.45825148572323304,0.04427685157689165]],["MO0.53FE0.11NI0.36",["NI","FE"],[0.01526545688559039,0.005997749568517063]]],
			[["MO7NI7",["NI","FE"],[0.4592479430352566,0.043012869864524905]],["MO0.53FE0.11NI0.36",["NI","FE"],[0.01527119266928545,0.005833143888797743]]],
			[["MO7NI7",["NI","FE"],[0.4602444003472802,0.04174888815215838]],["MO0.53FE0.11NI0.36",["NI","FE"],[0.01527692845298062,0.0056685382090782]]],
			[["MO7NI7",["NI","FE"],[0.4612408576593039,0.040484906439791635]],["MO0.53FE0.11NI0.36",["NI","FE"],[0.015282664236675736,0.005503932529358657]]],
			[["MO7NI7",["NI","FE"],[0.4622373149713274,0.03922092472742511]],["MO0.53FE0.11NI0.36",["NI","FE"],[0.015288400020370962,0.0053393268496393365]]],
			[["MO7NI7",["NI","FE"],[0.46323377228335105,0.037956943015058364]],["MO0.53FE0.11NI0.36",["NI","FE"],[0.015294135804066133,0.005174721169919794]]],
			[["MO7NI7",["NI","FE"],[0.46423022959537474,0.03669296130269162]],["MO0.53FE0.11NI0.36",["NI","FE"],[0.015299871587761249,0.005010115490200251]]],
			[["MO7NI7",["NI","FE"],[0.4652266869073982,0.035428979590325094]],["MO0.53FE0.11NI0.36",["NI","FE"],[0.01530560737145642,0.004845509810480708]]],
			[["MO7NI7",["NI","FE"],[0.4662231442194219,0.03416499787795846]],["MO0.53FE0.11NI0.36",["NI","FE"],[0.015311343155151647,0.0046809041307613874]]],
			[["MO7NI7",["NI","FE"],[0.46721960153144554,0.03290101616559182]],["MO0.53FE0.11NI0.36",["NI","FE"],[0.015317078938846762,0.004516298451041845]]],
			[["MO7NI7",["NI","FE"],[0.46821605884346906,0.03163703445322519]],["MO0.53FE0.11NI0.36",["NI","FE"],[0.015322814722541933,0.004351692771322302]]],
			[["MO7NI7",["NI","FE"],[0.4692125161554927,0.030373052740858553]],["MO0.53FE0.11NI0.36",["NI","FE"],[0.015328550506236993,0.004187087091602981]]],
			[["MO7NI7",["NI","FE"],[0.4702089734675162,0.029109071028491917]],["MO0.53FE0.11NI0.36",["NI","FE"],[0.015334286289932164,0.0040224814118834384]]],
			[["MO7NI7",["NI","FE"],[0.4712054307795399,0.027845089316125282]],["MO0.53FE0.11NI0.36",["NI","FE"],[0.015340022073627335,0.0038578757321638957]]],
			[["MO7NI7",["NI","FE"],[0.47220188809156355,0.026581107603758536]],["MO0.53FE0.11NI0.36",["NI","FE"],[0.015345757857322506,0.003693270052444464]]],
			[["MO7NI7",["NI","FE"],[0.4731983454035871,0.02531712589139201]],["MO0.53FE0.11NI0.36",["NI","FE"],[0.015351493641017622,0.003528664372724921]]],
			[["MO7NI7",["NI","FE"],[0.4741948027156107,0.024053144179025265]],["MO0.53FE0.11NI0.36",["NI","FE"],[0.015357229424712848,0.0033640586930054894]]],
			[["MO7NI7",["NI","FE"],[0.4751912600276344,0.02278916246665874]],["MO0.53FE0.11NI0.36",["NI","FE"],[0.015362965208407964,0.0031994530132859467]]],
			[["MO7NI7",["NI","FE"],[0.47618771733965787,0.021525180754291995]],["MO0.53FE0.11NI0.36",["NI","FE"],[0.015368700992103135,0.003034847333566404]]],
			[["MO7NI7",["NI","FE"],[0.4771841746516815,0.02026119904192536]],["MO0.53FE0.11NI0.36",["NI","FE"],[0.015374436775798306,0.002870241653846972]]],
			[["MO7NI7",["NI","FE"],[0.4781806319637051,0.018997217329558835]],["MO0.53FE0.11NI0.36",["NI","FE"],[0.015380172559493477,0.0027056359741275404]]],
			[["MO7NI7",["NI","FE"],[0.4791770892757287,0.0177332356171922]],["MO0.53FE0.11NI0.36",["NI","FE"],[0.015385908343188537,0.0025410302944081087]]],
			[["MO7NI7",["NI","FE"],[0.48017354658775235,0.016469253904825454]],["MO0.53FE0.11NI0.36",["NI","FE"],[0.015391644126883708,0.002376424614688677]]],
			[["MO7NI7",["NI","FE"],[0.4811700038997759,0.01520527219245893]],["MO0.53FE0.11NI0.36",["NI","FE"],[0.015397379910578823,0.002211818934969134]]],
			[["MO7NI7",["NI","FE"],[0.4821664612117995,0.013941290480092183]],["MO0.53FE0.11NI0.36",["NI","FE"],[0.01540311569427405,0.0020472132552495914]]],
			[["MO7NI7",["NI","FE"],[0.4831629185238232,0.012677308767725548]],["MO0.53FE0.11NI0.36",["NI","FE"],[0.015408851477969221,0.0018826075755301597]]],
			[["MO7NI7",["NI","FE"],[0.48415937583584673,0.011413327055358913]],["MO0.53FE0.11NI0.36",["NI","FE"],[0.015414587261664336,0.001718001895810617]]],
			[["MO7NI7",["NI","FE"],[0.48515583314787036,0.010149345342992278]],["MO0.53FE0.11NI0.36",["NI","FE"],[0.015420323045359507,0.0015533962160911852]]],
			[["MO7NI7",["NI","FE"],[0.486152290459894,0.008885363630625642]],["MO0.53FE0.11NI0.36",["NI","FE"],[0.015426058829054734,0.0013887905363716424]]],
			[["MO7NI7",["NI","FE"],[0.4871487477719176,0.007621381918259118]],["MO0.53FE0.11NI0.36",["NI","FE"],[0.01543179461274985,0.0012241848566520996]]],
			[["MO7NI7",["NI","FE"],[0.4881452050839412,0.006357400205892372]],["MO0.53FE0.11NI0.36",["NI","FE"],[0.01543753039644502,0.001059579176932668]]],
			[["MO7NI7",["NI","FE"],[0.48914166239596474,0.0050934184935258475]],["MO0.53FE0.11NI0.36",["NI","FE"],[0.01544326618014008,0.0008949734972132362]]],
			[["MO7NI7",["NI","FE"],[0.4901381197079884,0.0038294367811591012]],["MO0.53FE0.11NI0.36",["NI","FE"],[0.015449001963835252,0.0007303678174938044]]],
			[["MO7NI7",["NI","FE"],[0.491134577020012,0.002565455068792355]],["MO0.53FE0.11NI0.36",["NI","FE"],[0.015454737747530423,0.0005657621377743727]]],
			[["MO7NI7",["NI","FE"],[0.49213103433203553,0.0013014733564258307]],["MO0.53FE0.11NI0.36",["NI","FE"],[0.015460473531225594,0.0004011564580548299]]]],
	"reference": "C-A58757"
}