{
    "components": [
        "CR",
        "FE",
        "NI"
    ],
    "phases": [
        "CR",
        "FE",
        "CR"
    ],
    "conditions": {
        "P": [
            101325
        ],
        "T": [
            873,
            873,
            873,
            873,
            873,
            873,
            873,
            873,
            873,
            873,
            873,
            873,
            873,
            873,
            873,
            873,
            873,
            873,
            873,
            873,
            873,
            873,
            873,
            873,
            873,
            873,
            873,
            873,
            873,
            873,
            873,
            873,
            873,
            873,
            873,
            873,
            873,
            873,
            873,
            873,
            873
        ]
    },
    "broadcast_conditions": false,
    "output": "ZPF",
    "values":
			[[["CR",["NI","CR"],[0.003683619689121856,0.8525700196891219]],["CR",["NI","CR"],[0.08124930651892023,0.5248373065189202]],["FE",["NI","CR"],[0.3256118556988581,0.1991018556988582]]],
			[["CR",["NI","CR"],[0.004139888365584557,0.855977998609487]],["FE",["NI","CR"],[0.33558258726053314,0.20090340000077167]]],
			[["CR",["NI","CR"],[0.0040927596564449414,0.8595221801442499]],["FE",["NI","CR"],[0.345392629604503,0.2021462550849802]]],
			[["CR",["NI","CR"],[0.004045630947305312,0.8630663616790126]],["FE",["NI","CR"],[0.345392629604503,0.2021462550849802]]],
			[["CR",["NI","CR"],[0.0039985022381656965,0.8666105432137754]],["FE",["NI","CR"],[0.35517235298641125,0.20344023865406524]]],
			[["CR",["NI","CR"],[0.003951373529026109,0.8701547247485383]],["FE",["NI","CR"],[0.3649230861486423,0.20478310997878402]]],
			[["CR",["NI","CR"],[0.0039042448198864793,0.8736989062833012]],["FE",["NI","CR"],[0.3746738193108734,0.20612598130350257]]],
			[["CR",["NI","CR"],[0.0038571161107468707,0.8772430878180639]],["FE",["NI","CR"],[0.38435129120439193,0.20759072393823463]]],
			[["CR",["NI","CR"],[0.0038099874016072482,0.8807872693528268]],["FE",["NI","CR"],[0.39402784410518765,0.2090569953322825]]],
			[["CR",["NI","CR"],[0.0037628586924676327,0.8843314508875896]],["FE",["NI","CR"],[0.40366133438621443,0.2105937400829906]]],
			[["CR",["NI","CR"],[0.003715729983328024,0.8878756324223525]],["FE",["NI","CR"],[0.4132476743556981,0.2122076478288868]]],
			[["CR",["NI","CR"],[0.0036686012741884086,0.8914198139571152]],["FE",["NI","CR"],[0.42283401432518175,0.213821555574783]]],
			[["CR",["NI","CR"],[0.003621472565048793,0.894963995491878]],["FE",["NI","CR"],[0.43231604548547775,0.2156029620630351]]],
			[["CR",["NI","CR"],[0.0035743438559091845,0.8985081770266409]],["FE",["NI","CR"],[0.44179610986411477,0.21738752680279982]]],
			[["CR",["NI","CR"],[0.003527215146769569,0.9020523585614038]],["FE",["NI","CR"],[0.4512134716760261,0.2192706309325232]]],
			[["CR",["NI","CR"],[0.0034800864376299534,0.9055965400961665]],["FE",["NI","CR"],[0.46056846678656016,0.2212517466274564]]],
			[["CR",["NI","CR"],[0.003432957728490338,0.9091407216309294]],["FE",["NI","CR"],[0.4699179830933605,0.22324126703381275]]],
			[["CR",["NI","CR"],[0.0033858290193507223,0.9126849031656922]],["FE",["NI","CR"],[0.47912900065825675,0.22544325023584078]]],
			[["CR",["NI","CR"],[0.0033387003102111137,0.916229084700455]],["FE",["NI","CR"],[0.4883400182231531,0.2276452334378688]]],
			[["CR",["NI","CR"],[0.003291571601071498,0.9197732662352178]],["FE",["NI","CR"],[0.49745317905084535,0.22999338632281385]]],
			[["CR",["NI","CR"],[0.0032444428919318827,0.9233174477699807]],["FE",["NI","CR"],[0.5064989168266197,0.23244224976077454]]],
			[["CR",["NI","CR"],[0.003197314182792274,0.9268616293047435]],["FE",["NI","CR"],[0.5155137723246427,0.23493591633897726]]],
			[["CR",["NI","CR"],[0.0031501854736526516,0.9304058108395064]],["FE",["NI","CR"],[0.5243711432890289,0.23765805705057208]]],
			[["CR",["NI","CR"],[0.00310305676451305,0.9339499923742691]],["FE",["NI","CR"],[0.533228514253415,0.240380197762167]]],
			[["CR",["NI","CR"],[0.0030559280553734344,0.937494173909032]],["FE",["NI","CR"],[0.5419256942977225,0.24332751234534766]]],
			[["CR",["NI","CR"],[0.003008799346233819,0.9410383554437948]],["FE",["NI","CR"],[0.550570591313952,0.24634831905807453]]],
			[["CR",["NI","CR"],[0.002961670637094207,0.9445825369785577]],["FE",["NI","CR"],[0.5591289696771076,0.24948668029030452]]],
			[["CR",["NI","CR"],[0.0029145419279545948,0.9481267185133204]],["FE",["NI","CR"],[0.5675346818363496,0.25283247196218883]]],
			[["CR",["NI","CR"],[0.0028674132188149758,0.9516709000480833]],["FE",["NI","CR"],[0.5759403939955916,0.25617826363407303]]],
			[["CR",["NI","CR"],[0.0028202845096753637,0.9552150815828461]],["FE",["NI","CR"],[0.5840817780860429,0.25987037671341784]]],
			[["CR",["NI","CR"],[0.0027731558005357516,0.958759263117609]],["FE",["NI","CR"],[0.5922195684930538,0.2635671982201072]]],
			[["CR",["NI","CR"],[0.0027260270913961396,0.9623034446523717]],["FE",["NI","CR"],[0.6001700219303638,0.2675001409258715]]],
			[["CR",["NI","CR"],[0.002678898382256524,0.9658476261871346]],["FE",["NI","CR"],[0.608009334970752,0.2715731659860625]]],
			[["CR",["NI","CR"],[0.0026317696731169085,0.9693918077218974]],["FE",["NI","CR"],[0.6157552825989383,0.27575913964281973]]],
			[["CR",["NI","CR"],[0.0025846409639772965,0.9729359892566602]],["FE",["NI","CR"],[0.623264867350872,0.2802310527553501]]],
			[["CR",["NI","CR"],[0.002537512254837681,0.976480170791423]],["FE",["NI","CR"],[0.630774452102806,0.28470296586788024]]],
			[["CR",["NI","CR"],[0.002490383545698067,0.9800243523261859]],["FE",["NI","CR"],[0.6379382603358138,0.28957545085139325]]],
			[["CR",["NI","CR"],[0.0024432548365584533,0.9835685338609487]],["FE",["NI","CR"],[0.6450842943332367,0.29446852676116597]]],
			[["CR",["NI","CR"],[0.0023961261274188404,0.9871127153957115]],["FE",["NI","CR"],[0.6519801095251843,0.29963853985474065]]],
			[["CR",["NI","CR"],[0.0023489974182792275,0.9906568969304743]],["FE",["NI","CR"],[0.6587282312820757,0.30497201709679456]]],
			[["CR",["NI","CR"],[0.0023018687091396137,0.9942010784652372]],["FE",["NI","CR"],[0.6653410657394472,0.3104482193017901]]]],
	"reference": "C-A58757"
}