{
    "components": [
        "CR",
        "FE",
        "NI"
    ],
    "phases": [
        "CR",
        "FE",
        "CR0.48FE0.52HT",
        "CR"
    ],
    "conditions": {
        "P": [
            101325
        ],
        "T": [
            873,
            873,
            873,
            873,
            873,
            873,
            873,
            873,
            873,
            873,
            873,
            873,
            873,
            873,
            873,
            873,
            873,
            873,
            873,
            873,
            873,
            873,
            873,
            873,
            873,
            873,
            873,
            873,
            873,
            873,
            873,
            873,
            873,
            873,
            873,
            873,
            873,
            873,
            873,
            873,
            873,
            873
        ]
    },
    "broadcast_conditions": false,
    "output": "ZPF",
    "values":
			[[["CR",["NI","CR"],[0.04125344095099845,0.4600914409509985]],["CR0.48FE0.52HT",["NI","CR"],[0.04688878031453236,0.21387078031453233]],["FE",["NI","CR"],[0.14094258302524915,0.16554658302524916]]],
			[["CR",["NI","CR"],[0.04298235748493259,0.46115807354136806]],["FE",["NI","CR"],[0.1459070433314994,0.16654174041511227]]],
			[["CR",["NI","CR"],[0.04416376251314441,0.4625331946260154]],["FE",["NI","CR"],[0.15061420374877849,0.16698359791600437]]],
			[["CR",["NI","CR"],[0.04532725370085744,0.4639252169291713]],["FE",["NI","CR"],[0.15061420374877849,0.16698359791600437]]],
			[["CR",["NI","CR"],[0.046478521918749544,0.46532877127001515]],["FE",["NI","CR"],[0.15530848855014473,0.16744807207388623]]],
			[["CR",["NI","CR"],[0.04762650587854719,0.46673537803657283]],["FE",["NI","CR"],[0.16000039346904044,0.16791672661318668]]],
			[["CR",["NI","CR"],[0.04874873751077988,0.4681659193005384]],["FE",["NI","CR"],[0.1646824364496532,0.1684025714313938]]],
			[["CR",["NI","CR"],[0.04987096914301259,0.469596460564504]],["FE",["NI","CR"],[0.16935681890963628,0.16890176925206546]]],
			[["CR",["NI","CR"],[0.05097462603793246,0.47104401426823883]],["FE",["NI","CR"],[0.1740257031324588,0.16941046742843313]]],
			[["CR",["NI","CR"],[0.05206790549661963,0.47250107257523655]],["FE",["NI","CR"],[0.1786797024844155,0.16994488504242855]]],
			[["CR",["NI","CR"],[0.05315617809678691,0.4739626512683306]],["FE",["NI","CR"],[0.18333370183637232,0.17047930265642375]]],
			[["CR",["NI","CR"],[0.05422141285256224,0.47544502942101974]],["FE",["NI","CR"],[0.18796558662339619,0.1710515573579523]]],
			[["CR",["NI","CR"],[0.05528664760833757,0.4769274075737089]],["FE",["NI","CR"],[0.19259662650056592,0.17162525766459247]]],
			[["CR",["NI","CR"],[0.05633140408466958,0.47842801458217443]],["FE",["NI","CR"],[0.19721140013561478,0.17222649051393002]]],
			[["CR",["NI","CR"],[0.05736834376288996,0.479935579757502]],["FE",["NI","CR"],[0.20181708270896376,0.17284311106268557]]],
			[["CR",["NI","CR"],[0.058397852245358095,0.4814496689400841]],["FE",["NI","CR"],[0.20641436995622914,0.17347377767725058]]],
			[["CR",["NI","CR"],[0.059407860843789295,0.48298087749203344]],["FE",["NI","CR"],[0.21099230725844598,0.1741368183293287]]],
			[["CR",["NI","CR"],[0.06041786944222058,0.4845120860439829]],["FE",["NI","CR"],[0.2155702445606627,0.17479985898140682]]],
			[["CR",["NI","CR"],[0.0614055927995899,0.48606259865176504]],["FE",["NI","CR"],[0.22011952894632236,0.1755102462068664]]],
			[["CR",["NI","CR"],[0.062388925640141146,0.4876169144394884]],["FE",["NI","CR"],[0.2246671432831392,0.17622339304983037]]],
			[["CR",["NI","CR"],[0.06336183260126832,0.48918014327932635]],["FE",["NI","CR"],[0.22919634192513633,0.17696657274727023]]],
			[["CR",["NI","CR"],[0.06431916660374937,0.4907566853934068]],["FE",["NI","CR"],[0.23371144829450563,0.1777327345356493]]],
			[["CR",["NI","CR"],[0.06527650060623033,0.4923332275074873]],["FE",["NI","CR"],[0.23822082788385596,0.1785081085466036]]],
			[["CR",["NI","CR"],[0.06620918957000077,0.4939305700513128]],["FE",["NI","CR"],[0.2427013985934537,0.17932982514650542]]],
			[["CR",["NI","CR"],[0.06714117132090258,0.4955285094832894]],["FE",["NI","CR"],[0.24718196930305153,0.18015154174640724]]],
			[["CR",["NI","CR"],[0.06805969048673025,0.49713767061014125]],["FE",["NI","CR"],[0.25163487670558105,0.18101712391452385]]],
			[["CR",["NI","CR"],[0.06896712908419164,0.4987560679094345]],["FE",["NI","CR"],[0.2560780884332716,0.18189808046593403]]],
			[["CR",["NI","CR"],[0.06987148613946853,0.5003770029501589]],["FE",["NI","CR"],[0.2605099110712874,0.18279682837517375]]],
			[["CR",["NI","CR"],[0.07075508460432892,0.5020150333060844]],["FE",["NI","CR"],[0.2649136670974891,0.18373942027441748]]],
			[["CR",["NI","CR"],[0.07163868306918927,0.5036530636620101]],["FE",["NI","CR"],[0.2693174231236906,0.1846820121736612]]],
			[["CR",["NI","CR"],[0.07250588406555025,0.5053044406990197]],["FE",["NI","CR"],[0.2736881588024883,0.1856754053492672]]],
			[["CR",["NI","CR"],[0.0733665232012587,0.5069611587471402]],["FE",["NI","CR"],[0.278051076602539,0.186680826206288]]],
			[["CR",["NI","CR"],[0.07422044716035331,0.5086232811394107]],["FE",["NI","CR"],[0.28240101503443565,0.18770590560848444]]],
			[["CR",["NI","CR"],[0.07505887819716606,0.5102978721663446]],["FE",["NI","CR"],[0.2867203436323073,0.188777346651545]]],
			[["CR",["NI","CR"],[0.07589730923397878,0.5119724631932786]],["FE",["NI","CR"],[0.291039672230179,0.18984878769460523]]],
			[["CR",["NI","CR"],[0.07671625610767624,0.5136625629301761]],["FE",["NI","CR"],[0.29532522894807534,0.19097056931378387]]],
			[["CR",["NI","CR"],[0.07753288656435717,0.5153545064537145]],["FE",["NI","CR"],[0.2995998013366262,0.19210872424318148]]],
			[["CR",["NI","CR"],[0.07833974656907516,0.5170541456402331]],["FE",["NI","CR"],[0.3038660597143852,0.19325907303205692]]],
			[["CR",["NI","CR"],[0.07913634529911662,0.5187618670845588]],["FE",["NI","CR"],[0.30809352015128055,0.19446632536012065]]],
			[["CR",["NI","CR"],[0.0799312405707911,0.5204709167227395]],["FE",["NI","CR"],[0.31232098058817614,0.19567357768818416]]],
			[["CR",["NI","CR"],[0.08070758919004092,0.5221944272660152]],["FE",["NI","CR"],[0.3165213412664948,0.19691992970025352]]],
			[["CR",["NI","CR"],[0.003683619689121856,0.8525700196891219]],["CR",["NI","CR"],[0.08124930651892023,0.5248373065189202]],["FE",["NI","CR"],[0.3256118556988581,0.1991018556988582]]]],
	"reference": "C-A58757"
}