{
    "components": [
        "CR",
        "FE",
        "NI"
    ],
    "phases": [
        "FE",
        "CR0.48FE0.52HT",
        "CR"
    ],
    "conditions": {
        "P": [
            101325
        ],
        "T": [
            873,
            873,
            873,
            873,
            873,
            873,
            873,
            873,
            873,
            873,
            873,
            873,
            873,
            873,
            873,
            873,
            873,
            873,
            873,
            873,
            873,
            873,
            873,
            873,
            873,
            873,
            873,
            873,
            873,
            873,
            873,
            873,
            873,
            873,
            873,
            873,
            873,
            873,
            873,
            873,
            873
        ]
    },
    "broadcast_conditions": false,
    "output": "ZPF",
    "values":
			[[["CR",["NI","CR"],[0.04125344095099845,0.4600914409509985]],["CR0.48FE0.52HT",["NI","CR"],[0.04688878031453236,0.21387078031453233]],["FE",["NI","CR"],[0.14094258302524915,0.16554658302524916]]],
			[["FE",["NI","CR"],[0.13926500427568161,0.16229263292682528]],["CR0.48FE0.52HT",["NI","CR"],[0.04715654004225933,0.20803173818152765]]],
			[["FE",["NI","CR"],[0.13822754850054902,0.15914680580283624]],["CR0.48FE0.52HT",["NI","CR"],[0.046938181366556087,0.20287857764509254]]],
			[["FE",["NI","CR"],[0.13738301389342789,0.15586959722675986]],["CR0.48FE0.52HT",["NI","CR"],[0.046938181366556087,0.20287857764509254]]],
			[["FE",["NI","CR"],[0.13663879245200383,0.1525240742738394]],["CR0.48FE0.52HT",["NI","CR"],[0.04672662512356135,0.19772180941872453]]],
			[["FE",["NI","CR"],[0.13595945661947273,0.14913833480388494]],["CR0.48FE0.52HT",["NI","CR"],[0.04651903113407452,0.19256293979970707]]],
			[["FE",["NI","CR"],[0.13551030724556368,0.1456099242888076]],["CR0.48FE0.52HT",["NI","CR"],[0.04631352604093952,0.1874029656054329]]],
			[["FE",["NI","CR"],[0.1350611578716545,0.14208151377373024]],["CR0.48FE0.52HT",["NI","CR"],[0.046117157439387435,0.18223816017933414]]],
			[["FE",["NI","CR"],[0.13485126326785368,0.13841898823393328]],["CR0.48FE0.52HT",["NI","CR"],[0.04592078883783535,0.17707335475323516]]],
			[["FE",["NI","CR"],[0.13469297669649338,0.1347275336468977]],["CR0.48FE0.52HT",["NI","CR"],[0.045732152324536035,0.17190447264498454]]],
			[["FE",["NI","CR"],[0.13466243584389515,0.13097176681227884]],["CR0.48FE0.52HT",["NI","CR"],[0.045546178131487314,0.1667341868495159]]],
			[["FE",["NI","CR"],[0.13478613350809493,0.12713835020766884]],["CR0.48FE0.52HT",["NI","CR"],[0.045363520615830544,0.16156215739275104]]],
			[["FE",["NI","CR"],[0.13493706082116935,0.12329272249183187]],["CR0.48FE0.52HT",["NI","CR"],[0.045188420146548,0.1563861550053326]]],
			[["FE",["NI","CR"],[0.13533088004139476,0.1193381701215479]],["CR0.48FE0.52HT",["NI","CR"],[0.04501331967726546,0.15121015261791415]]],
			[["FE",["NI","CR"],[0.13572469926162,0.11538361775126382]],["CR0.48FE0.52HT",["NI","CR"],[0.04484807002174629,0.14602898700035527]]],
			[["FE",["NI","CR"],[0.13631017259968886,0.11135322496743938]],["CR0.48FE0.52HT",["NI","CR"],[0.04468429418977388,0.1408470488892397]]],
			[["FE",["NI","CR"],[0.1369576503856127,0.10729829609214159]],["CR0.48FE0.52HT",["NI","CR"],[0.04452511451236174,0.13566270888514742]]],
			[["FE",["NI","CR"],[0.1377019321167307,0.1032099372593549]],["CR0.48FE0.52HT",["NI","CR"],[0.04437182525398148,0.13047529062162844]]],
			[["FE",["NI","CR"],[0.13858578997651816,0.09907337766327795]],["CR0.48FE0.52HT",["NI","CR"],[0.044218646423516805,0.12528781481877804]]],
			[["FE",["NI","CR"],[0.13948170471050547,0.09493323309433999]],["CR0.48FE0.52HT",["NI","CR"],[0.04407632969691522,0.12009467923151484]]],
			[["FE",["NI","CR"],[0.1405826503722562,0.09073212493736915]],["CR0.48FE0.52HT",["NI","CR"],[0.04393401297031363,0.11490154364425154]]],
			[["FE",["NI","CR"],[0.14168359603400688,0.0865310167803981]],["CR0.48FE0.52HT",["NI","CR"],[0.04379762705279555,0.10970532668242672]]],
			[["FE",["NI","CR"],[0.14292057715397904,0.0822956488908857]],["CR0.48FE0.52HT",["NI","CR"],[0.043665439688125085,0.1045069283463983]]],
			[["FE",["NI","CR"],[0.14421920433273788,0.07804475580291492]],["CR0.48FE0.52HT",["NI","CR"],[0.04353506653042799,0.09930759016885915]]],
			[["FE",["NI","CR"],[0.14557190142453225,0.07378256764785718]],["CR0.48FE0.52HT",["NI","CR"],[0.0434139166450323,0.09410347391786877]]],
			[["FE",["NI","CR"],[0.14704892791654012,0.06949440739783119]],["CR0.48FE0.52HT",["NI","CR"],[0.04329276675963656,0.08889935766687829]]],
			[["FE",["NI","CR"],[0.14852595440854793,0.06520624714780521]],["CR0.48FE0.52HT",["NI","CR"],[0.04317940027442524,0.08369122116308014]]],
			[["FE",["NI","CR"],[0.15014595496189026,0.060893978245775804]],["CR0.48FE0.52HT",["NI","CR"],[0.04306867158202832,0.0784817221963846]]],
			[["FE",["NI","CR"],[0.15178232594508967,0.056578948919982164]],["CR0.48FE0.52HT",["NI","CR"],[0.04296150063777643,0.07327039094513976]]],
			[["FE",["NI","CR"],[0.15348521410064642,0.05225520272923556]],["CR0.48FE0.52HT",["NI","CR"],[0.04286145694886595,0.06805538906873876]]],
			[["FE",["NI","CR"],[0.1552635362949666,0.0479215711464096]],["CR0.48FE0.52HT",["NI","CR"],[0.04276141325995547,0.06284038719233753]]],
			[["FE",["NI","CR"],[0.15704393442431486,0.04358773967400542]],["CR0.48FE0.52HT",["NI","CR"],[0.042670828942725336,0.057620527731117255]]],
			[["FE",["NI","CR"],[0.15894674791256347,0.03924212095676616]],["CR0.48FE0.52HT",["NI","CR"],[0.04258103619704051,0.05240026178138457]]],
			[["FE",["NI","CR"],[0.1608495614008119,0.034896502239526894]],["CR0.48FE0.52HT",["NI","CR"],[0.0424967901026051,0.04717715580850235]]],
			[["FE",["NI","CR"],[0.16281145608527647,0.03054707672527246]],["CR0.48FE0.52HT",["NI","CR"],[0.0424177469918981,0.041951385778773886]]],
			[["FE",["NI","CR"],[0.16482344177275093,0.026194423681906276]],["CR0.48FE0.52HT",["NI","CR"],[0.04233989471055105,0.03672500782138988]]],
			[["FE",["NI","CR"],[0.1668395034729141,0.02184162623885444]],["CR0.48FE0.52HT",["NI","CR"],[0.04227139883559755,0.031493853345728295]]],
			[["FE",["NI","CR"],[0.1689462879966287,0.01748561478539934]],["CR0.48FE0.52HT",["NI","CR"],[0.042202902960644106,0.026262698870066492]]],
			[["FE",["NI","CR"],[0.17105307252034335,0.01312960333194435]],["CR0.48FE0.52HT",["NI","CR"],[0.042141654136153006,0.021027855407251606]]],
			[["FE",["NI","CR"],[0.17320221199974412,0.008773192603662938]],["CR0.48FE0.52HT",["NI","CR"],[0.04208331721919911,0.015791529687682382]]],
			[["FE",["NI","CR"],[0.17538992791819596,0.0044164182201554825]],["CR0.48FE0.52HT",["NI","CR"],[0.04202827377134338,0.01055353230067757]]]],
	"reference": "C-A58757"
}