{
    "components": [
        "CR",
        "FE",
        "NI"
    ],
    "phases": [
        "CR0.48FE0.52HT",
        "CR",
        "FE"
    ],
    "conditions": {
        "P": [
            101325
        ],
        "T": [
            873,
            873,
            873,
            873,
            873,
            873,
            873,
            873,
            873,
            873,
            873,
            873,
            873,
            873,
            873,
            873,
            873,
            873,
            873,
            873,
            873,
            873,
            873,
            873,
            873,
            873,
            873,
            873,
            873,
            873,
            873,
            873,
            873,
            873,
            873,
            873,
            873,
            873,
            873,
            873,
            873
        ]
    },
    "broadcast_conditions": false,
    "output": "ZPF",
    "values":
			[[["CR",["NI","CR"],[0.04125344095099845,0.4600914409509985]],["CR0.48FE0.52HT",["NI","CR"],[0.04688878031453236,0.21387078031453233]],["FE",["NI","CR"],[0.14094258302524915,0.16554658302524916]]],
			[["CR0.48FE0.52HT",["NI","CR"],[0.04528634168704693,0.21454180160390146]],["CR",["NI","CR"],[0.03982874300223532,0.45975086577945645]]],
			[["CR0.48FE0.52HT",["NI","CR"],[0.04419504665310081,0.21467396648680992]],["CR",["NI","CR"],[0.03888702858113546,0.45985361770756195]]],
			[["CR0.48FE0.52HT",["NI","CR"],[0.0430981483153513,0.21482024778907394]],["CR",["NI","CR"],[0.03888702858113546,0.45985361770756195]]],
			[["CR0.48FE0.52HT",["NI","CR"],[0.04200002775789019,0.2149696082329653]],["CR",["NI","CR"],[0.03793701650872017,0.45997665021634493]]],
			[["CR0.48FE0.52HT",["NI","CR"],[0.04089965683037,0.21512482294694335]],["CR",["NI","CR"],[0.036987004436304816,0.4600996827251278]]],
			[["CR0.48FE0.52HT",["NI","CR"],[0.039795200145657905,0.21529066663548213]],["CR",["NI","CR"],[0.03602713716610484,0.4602483854280285]]],
			[["CR0.48FE0.52HT",["NI","CR"],[0.03869074346094581,0.21545651032402102]],["CR",["NI","CR"],[0.03506619730960264,0.4603998819356996]]],
			[["CR0.48FE0.52HT",["NI","CR"],[0.03758100736808906,0.21563653730380494]],["CR",["NI","CR"],[0.0341008803277188,0.4605635346949555]]],
			[["CR0.48FE0.52HT",["NI","CR"],[0.03647058446185575,0.21581840942870434]],["CR",["NI","CR"],[0.033130357569627567,0.46074164505360704]]],
			[["CR0.48FE0.52HT",["NI","CR"],[0.03535773985985613,0.21600700822619234]],["CR",["NI","CR"],[0.03215983481153628,0.4609197554122585]]],
			[["CR0.48FE0.52HT",["NI","CR"],[0.03424141348758175,0.2162052782338264]],["CR",["NI","CR"],[0.031181151910172233,0.4611220213155165]]],
			[["CR0.48FE0.52HT",["NI","CR"],[0.03312508711530743,0.21640354824146057]],["CR",["NI","CR"],[0.03020246844469926,0.4613242888886422]]],
			[["CR0.48FE0.52HT",["NI","CR"],[0.03200410258678943,0.21661518928543044]],["CR",["NI","CR"],[0.029219916895244058,0.4615387612890982]]],
			[["CR0.48FE0.52HT",["NI","CR"],[0.03088279386397036,0.21682776091514144]],["CR",["NI","CR"],[0.028233991476190934,0.4617638791398768]]],
			[["CR0.48FE0.52HT",["NI","CR"],[0.029759072589758073,0.21704749167298942]],["CR",["NI","CR"],[0.02724769094135554,0.4619902592081597]]],
			[["CR0.48FE0.52HT",["NI","CR"],[0.028632529958682484,0.21727559466919155]],["CR",["NI","CR"],[0.02625553659553992,0.46223633661533114]]],
			[["CR0.48FE0.52HT",["NI","CR"],[0.02750598732760684,0.21750369766539368]],["CR",["NI","CR"],[0.025263382249724242,0.46248241402250245]]],
			[["CR0.48FE0.52HT",["NI","CR"],[0.026374897002941655,0.21774576808074264]],["CR",["NI","CR"],[0.024268087096244118,0.4627397606671928]]],
			[["CR0.48FE0.52HT",["NI","CR"],[0.02524375819488328,0.21798798740407355]],["CR",["NI","CR"],[0.023270510687768697,0.4630052924690553]]],
			[["CR0.48FE0.52HT",["NI","CR"],[0.02411029170281992,0.21823760424546346]],["CR",["NI","CR"],[0.022272478835119514,0.46327256829120034]]],
			[["CR0.48FE0.52HT",["NI","CR"],[0.022974710426731215,0.21849394199612826]],["CR",["NI","CR"],[0.021270104067185713,0.4635564743235372]]],
			[["CR0.48FE0.52HT",["NI","CR"],[0.02183884845815587,0.21875120418328642]],["CR",["NI","CR"],[0.020267729299251913,0.46384038035587405]]],
			[["CR0.48FE0.52HT",["NI","CR"],[0.020698980855599014,0.21902165858044764]],["CR",["NI","CR"],[0.019262951520195304,0.46413409806659867]]],
			[["CR0.48FE0.52HT",["NI","CR"],[0.01955911325304216,0.21929211297760876]],["CR",["NI","CR"],[0.01825663889823892,0.4644340826583898]]],
			[["CR0.48FE0.52HT",["NI","CR"],[0.018416752012843485,0.21957108854762786]],["CR",["NI","CR"],[0.017249871778759363,0.4647360461293073]]],
			[["CR0.48FE0.52HT",["NI","CR"],[0.017272838920651068,0.21985536705295194]],["CR",["NI","CR"],[0.016239933254049543,0.4650518178770404]]],
			[["CR0.48FE0.52HT",["NI","CR"],[0.016128253709644824,0.22014202990319864]],["CR",["NI","CR"],[0.015229994729339669,0.46536758962477354]]],
			[["CR0.48FE0.52HT",["NI","CR"],[0.014980601464084198,0.22043957307418094]],["CR",["NI","CR"],[0.014218200445072215,0.4656919711024834]]],
			[["CR0.48FE0.52HT",["NI","CR"],[0.013832949218523627,0.22073711624516335]],["CR",["NI","CR"],[0.013205385520685398,0.4660210878034584]]],
			[["CR0.48FE0.52HT",["NI","CR"],[0.012682618483198294,0.22104453028711524]],["CR",["NI","CR"],[0.012192132989972126,0.46635236200987995]]],
			[["CR0.48FE0.52HT",["NI","CR"],[0.011531425836963094,0.2213551206754878]],["CR",["NI","CR"],[0.011176782867808599,0.4666939778514769]]],
			[["CR0.48FE0.52HT",["NI","CR"],[0.010379028589423633,0.22167033088070942]],["CR",["NI","CR"],[0.010161432745645127,0.4670355936930739]]],
			[["CR0.48FE0.52HT",["NI","CR"],[0.00922439324147506,0.22199412451842615]],["CR",["NI","CR"],[0.009144411300327893,0.4673859859120677]]],
			[["CR0.48FE0.52HT",["NI","CR"],[0.008069757893526597,0.22231791815614288]],["CR",["NI","CR"],[0.008126706422412366,0.4677399669417559]]],
			[["CR0.48FE0.52HT",["NI","CR"],[0.006911983509612585,0.22265426595411975]],["CR",["NI","CR"],[0.007108560678064257,0.46809640507502226]]],
			[["CR0.48FE0.52HT",["NI","CR"],[0.00575408591167581,0.22299110653032694]],["CR",["NI","CR"],[0.0060891616235800305,0.4684598283461716]]],
			[["CR0.48FE0.52HT",["NI","CR"],[0.004594389681221778,0.2233354584321665]],["CR",["NI","CR"],[0.005069762569095859,0.46882325161732086]]],
			[["CR0.48FE0.52HT",["NI","CR"],[0.0034334636878394775,0.22368494598551691]],["CR",["NI","CR"],[0.004048958122910673,0.4691949672723563]]],
			[["CR0.48FE0.52HT",["NI","CR"],[0.0022717665531065134,0.22403780714456611]],["CR",["NI","CR"],[0.0030278607483147923,0.46956841132441585]]],
			[["CR0.48FE0.52HT",["NI","CR"],[0.001107758381500179,0.22440077867722996]],["CR",["NI","CR"],[0.002006245016173025,0.4699450894269399]]]],
	"reference": "C-A58757"
}