{
    "components": [
        "CR",
        "FE",
        "NI"
    ],
    "phases": [
        "CR",
        "CR",
        "FE"
    ],
    "conditions": {
        "P": [
            101325
        ],
        "T": [
            873,
            873,
            873,
            873,
            873,
            873,
            873,
            873,
            873,
            873,
            873,
            873,
            873,
            873,
            873,
            873,
            873,
            873,
            873,
            873,
            873,
            873,
            873,
            873,
            873,
            873,
            873,
            873,
            873,
            873,
            873,
            873,
            873,
            873,
            873,
            873,
            873,
            873,
            873,
            873,
            873
        ]
    },
    "broadcast_conditions": false,
    "output": "ZPF",
    "values":
			[[["CR",["NI","CR"],[0.003683619689121856,0.8525700196891219]],["CR",["NI","CR"],[0.08124930651892023,0.5248373065189202]],["FE",["NI","CR"],[0.3256118556988581,0.1991018556988582]]],
			[["CR",["NI","CR"],[0.07871706314878488,0.5249291607097605]],["CR",["NI","CR"],[0.0033787184169922907,0.8515088257340655]]],
			[["CR",["NI","CR"],[0.07674824540449168,0.5245684405264429]],["CR",["NI","CR"],[0.0032939802269734697,0.8514375948611198]]],
			[["CR",["NI","CR"],[0.07477942766019854,0.5242077203431253]],["CR",["NI","CR"],[0.0032939802269734697,0.8514375948611198]]],
			[["CR",["NI","CR"],[0.0728106099159054,0.5238470001598078]],["CR",["NI","CR"],[0.003209242036954635,0.8513663639881741]]],
			[["CR",["NI","CR"],[0.07084179217161218,0.5234862799764903]],["CR",["NI","CR"],[0.0031245038469358,0.8512951331152285]]],
			[["CR",["NI","CR"],[0.06887297442731904,0.5231255597931728]],["CR",["NI","CR"],[0.003039765656916965,0.8512239022422828]]],
			[["CR",["NI","CR"],[0.06690415668302585,0.5227648396098551]],["CR",["NI","CR"],[0.002955027466898144,0.8511526713693371]]],
			[["CR",["NI","CR"],[0.06493533893873268,0.5224041194265376]],["CR",["NI","CR"],[0.0028702892768793092,0.8510814404963916]]],
			[["CR",["NI","CR"],[0.06296652119443955,0.5220433992432201]],["CR",["NI","CR"],[0.0027855510868604744,0.8510102096234458]]],
			[["CR",["NI","CR"],[0.06099770345014635,0.5216826790599024]],["CR",["NI","CR"],[0.0027008128968416395,0.8509389787505002]]],
			[["CR",["NI","CR"],[0.05902888570585321,0.5213219588765848]],["CR",["NI","CR"],[0.0026160747068228185,0.8508677478775545]]],
			[["CR",["NI","CR"],[0.05706006796155999,0.5209612386932674]],["CR",["NI","CR"],[0.0025313365168039698,0.8507965170046088]]],
			[["CR",["NI","CR"],[0.05509125021726685,0.5206005185099498]],["CR",["NI","CR"],[0.002446598326785135,0.8507252861316632]]],
			[["CR",["NI","CR"],[0.05312243247297371,0.5202397983266323]],["CR",["NI","CR"],[0.0023618601367663,0.8506540552587175]]],
			[["CR",["NI","CR"],[0.05115361472868049,0.5198790781433147]],["CR",["NI","CR"],[0.002277121946747465,0.8505828243857718]]],
			[["CR",["NI","CR"],[0.04918479698438735,0.5195183579599971]],["CR",["NI","CR"],[0.002192383756728644,0.8505115935128262]]],
			[["CR",["NI","CR"],[0.047215979240094186,0.5191576377766796]],["CR",["NI","CR"],[0.0021076455667097954,0.8504403626398805]]],
			[["CR",["NI","CR"],[0.04524716149580099,0.518796917593362]],["CR",["NI","CR"],[0.0020229073766909744,0.8503691317669348]]],
			[["CR",["NI","CR"],[0.04327834375150785,0.5184361974100444]],["CR",["NI","CR"],[0.0019381691866721396,0.8502979008939893]]],
			[["CR",["NI","CR"],[0.041309526007214686,0.5180754772267269]],["CR",["NI","CR"],[0.0018534309966533186,0.8502266700210436]]],
			[["CR",["NI","CR"],[0.03934070826292149,0.5177147570434093]],["CR",["NI","CR"],[0.0017686928066344698,0.8501554391480979]]],
			[["CR",["NI","CR"],[0.037371890518628326,0.5173540368600917]],["CR",["NI","CR"],[0.0016839546166156488,0.8500842082751523]]],
			[["CR",["NI","CR"],[0.03540307277433519,0.5169933166767742]],["CR",["NI","CR"],[0.001599216426596814,0.8500129774022065]]],
			[["CR",["NI","CR"],[0.03343425503004199,0.5166325964934566]],["CR",["NI","CR"],[0.001514478236577993,0.8499417465292609]]],
			[["CR",["NI","CR"],[0.031465437285748826,0.516271876310139]],["CR",["NI","CR"],[0.0014297400465591442,0.8498705156563152]]],
			[["CR",["NI","CR"],[0.029496619541455688,0.5159111561268215]],["CR",["NI","CR"],[0.0013450018565403232,0.8497992847833695]]],
			[["CR",["NI","CR"],[0.027527801797162466,0.5155504359435039]],["CR",["NI","CR"],[0.0012602636665214884,0.8497280539104239]]],
			[["CR",["NI","CR"],[0.025558984052869327,0.5151897157601864]],["CR",["NI","CR"],[0.0011755254765026535,0.8496568230374782]]],
			[["CR",["NI","CR"],[0.023590166308576188,0.5148289955768688]],["CR",["NI","CR"],[0.0010907872864838186,0.8495855921645326]]],
			[["CR",["NI","CR"],[0.021621348564282966,0.5144682753935513]],["CR",["NI","CR"],[0.0010060490964649837,0.849514361291587]]],
			[["CR",["NI","CR"],[0.019652530819989827,0.5141075552102338]],["CR",["NI","CR"],[0.0009213109064461628,0.8494431304186413]]],
			[["CR",["NI","CR"],[0.01768371307569666,0.5137468350269161]],["CR",["NI","CR"],[0.000836572716427314,0.8493718995456956]]],
			[["CR",["NI","CR"],[0.015714895331403467,0.5133861148435986]],["CR",["NI","CR"],[0.0007518345264084791,0.84930066867275]]],
			[["CR",["NI","CR"],[0.013746077587110328,0.5130253946602811]],["CR",["NI","CR"],[0.0006670963363896443,0.8492294377998043]]],
			[["CR",["NI","CR"],[0.011777259842817162,0.5126646744769635]],["CR",["NI","CR"],[0.0005823581463708233,0.8491582069268586]]],
			[["CR",["NI","CR"],[0.009808442098523995,0.512303954293646]],["CR",["NI","CR"],[0.0004976199563519884,0.849086976053913]]],
			[["CR",["NI","CR"],[0.0078396243542308,0.5119432341103284]],["CR",["NI","CR"],[0.00041288176633315354,0.8490157451809672]]],
			[["CR",["NI","CR"],[0.005870806609937662,0.5115825139270108]],["CR",["NI","CR"],[0.0003281435763143187,0.8489445143080216]]],
			[["CR",["NI","CR"],[0.0039019888656444957,0.5112217937436933]],["CR",["NI","CR"],[0.00024340538629549768,0.848873283435076]]],
			[["CR",["NI","CR"],[0.0019331711213513292,0.5108610735603757]],["CR",["NI","CR"],[0.00015866719627666281,0.8488020525621303]]]],
	"reference": "C-A58757"
}