{
    "components": [
        "FE",
        "MO"
    ],
    "phases": [
        "MO_229_CI2",
        "LIQUID",
        "MO0.5FE0.5_136_TP30",
        "MO5.1FE7.9_166_HR39"
    ],
    "conditions": {
        "P": 101325,
        "T": [
            2822.32,
            2744.33,
            2744.31,
            2662.38,
            2662.36,
            2583.62,
            2583.59,
            2508.22,
            2508.19,
            2436.39,
            2436.36,
            2368.32,
            2368.28,
            2304.2,
            2304.16,
            2244.2200000000003,
            2244.1800000000003,
            2188.59,
            2188.55,
            2137.49,
            2137.44,
            2091.12,
            2091.0699999999997,
            2049.67,
            2049.62,
            2013.34,
            2013.28,
            1982.32,
            1982.26,
            1956.81,
            1956.75,
            1937.0,
            1936.96,
            1923.94,
            1912.44,
            1912.43,
            1899.28,
            1899.27,
            1885.31,
            1885.3,
            1870.46,
            1870.44,
            1854.65,
            1854.62,
            1837.81,
            1837.78,
            1819.86,
            1819.82,
            1800.73,
            1800.69,
            1780.35,
            1780.31,
            1758.65,
            1758.61,
            1735.55,
            1735.51,
            1710.98,
            1710.94,
            1684.87,
            1684.84,
            1657.15,
            1657.12,
            1627.74,
            1627.71,
            1596.57,
            1596.55,
            1579.8,
            1563.64,
            1546.16,
            1546.12,
            1527.42,
            1527.39,
            1507.51,
            1507.48,
            1486.41,
            1486.37,
            1464.1,
            1464.07,
            1440.58,
            1440.55,
            1415.82,
            1415.79,
            1389.82,
            1389.79,
            1362.56,
            1362.54,
            1334.04,
            1334.01,
            1304.22,
            1304.2,
            1273.1100000000001,
            1273.0900000000001,
            1240.685,
            1240.665,
            1206.934,
            1206.9160000000002,
            1171.845,
            1171.827,
            1135.402,
            1135.385,
            1098.409,
            1098.409
        ]
    },
    "output": "ZPF",
    "broadcast_conditions": false,
    "values":
			[[["MO_229_CI2",["MO"],[0.999619]],["LIQUID",["MO"],[null]]],
			[["MO_229_CI2",["MO"],[0.9911679999999999]],["LIQUID",["MO"],[0.9430071680895464]]],
			[["MO_229_CI2",["MO"],[0.9911660000000001]],["LIQUID",["MO"],[0.9429939975336746]]],
			[["MO_229_CI2",["MO"],[0.981398]],["LIQUID",["MO"],[0.8893148549618322]]],
			[["MO_229_CI2",["MO"],[0.981395]],["LIQUID",["MO"],[0.889301838167939]]],
			[["MO_229_CI2",["MO"],[0.971065]],["LIQUID",["MO"],[0.8382024458245746]]],
			[["MO_229_CI2",["MO"],[0.971062]],["LIQUID",["MO"],[0.8381830389833748]]],
			[["MO_229_CI2",["MO"],[0.960176]],["LIQUID",["MO"],[0.7896994919786094]]],
			[["MO_229_CI2",["MO"],[0.960172]],["LIQUID",["MO"],[0.7896803277310923]]],
			[["MO_229_CI2",["MO"],[0.9487369999999999]],["LIQUID",["MO"],[0.743921459778879]]],
			[["MO_229_CI2",["MO"],[0.948732]],["LIQUID",["MO"],[0.7439024195577584]]],
			[["MO_229_CI2",["MO"],[0.936753]],["LIQUID",["MO"],[0.7008870796426536]]],
			[["MO_229_CI2",["MO"],[0.936747]],["LIQUID",["MO"],[0.7008618540201484]]],
			[["MO_229_CI2",["MO"],[0.924231]],["LIQUID",["MO"],[0.6606630898812889]]],
			[["MO_229_CI2",["MO"],[0.9242239999999999]],["LIQUID",["MO"],[0.660638183908046]]],
			[["MO_229_CI2",["MO"],[0.911176]],["LIQUID",["MO"],[0.6233458795654616]]],
			[["MO_229_CI2",["MO"],[0.911167]],["LIQUID",["MO"],[0.6233211356059187]]],
			[["MO_229_CI2",["MO"],[0.897594]],["LIQUID",["MO"],[0.5889705267857143]]],
			[["MO_229_CI2",["MO"],[0.897582]],["LIQUID",["MO"],[0.5889459404761905]]],
			[["MO_229_CI2",["MO"],[0.88349]],["LIQUID",["MO"],[0.5575875101513473]]],
			[["MO_229_CI2",["MO"],[0.883476]],["LIQUID",["MO"],[0.5575569684385383]]],
			[["MO_229_CI2",["MO"],[0.86887]],["LIQUID",["MO"],[0.5292631256921373]]],
			[["MO_229_CI2",["MO"],[0.868853]],["LIQUID",["MO"],[0.5292325839793282]]],
			[["MO_229_CI2",["MO"],[0.8537399999999999]],["LIQUID",["MO"],[0.5040980724478595]]],
			[["MO_229_CI2",["MO"],[0.853718]],["LIQUID",["MO"],[0.5040677211855104]]],
			[["MO_229_CI2",["MO"],[0.838104]],["LIQUID",["MO"],[0.48212601449537956]]],
			[["MO_229_CI2",["MO"],[0.838077]],["LIQUID",["MO"],[0.48208981337198764]]],
			[["MO_229_CI2",["MO"],[0.8219670000000001]],["LIQUID",["MO"],[0.46341003370175754]]],
			[["MO_229_CI2",["MO"],[0.8219339999999999]],["LIQUID",["MO"],[0.4633738325783656]]],
			[["MO_229_CI2",["MO"],[0.805336]],["LIQUID",["MO"],[0.44810523644524236]]],
			[["MO_229_CI2",["MO"],[0.805296]],["LIQUID",["MO"],[0.44806925475763015]]],
			[["MO_229_CI2",["MO"],[0.788215]],["LIQUID",["MO"],[0.4362252825852783]]],
			[["MO_229_CI2",["MO"],[0.788168]],["LIQUID",["MO"],[0.43620129479353686]]],
			[["MO_229_CI2",["MO"],[0.7716670000000001]],["MO0.5FE0.5_136_TP30",["MO"],[0.5852091381483276]]],
			[["MO_229_CI2",["MO"],[0.78484]],["MO0.5FE0.5_136_TP30",["MO"],[0.5855363557925352]]],
			[["MO_229_CI2",["MO"],[0.7848529999999999]],["MO0.5FE0.5_136_TP30",["MO"],[0.585536640329617]]],
			[["MO_229_CI2",["MO"],[0.7982729999999999]],["MO0.5FE0.5_136_TP30",["MO"],[0.5858401783809986]]],
			[["MO_229_CI2",["MO"],[0.798288]],["MO0.5FE0.5_136_TP30",["MO"],[0.5858402893843917]]],
			[["MO_229_CI2",["MO"],[0.810952]],["MO0.5FE0.5_136_TP30",["MO"],[0.5859952501211828]]],
			[["MO_229_CI2",["MO"],[0.810968]],["MO0.5FE0.5_136_TP30",["MO"],[0.585995361124576]]],
			[["MO_229_CI2",["MO"],[0.822921]],["MO0.5FE0.5_136_TP30",["MO"],[0.5859603811833172]]],
			[["MO_229_CI2",["MO"],[0.8229380000000001]],["MO0.5FE0.5_136_TP30",["MO"],[0.585960277400582]]],
			[["MO_229_CI2",["MO"],[0.834222]],["MO0.5FE0.5_136_TP30",["MO"],[0.5857640218446601]]],
			[["MO_229_CI2",["MO"],[0.8342400000000001]],["MO0.5FE0.5_136_TP30",["MO"],[0.5857634058252428]]],
			[["MO_229_CI2",["MO"],[0.8449]],["MO0.5FE0.5_136_TP30",["MO"],[0.5853655585804569]]],
			[["MO_229_CI2",["MO"],[0.844918]],["MO0.5FE0.5_136_TP30",["MO"],[0.5853645143412737]]],
			[["MO_229_CI2",["MO"],[0.8549979999999999]],["MO0.5FE0.5_136_TP30",["MO"],[0.5847265837390458]]],
			[["MO_229_CI2",["MO"],[0.855015]],["MO0.5FE0.5_136_TP30",["MO"],[0.5847246616358326]]],
			[["MO_229_CI2",["MO"],[0.864559]],["MO0.5FE0.5_136_TP30",["MO"],[0.5838073378773125]]],
			[["MO_229_CI2",["MO"],[0.864575]],["MO0.5FE0.5_136_TP30",["MO"],[0.5838054157740994]]],
			[["MO_229_CI2",["MO"],[0.873626]],["MO0.5FE0.5_136_TP30",["MO"],[0.58257959765625]]],
			[["MO_229_CI2",["MO"],[0.8736409999999999]],["MO0.5FE0.5_136_TP30",["MO"],[0.5825771796875]]],
			[["MO_229_CI2",["MO"],[0.882243]],["MO0.5FE0.5_136_TP30",["MO"],[0.5810188388998035]]],
			[["MO_229_CI2",["MO"],[0.8822570000000001]],["MO0.5FE0.5_136_TP30",["MO"],[0.5810155540275049]]],
			[["MO_229_CI2",["MO"],[0.890454]],["MO0.5FE0.5_136_TP30",["MO"],[0.579087926035503]]],
			[["MO_229_CI2",["MO"],[0.890466]],["MO0.5FE0.5_136_TP30",["MO"],[0.5790842613412228]]],
			[["MO_229_CI2",["MO"],[0.898301]],["MO0.5FE0.5_136_TP30",["MO"],[0.576770610891089]]],
			[["MO_229_CI2",["MO"],[0.898312]],["MO0.5FE0.5_136_TP30",["MO"],[0.576766608910891]]],
			[["MO_229_CI2",["MO"],[0.905829]],["MO0.5FE0.5_136_TP30",["MO"],[0.5740541835820896]]],
			[["MO_229_CI2",["MO"],[0.905839]],["MO0.5FE0.5_136_TP30",["MO"],[0.5740509552238806]]],
			[["MO_229_CI2",["MO"],[0.913082]],["MO0.5FE0.5_136_TP30",["MO"],[0.5709234517102616]]],
