{
    "components": [
        "FE",
        "MO"
    ],
    "phases": [
        "MO5.1FE7.9_166_HR39",
        "MO_229_CI2",
        "MOFE2_194_HP12",
        "LIQUID",
        "MO0.38FE0.62_148_HR159",
        "MO0.5FE0.5_136_TP30"
    ],
    "conditions": {
        "P": 101325,
        "T": [
            1097.4850000000001,
            1097.4850000000001,
            1102.7362666666668,
            1107.9875333333334,
            1113.2388,
            1118.4900666666667,
            1123.7413333333334,
            1128.9926,
            1134.2438666666667,
            1139.4951333333333,
            1144.7464,
            1149.9976666666666,
            1155.2489333333333,
            1160.5002,
            1165.7514666666666,
            1171.0027333333333,
            1176.254,
            1181.5052666666666,
            1186.7565333333332,
            1192.0077999999999,
            1197.2590666666667,
            1202.5103333333334,
            1207.7616,
            1213.0128666666667,
            1218.2641333333333,
            1223.5154,
            1228.7666666666667,
            1234.0179333333333,
            1239.2692,
            1244.5204666666668,
            1249.7717333333335,
            1255.0230000000001,
            1270.925,
            1286.8400000000001,
            1302.75,
            1318.68,
            1334.61,
            1350.54,
            1366.48,
            1382.42,
            1398.35,
            1414.29,
            1430.23,
            1446.16,
            1462.09,
            1478.02,
            1493.93,
            1509.84,
            1525.75,
            1535.53,
            1545.16,
            1554.65,
            1563.99,
            1573.21,
            1582.31,
            1591.29,
            1600.17,
            1608.95,
            1617.65,
            1626.27,
            1634.82,
            1643.31,
            1651.75,
            1660.14,
            1668.49,
            1676.82,
            1671.13,
            1665.61,
            1660.24,
            1654.97,
            1649.77,
            1644.6,
            1639.44,
            1634.23,
            1628.95,
            1623.56,
            1618.03,
            1612.31,
            1606.38,
            1600.2,
            1593.74,
            1586.95,
            1579.8
        ]
    },
    "output": "ZPF",
    "broadcast_conditions": false,
    "values":
			[[["MO5.1FE7.9_166_HR39",["MO"],[0.453107]],["MO_229_CI2",["MO"],[null]]],
			[["MO5.1FE7.9_166_HR39",["MO"],[0.424514]],["MOFE2_194_HP12",["MO"],[0.331109]]],
			[["MO5.1FE7.9_166_HR39",["MO"],[0.42352276666666666]],["MOFE2_194_HP12",["MO"],[0.331109]]],
			[["MO5.1FE7.9_166_HR39",["MO"],[0.4225315333333333]],["MOFE2_194_HP12",["MO"],[0.331109]]],
			[["MO5.1FE7.9_166_HR39",["MO"],[0.4215403]],["MOFE2_194_HP12",["MO"],[0.331109]]],
			[["MO5.1FE7.9_166_HR39",["MO"],[0.4205490666666667]],["MOFE2_194_HP12",["MO"],[0.331109]]],
			[["MO5.1FE7.9_166_HR39",["MO"],[0.4195578333333333]],["MOFE2_194_HP12",["MO"],[0.331109]]],
			[["MO5.1FE7.9_166_HR39",["MO"],[0.41856659999999996]],["MOFE2_194_HP12",["MO"],[0.331109]]],
			[["MO5.1FE7.9_166_HR39",["MO"],[0.41757536666666667]],["MOFE2_194_HP12",["MO"],[0.331109]]],
			[["MO5.1FE7.9_166_HR39",["MO"],[0.41658413333333333]],["MOFE2_194_HP12",["MO"],[0.331109]]],
			[["MO5.1FE7.9_166_HR39",["MO"],[0.4155929]],["MOFE2_194_HP12",["MO"],[0.331109]]],
			[["MO5.1FE7.9_166_HR39",["MO"],[0.41460166666666665]],["MOFE2_194_HP12",["MO"],[0.331109]]],
			[["MO5.1FE7.9_166_HR39",["MO"],[0.41361043333333336]],["MOFE2_194_HP12",["MO"],[0.331109]]],
			[["MO5.1FE7.9_166_HR39",["MO"],[0.41261919999999996]],["MOFE2_194_HP12",["MO"],[0.331109]]],
			[["MO5.1FE7.9_166_HR39",["MO"],[0.4116279666666667]],["MOFE2_194_HP12",["MO"],[0.331109]]],
			[["MO5.1FE7.9_166_HR39",["MO"],[0.41063673333333334]],["MOFE2_194_HP12",["MO"],[0.331109]]],
			[["MO5.1FE7.9_166_HR39",["MO"],[0.40964550000000005]],["MOFE2_194_HP12",["MO"],[0.331109]]],
			[["MO5.1FE7.9_166_HR39",["MO"],[0.40865426666666665]],["MOFE2_194_HP12",["MO"],[0.331109]]],
			[["MO5.1FE7.9_166_HR39",["MO"],[0.4076630333333333]],["MOFE2_194_HP12",["MO"],[0.331109]]],
			[["MO5.1FE7.9_166_HR39",["MO"],[0.4066718]],["MOFE2_194_HP12",["MO"],[0.331109]]],
			[["MO5.1FE7.9_166_HR39",["MO"],[0.40568056666666663]],["MOFE2_194_HP12",["MO"],[0.331109]]],
			[["MO5.1FE7.9_166_HR39",["MO"],[0.40468933333333335]],["MOFE2_194_HP12",["MO"],[0.331109]]],
			[["MO5.1FE7.9_166_HR39",["MO"],[0.4036981]],["MOFE2_194_HP12",["MO"],[0.331109]]],
			[["MO5.1FE7.9_166_HR39",["MO"],[0.4027068666666666]],["MOFE2_194_HP12",["MO"],[0.331109]]],
			[["MO5.1FE7.9_166_HR39",["MO"],[0.4017156333333333]],["MOFE2_194_HP12",["MO"],[0.331109]]],
			[["MO5.1FE7.9_166_HR39",["MO"],[0.4007244]],["MOFE2_194_HP12",["MO"],[0.331109]]],
			[["MO5.1FE7.9_166_HR39",["MO"],[0.39973316666666664]],["MOFE2_194_HP12",["MO"],[0.331109]]],
			[["MO5.1FE7.9_166_HR39",["MO"],[0.3987419333333333]],["MOFE2_194_HP12",["MO"],[0.331109]]],
			[["MO5.1FE7.9_166_HR39",["MO"],[0.3977507]],["MOFE2_194_HP12",["MO"],[0.331109]]],
			[["MO5.1FE7.9_166_HR39",["MO"],[0.39675946666666667]],["MOFE2_194_HP12",["MO"],[0.331109]]],
			[["MO5.1FE7.9_166_HR39",["MO"],[0.3957682333333333]],["MOFE2_194_HP12",["MO"],[0.331109]]],
			[["MO5.1FE7.9_166_HR39",["MO"],[0.394777]],["LIQUID",["MO"],[0.05101659796917054]]],
			[["MO5.1FE7.9_166_HR39",["MO"],[0.393734]],["LIQUID",["MO"],[0.05474861632482441]]],
			[["MO5.1FE7.9_166_HR39",["MO"],[0.39275799999999994]],["LIQUID",["MO"],[0.05861465398530244]]],
			[["MO5.1FE7.9_166_HR39",["MO"],[0.391847]],["LIQUID",["MO"],[0.06263174095347503]]],
			[["MO5.1FE7.9_166_HR39",["MO"],[0.391002]],["LIQUID",["MO"],[0.06681207620991256]]],
			[["MO5.1FE7.9_166_HR39",["MO"],[0.39022100000000004]],["LIQUID",["MO"],[0.07115840894020126]]],
			[["MO5.1FE7.9_166_HR39",["MO"],[0.389504]],["LIQUID",["MO"],[0.07567448989777509]]],
			[["MO5.1FE7.9_166_HR39",["MO"],[0.38885]],["LIQUID",["MO"],[0.0803669106902871]]],
			[["MO5.1FE7.9_166_HR39",["MO"],[0.38825899999999997]],["LIQUID",["MO"],[0.08524149497518613]]],
			[["MO5.1FE7.9_166_HR39",["MO"],[0.387729]],["LIQUID",["MO"],[0.09030232386649872]]],
			[["MO5.1FE7.9_166_HR39",["MO"],[0.38726]],["LIQUID",["MO"],[0.09555785383631714]]],
			[["MO5.1FE7.9_166_HR39",["MO"],[0.386851]],["LIQUID",["MO"],[0.10101231292207796]]],
			[["MO5.1FE7.9_166_HR39",["MO"],[0.38650199999999996]],["LIQUID",["MO"],[0.10666924406332455]]],
			[["MO5.1FE7.9_166_HR39",["MO"],[0.386212]],["LIQUID",["MO"],[0.11253911118553246]]],
			[["MO5.1FE7.9_166_HR39",["MO"],[0.385981]],["LIQUID",["MO"],[0.11862405098572398]]],
			[["MO5.1FE7.9_166_HR39",["MO"],[0.385806]],["LIQUID",["MO"],[0.12492584737569067]]],
			[["MO5.1FE7.9_166_HR39",["MO"],[0.385689]],["LIQUID",["MO"],[0.1314586206171108]]],
			[["MO5.1FE7.9_166_HR39",["MO"],[0.385627]],["MO0.38FE0.62_148_HR159",["MO"],[0.3295493822138127]]],
			[["MO5.1FE7.9_166_HR39",["MO"],[0.386862]],["MO0.38FE0.62_148_HR159",["MO"],[0.33199114492753623]]],
			[["MO5.1FE7.9_166_HR39",["MO"],[0.388146]],["MO0.38FE0.62_148_HR159",["MO"],[0.33446517101449275]]],
			[["MO5.1FE7.9_166_HR39",["MO"],[0.38948099999999997]],["MO0.38FE0.62_148_HR159",["MO"],[0.33698542603550297]]],
			[["MO5.1FE7.9_166_HR39",["MO"],[0.390868]],["MO0.38FE0.62_148_HR159",["MO"],[0.3395547331319235]]],
			[["MO5.1FE7.9_166_HR39",["MO"],[0.39231]],["MO0.38FE0.62_148_HR159",["MO"],[0.3421893456790124]]],
			[["MO5.1FE7.9_166_HR39",["MO"],[0.39380699999999996]],["MO0.38FE0.62_148_HR159",["MO"],[0.34489828151260504]]],
			[["MO5.1FE7.9_166_HR39",["MO"],[0.39536099999999996]],["MO0.38FE0.62_148_HR159",["MO"],[0.3476922060085837]]],
			[["MO5.1FE7.9_166_HR39",["MO"],[0.396974]],["MO0.38FE0.62_148_HR159",["MO"],[0.3505885657894737]]],
