{
    "components": [
        "FE",
        "MO"
    ],
    "phases": [
        "MO0.5FE0.5_136_TP30",
        "LIQUID",
        "MO_229_CI2",
        "MO5.1FE7.9_166_HR39",
        "MO0.38FE0.62_148_HR159"
    ],
    "conditions": {
        "P": 101325,
        "T": [
            1923.98,
            1903.35,
            1882.72,
            1862.1,
            1841.5,
            1820.93,
            1800.39,
            1779.91,
            1759.48,
            1739.12,
            1718.84,
            1698.64,
            1678.54,
            1658.54,
            1638.66,
            1618.9,
            1599.28,
            1579.8,
            1586.77,
            1593.36,
            1599.62,
            1605.59,
            1611.31,
            1616.83,
            1622.2,
            1627.45,
            1632.62,
            1637.78,
            1642.95,
            1648.18,
            1653.52,
            1659.01,
            1664.69,
            1670.61,
            1676.82,
            1680.7006666666666,
            1684.5813333333333,
            1688.462,
            1692.3426666666667,
            1696.2233333333334,
            1700.104,
            1703.9846666666667,
            1707.8653333333332,
            1711.7459999999999,
            1715.6266666666666,
            1719.5073333333332,
            1723.388,
            1727.2686666666666,
            1731.1493333333333,
            1735.03,
            1738.9106666666667,
            1742.7913333333333,
            1746.672,
            1750.5526666666667,
            1754.4333333333334,
            1758.314,
            1762.1946666666668,
            1766.0753333333332,
            1769.956,
            1773.8366666666666,
            1777.7173333333333,
            1781.598,
            1785.4786666666666,
            1789.3593333333333,
            1793.24,
            1801.55,
            1810.12,
            1818.9,
            1827.8,
            1836.76,
            1845.72,
            1854.6,
            1863.33,
            1871.84,
            1880.08,
            1887.96,
            1895.42,
            1902.39,
            1908.79,
            1914.58,
            1919.66
        ]
    },
    "output": "ZPF",
    "broadcast_conditions": false,
    "values":
			[[["MO0.5FE0.5_136_TP30",["MO"],[0.5852080000000001]],["MO_229_CI2",["MO"],[0.7717176943164362]]],
			[["MO0.5FE0.5_136_TP30",["MO"],[0.5857950000000001]],["MO_229_CI2",["MO"],[0.7941194334600761]]],
			[["MO0.5FE0.5_136_TP30",["MO"],[0.586024]],["MO_229_CI2",["MO"],[0.8130460822102425]]],
			[["MO0.5FE0.5_136_TP30",["MO"],[0.585917]],["MO_229_CI2",["MO"],[0.8288980101329958]]],
			[["MO0.5FE0.5_136_TP30",["MO"],[0.585494]],["MO_229_CI2",["MO"],[0.84256]]],
			[["MO0.5FE0.5_136_TP30",["MO"],[0.584778]],["MO_229_CI2",["MO"],[0.8543961249999998]]],
			[["MO0.5FE0.5_136_TP30",["MO"],[0.5837910000000001]],["MO_229_CI2",["MO"],[0.8647084955752211]]],
			[["MO0.5FE0.5_136_TP30",["MO"],[0.582553]],["MO_229_CI2",["MO"],[0.8737998550323175]]],
			[["MO0.5FE0.5_136_TP30",["MO"],[0.581087]],["MO_229_CI2",["MO"],[0.8819133758079409]]],
			[["MO0.5FE0.5_136_TP30",["MO"],[0.579415]],["MO_229_CI2",["MO"],[0.8891849934952298]]],
			[["MO0.5FE0.5_136_TP30",["MO"],[0.577557]],["MO_229_CI2",["MO"],[0.8957904781899715]]],
			[["MO0.5FE0.5_136_TP30",["MO"],[0.575536]],["MO_229_CI2",["MO"],[0.9018585707710011]]],
			[["MO0.5FE0.5_136_TP30",["MO"],[0.573373]],["MO_229_CI2",["MO"],[0.9074869198266522]]],
			[["MO0.5FE0.5_136_TP30",["MO"],[0.57109]],["MO_229_CI2",["MO"],[0.9127184113398339]]],
			[["MO0.5FE0.5_136_TP30",["MO"],[0.568708]],["MO_229_CI2",["MO"],[0.9174957699115044]]],
			[["MO0.5FE0.5_136_TP30",["MO"],[0.56625]],["MO_229_CI2",["MO"],[0.9220404666024407]]],
			[["MO0.5FE0.5_136_TP30",["MO"],[0.563737]],["MO_229_CI2",["MO"],[0.9263418712267181]]],
			[["MO0.5FE0.5_136_TP30",["MO"],[0.5611889999999999]],["MO5.1FE7.9_166_HR39",["MO"],[0.433473]]],
			[["MO0.5FE0.5_136_TP30",["MO"],[0.55486]],["MO5.1FE7.9_166_HR39",["MO"],[0.43256348811188805]]],
			[["MO0.5FE0.5_136_TP30",["MO"],[0.548639]],["MO5.1FE7.9_166_HR39",["MO"],[0.43167054344624456]]],
			[["MO0.5FE0.5_136_TP30",["MO"],[0.542504]],["MO5.1FE7.9_166_HR39",["MO"],[0.4307861517027864]]],
			[["MO0.5FE0.5_136_TP30",["MO"],[0.536435]],["MO5.1FE7.9_166_HR39",["MO"],[0.4299042216828479]]],
			[["MO0.5FE0.5_136_TP30",["MO"],[0.530409]],["MO5.1FE7.9_166_HR39",["MO"],[0.42901715514333894]]],
			[["MO0.5FE0.5_136_TP30",["MO"],[0.524404]],["MO5.1FE7.9_166_HR39",["MO"],[0.4281158321678322]]],
			[["MO0.5FE0.5_136_TP30",["MO"],[0.5183979999999999]],["MO5.1FE7.9_166_HR39",["MO"],[0.4271895696202532]]],
			[["MO0.5FE0.5_136_TP30",["MO"],[0.51237]],["MO5.1FE7.9_166_HR39",["MO"],[0.42623245825602973]]],
			[["MO0.5FE0.5_136_TP30",["MO"],[0.506297]],["MO5.1FE7.9_166_HR39",["MO"],[0.4252362916666667]]],
			[["MO0.5FE0.5_136_TP30",["MO"],[0.500158]],["MO5.1FE7.9_166_HR39",["MO"],[0.42418510748560456]]],
			[["MO0.5FE0.5_136_TP30",["MO"],[0.49393099999999995]],["MO5.1FE7.9_166_HR39",["MO"],[0.423070976744186]]],
			[["MO0.5FE0.5_136_TP30",["MO"],[0.48759300000000005]],["MO5.1FE7.9_166_HR39",["MO"],[0.42188359187620883]]],
			[["MO0.5FE0.5_136_TP30",["MO"],[0.481124]],["MO5.1FE7.9_166_HR39",["MO"],[0.42060906730769226]]],
			[["MO0.5FE0.5_136_TP30",["MO"],[0.47450000000000003]],["MO5.1FE7.9_166_HR39",["MO"],[0.4192361176470588]]],
			[["MO0.5FE0.5_136_TP30",["MO"],[0.467701]],["MO5.1FE7.9_166_HR39",["MO"],[0.41775324953445064]]],
			[["MO0.5FE0.5_136_TP30",["MO"],[0.46070500000000003]],["MO5.1FE7.9_166_HR39",["MO"],[0.41615049275362326]]],
			[["MO0.5FE0.5_136_TP30",["MO"],[0.45348799999999995]],["MO5.1FE7.9_166_HR39",["MO"],[0.414411]]],
			[["MO0.5FE0.5_136_TP30",["MO"],[0.45294793333333333]],["MO0.38FE0.62_148_HR159",["MO"],[0.3841973]]],
			[["MO0.5FE0.5_136_TP30",["MO"],[0.45240786666666666]],["MO0.38FE0.62_148_HR159",["MO"],[0.38429260000000004]]],
			[["MO0.5FE0.5_136_TP30",["MO"],[0.4518678]],["MO0.38FE0.62_148_HR159",["MO"],[0.38438790000000006]]],
			[["MO0.5FE0.5_136_TP30",["MO"],[0.4513277333333333]],["MO0.38FE0.62_148_HR159",["MO"],[0.3844832]]],
			[["MO0.5FE0.5_136_TP30",["MO"],[0.45078766666666664]],["MO0.38FE0.62_148_HR159",["MO"],[0.3845785]]],
			[["MO0.5FE0.5_136_TP30",["MO"],[0.4502476]],["MO0.38FE0.62_148_HR159",["MO"],[0.38467380000000007]]],
			[["MO0.5FE0.5_136_TP30",["MO"],[0.44970753333333335]],["MO0.38FE0.62_148_HR159",["MO"],[0.38476910000000003]]],
			[["MO0.5FE0.5_136_TP30",["MO"],[0.4491674666666666]],["MO0.38FE0.62_148_HR159",["MO"],[0.3848644]]],
			[["MO0.5FE0.5_136_TP30",["MO"],[0.44862739999999995]],["MO0.38FE0.62_148_HR159",["MO"],[0.3849597]]],
			[["MO0.5FE0.5_136_TP30",["MO"],[0.4480873333333333]],["MO0.38FE0.62_148_HR159",["MO"],[0.38505500000000004]]],
			[["MO0.5FE0.5_136_TP30",["MO"],[0.4475472666666666]],["MO0.38FE0.62_148_HR159",["MO"],[0.38515030000000006]]],
			[["MO0.5FE0.5_136_TP30",["MO"],[0.4470072]],["MO0.38FE0.62_148_HR159",["MO"],[0.3852456]]],
			[["MO0.5FE0.5_136_TP30",["MO"],[0.4464671333333333]],["MO0.38FE0.62_148_HR159",["MO"],[0.3853409]]],
			[["MO0.5FE0.5_136_TP30",["MO"],[0.44592706666666665]],["MO0.38FE0.62_148_HR159",["MO"],[0.38543620000000006]]],
			[["MO0.5FE0.5_136_TP30",["MO"],[0.445387]],["MO0.38FE0.62_148_HR159",["MO"],[0.3855315]]],
			[["MO0.5FE0.5_136_TP30",["MO"],[0.4448469333333333]],["MO0.38FE0.62_148_HR159",["MO"],[0.3856268]]],
			[["MO0.5FE0.5_136_TP30",["MO"],[0.4443068666666667]],["MO0.38FE0.62_148_HR159",["MO"],[0.38572210000000007]]],
			[["MO0.5FE0.5_136_TP30",["MO"],[0.4437668]],["MO0.38FE0.62_148_HR159",["MO"],[0.38581740000000003]]],
			[["MO0.5FE0.5_136_TP30",["MO"],[0.44322673333333334]],["MO0.38FE0.62_148_HR159",["MO"],[0.3859127]]],
			[["MO0.5FE0.5_136_TP30",["MO"],[0.4426866666666667]],["MO0.38FE0.62_148_HR159",["MO"],[0.386008]]],
