{
    "components": [
        "FE",
        "MO"
    ],
    "phases": [
        "MOFE2_194_HP12",
        "LIQUID",
        "MO5.1FE7.9_166_HR39",
        "FE_PURE"
    ],
    "conditions": {
        "P": 101325,
        "T": [
            1255.0230000000001,
            1098.409,
            1097.4850000000001,
            1255.0230000000001,
            1249.7717333333335,
            1244.5204666666668,
            1239.2692000000002,
            1234.0179333333333,
            1228.7666666666667,
            1223.5154,
            1218.2641333333333,
            1213.0128666666667,
            1207.7616,
            1202.5103333333334,
            1197.2590666666667,
            1192.0077999999999,
            1186.7565333333332,
            1181.5052666666666,
            1176.254,
            1171.0027333333333,
            1165.7514666666666,
            1160.5002,
            1155.2489333333333,
            1149.9976666666666,
            1144.7464,
            1139.4951333333333,
            1134.2438666666667,
            1128.9926,
            1123.7413333333334,
            1118.4900666666667,
            1113.2388,
            1107.9875333333334,
            1102.7362666666668,
            1098.409,
            1097.4850000000001
        ]
    },
    "output": "ZPF",
    "broadcast_conditions": false,
    "values":
			[[["MOFE2_194_HP12",["MO"],[0.331109]],["MO5.1FE7.9_166_HR39",["MO"],[0.394777]]],
			[["MOFE2_194_HP12",["MO"],[0.331109]],["FE_PURE",["MO"],[0.0]]],
			[["MOFE2_194_HP12",["MO"],[0.331109]],["LIQUID",["MO"],[null]]],
			[["MOFE2_194_HP12",["MO"],[0.331109]],["MO5.1FE7.9_166_HR39",["MO"],[0.394777]]],
			[["MOFE2_194_HP12",["MO"],[0.331109]],["MO5.1FE7.9_166_HR39",["MO"],[0.3957682333333333]]],
			[["MOFE2_194_HP12",["MO"],[0.331109]],["MO5.1FE7.9_166_HR39",["MO"],[0.39675946666666667]]],
			[["MOFE2_194_HP12",["MO"],[0.331109]],["MO5.1FE7.9_166_HR39",["MO"],[0.3977507]]],
			[["MOFE2_194_HP12",["MO"],[0.331109]],["MO5.1FE7.9_166_HR39",["MO"],[0.3987419333333333]]],
			[["MOFE2_194_HP12",["MO"],[0.331109]],["MO5.1FE7.9_166_HR39",["MO"],[0.39973316666666664]]],
			[["MOFE2_194_HP12",["MO"],[0.331109]],["MO5.1FE7.9_166_HR39",["MO"],[0.4007244]]],
			[["MOFE2_194_HP12",["MO"],[0.331109]],["MO5.1FE7.9_166_HR39",["MO"],[0.4017156333333333]]],
			[["MOFE2_194_HP12",["MO"],[0.331109]],["MO5.1FE7.9_166_HR39",["MO"],[0.4027068666666666]]],
			[["MOFE2_194_HP12",["MO"],[0.331109]],["MO5.1FE7.9_166_HR39",["MO"],[0.4036981]]],
			[["MOFE2_194_HP12",["MO"],[0.331109]],["MO5.1FE7.9_166_HR39",["MO"],[0.40468933333333335]]],
			[["MOFE2_194_HP12",["MO"],[0.331109]],["MO5.1FE7.9_166_HR39",["MO"],[0.40568056666666663]]],
			[["MOFE2_194_HP12",["MO"],[0.331109]],["MO5.1FE7.9_166_HR39",["MO"],[0.4066718]]],
			[["MOFE2_194_HP12",["MO"],[0.331109]],["MO5.1FE7.9_166_HR39",["MO"],[0.4076630333333333]]],
			[["MOFE2_194_HP12",["MO"],[0.331109]],["MO5.1FE7.9_166_HR39",["MO"],[0.40865426666666665]]],
			[["MOFE2_194_HP12",["MO"],[0.331109]],["MO5.1FE7.9_166_HR39",["MO"],[0.40964550000000005]]],
			[["MOFE2_194_HP12",["MO"],[0.331109]],["MO5.1FE7.9_166_HR39",["MO"],[0.41063673333333334]]],
			[["MOFE2_194_HP12",["MO"],[0.331109]],["MO5.1FE7.9_166_HR39",["MO"],[0.4116279666666667]]],
			[["MOFE2_194_HP12",["MO"],[0.331109]],["MO5.1FE7.9_166_HR39",["MO"],[0.41261919999999996]]],
			[["MOFE2_194_HP12",["MO"],[0.331109]],["MO5.1FE7.9_166_HR39",["MO"],[0.41361043333333336]]],
			[["MOFE2_194_HP12",["MO"],[0.331109]],["MO5.1FE7.9_166_HR39",["MO"],[0.41460166666666665]]],
			[["MOFE2_194_HP12",["MO"],[0.331109]],["MO5.1FE7.9_166_HR39",["MO"],[0.4155929]]],
			[["MOFE2_194_HP12",["MO"],[0.331109]],["MO5.1FE7.9_166_HR39",["MO"],[0.41658413333333333]]],
			[["MOFE2_194_HP12",["MO"],[0.331109]],["MO5.1FE7.9_166_HR39",["MO"],[0.41757536666666667]]],
			[["MOFE2_194_HP12",["MO"],[0.331109]],["MO5.1FE7.9_166_HR39",["MO"],[0.41856659999999996]]],
			[["MOFE2_194_HP12",["MO"],[0.331109]],["MO5.1FE7.9_166_HR39",["MO"],[0.4195578333333333]]],
			[["MOFE2_194_HP12",["MO"],[0.331109]],["MO5.1FE7.9_166_HR39",["MO"],[0.4205490666666667]]],
			[["MOFE2_194_HP12",["MO"],[0.331109]],["MO5.1FE7.9_166_HR39",["MO"],[0.4215403]]],
			[["MOFE2_194_HP12",["MO"],[0.331109]],["MO5.1FE7.9_166_HR39",["MO"],[0.4225315333333333]]],
			[["MOFE2_194_HP12",["MO"],[0.331109]],["MO5.1FE7.9_166_HR39",["MO"],[0.42352276666666666]]],
			[["MOFE2_194_HP12",["MO"],[0.331109]],["FE_PURE",["MO"],[0.0]]],
			[["MOFE2_194_HP12",["MO"],[0.331109]],["LIQUID",["MO"],[null]]]],
	"reference": "C101127"
}