{
    "components": [
        "FE",
        "MO"
    ],
    "phases": [
        "MO0.38FE0.62_148_HR159",
        "MO5.1FE7.9_166_HR39",
        "LIQUID",
        "MO0.5FE0.5_136_TP30"
    ],
    "conditions": {
        "P": 101325,
        "T": [
            1524.36,
            1538.13,
            1551.88,
            1565.61,
            1579.33,
            1593.04,
            1606.72,
            1620.4,
            1634.07,
            1647.72,
            1661.37,
            1675.01,
            1688.64,
            1702.27,
            1715.89,
            1729.51,
            1743.13,
            1756.74,
            1757.67,
            1793.24,
            1789.3593333333333,
            1785.4786666666666,
            1781.598,
            1777.7173333333333,
            1773.8366666666666,
            1769.956,
            1766.0753333333332,
            1762.1946666666668,
            1758.314,
            1754.4333333333334,
            1750.5526666666667,
            1746.672,
            1742.7913333333333,
            1738.9106666666667,
            1735.03,
            1731.1493333333333,
            1727.2686666666666,
            1723.388,
            1719.5073333333332,
            1715.6266666666666,
            1711.7459999999999,
            1707.8653333333332,
            1703.9846666666667,
            1700.104,
            1696.2233333333334,
            1692.3426666666667,
            1688.462,
            1684.5813333333333,
            1680.7006666666666,
            1676.82,
            1669.32,
            1661.65,
            1653.81,
            1645.8,
            1637.61,
            1629.25,
            1620.7,
            1611.96,
            1603.03,
            1593.91,
            1584.59,
            1575.07,
            1565.35,
            1555.42,
            1545.28,
            1534.93
        ]
    },
    "output": "ZPF",
    "broadcast_conditions": false,
    "values":
			[[["MO0.38FE0.62_148_HR159",["MO"],[0.32920299999999997]],["LIQUID",["MO"],[0.13763129436920876]]],
			[["MO0.38FE0.62_148_HR159",["MO"],[0.33140000000000003]],["LIQUID",["MO"],[0.14293012881608344]]],
			[["MO0.38FE0.62_148_HR159",["MO"],[0.333616]],["LIQUID",["MO"],[0.14818483643122682]]],
			[["MO0.38FE0.62_148_HR159",["MO"],[0.33585099999999996]],["LIQUID",["MO"],[0.15352477265973252]]],
			[["MO0.38FE0.62_148_HR159",["MO"],[0.338105]],["LIQUID",["MO"],[0.15897293763919818]]],
			[["MO0.38FE0.62_148_HR159",["MO"],[0.34037799999999996]],["LIQUID",["MO"],[0.1645530296735905]]],
			[["MO0.38FE0.62_148_HR159",["MO"],[0.34267000000000003]],["LIQUID",["MO"],[0.17026396296296298]]],
			[["MO0.38FE0.62_148_HR159",["MO"],[0.34497999999999995]],["LIQUID",["MO"],[0.17614565655070322]]],
			[["MO0.38FE0.62_148_HR159",["MO"],[0.347309]],["LIQUID",["MO"],[0.18220878048780484]]],
			[["MO0.38FE0.62_148_HR159",["MO"],[0.349655]],["LIQUID",["MO"],[0.1884669505535056]]],
			[["MO0.38FE0.62_148_HR159",["MO"],[0.352019]],["LIQUID",["MO"],[0.19494352430044173]]],
			[["MO0.38FE0.62_148_HR159",["MO"],[0.354401]],["LIQUID",["MO"],[0.20165032916972817]]],
			[["MO0.38FE0.62_148_HR159",["MO"],[0.35679900000000003]],["LIQUID",["MO"],[0.20860637976539592]]],
			[["MO0.38FE0.62_148_HR159",["MO"],[0.359215]],["LIQUID",["MO"],[0.21583267666422817]]],
			[["MO0.38FE0.62_148_HR159",["MO"],[0.36164700000000005]],["LIQUID",["MO"],[0.22333619343065703]]],
			[["MO0.38FE0.62_148_HR159",["MO"],[0.364096]],["LIQUID",["MO"],[0.2311383927272728]]],
			[["MO0.38FE0.62_148_HR159",["MO"],[0.366562]],["LIQUID",["MO"],[0.23925580638143587]]],
			[["MO0.38FE0.62_148_HR159",["MO"],[0.369043]],["LIQUID",["MO"],[0.24079526415094332]]],
			[["MO0.38FE0.62_148_HR159",["MO"],[0.3694995408219178]],["LIQUID",["MO"],[0.248305]]],
			[["MO0.38FE0.62_148_HR159",["MO"],[0.386961]],["MO0.5FE0.5_136_TP30",["MO"],[0.437286]]],
			[["MO0.38FE0.62_148_HR159",["MO"],[0.38686570000000003]],["MO0.5FE0.5_136_TP30",["MO"],[0.4378260666666667]]],
			[["MO0.38FE0.62_148_HR159",["MO"],[0.38677039999999996]],["MO0.5FE0.5_136_TP30",["MO"],[0.4383661333333333]]],
			[["MO0.38FE0.62_148_HR159",["MO"],[0.3866751]],["MO0.5FE0.5_136_TP30",["MO"],[0.43890619999999997]]],
			[["MO0.38FE0.62_148_HR159",["MO"],[0.38657980000000003]],["MO0.5FE0.5_136_TP30",["MO"],[0.43944626666666664]]],
			[["MO0.38FE0.62_148_HR159",["MO"],[0.38648450000000006]],["MO0.5FE0.5_136_TP30",["MO"],[0.4399863333333333]]],
			[["MO0.38FE0.62_148_HR159",["MO"],[0.3863892]],["MO0.5FE0.5_136_TP30",["MO"],[0.4405264]]],
			[["MO0.38FE0.62_148_HR159",["MO"],[0.3862939]],["MO0.5FE0.5_136_TP30",["MO"],[0.4410664666666666]]],
			[["MO0.38FE0.62_148_HR159",["MO"],[0.3861986]],["MO0.5FE0.5_136_TP30",["MO"],[0.4416065333333334]]],
			[["MO0.38FE0.62_148_HR159",["MO"],[0.38610330000000004]],["MO0.5FE0.5_136_TP30",["MO"],[0.4421466]]],
			[["MO0.38FE0.62_148_HR159",["MO"],[0.386008]],["MO0.5FE0.5_136_TP30",["MO"],[0.4426866666666667]]],
			[["MO0.38FE0.62_148_HR159",["MO"],[0.3859127]],["MO0.5FE0.5_136_TP30",["MO"],[0.44322673333333334]]],
			[["MO0.38FE0.62_148_HR159",["MO"],[0.38581740000000003]],["MO0.5FE0.5_136_TP30",["MO"],[0.4437668]]],
			[["MO0.38FE0.62_148_HR159",["MO"],[0.38572210000000007]],["MO0.5FE0.5_136_TP30",["MO"],[0.4443068666666667]]],
			[["MO0.38FE0.62_148_HR159",["MO"],[0.3856268]],["MO0.5FE0.5_136_TP30",["MO"],[0.4448469333333333]]],
			[["MO0.38FE0.62_148_HR159",["MO"],[0.3855315]],["MO0.5FE0.5_136_TP30",["MO"],[0.445387]]],
			[["MO0.38FE0.62_148_HR159",["MO"],[0.38543620000000006]],["MO0.5FE0.5_136_TP30",["MO"],[0.44592706666666665]]],
			[["MO0.38FE0.62_148_HR159",["MO"],[0.3853409]],["MO0.5FE0.5_136_TP30",["MO"],[0.4464671333333333]]],
			[["MO0.38FE0.62_148_HR159",["MO"],[0.3852456]],["MO0.5FE0.5_136_TP30",["MO"],[0.4470072]]],
			[["MO0.38FE0.62_148_HR159",["MO"],[0.38515030000000006]],["MO0.5FE0.5_136_TP30",["MO"],[0.4475472666666666]]],
			[["MO0.38FE0.62_148_HR159",["MO"],[0.38505500000000004]],["MO0.5FE0.5_136_TP30",["MO"],[0.4480873333333333]]],
			[["MO0.38FE0.62_148_HR159",["MO"],[0.3849597]],["MO0.5FE0.5_136_TP30",["MO"],[0.44862739999999995]]],
			[["MO0.38FE0.62_148_HR159",["MO"],[0.3848644]],["MO0.5FE0.5_136_TP30",["MO"],[0.4491674666666666]]],
			[["MO0.38FE0.62_148_HR159",["MO"],[0.38476910000000003]],["MO0.5FE0.5_136_TP30",["MO"],[0.44970753333333335]]],
			[["MO0.38FE0.62_148_HR159",["MO"],[0.38467380000000007]],["MO0.5FE0.5_136_TP30",["MO"],[0.4502476]]],
			[["MO0.38FE0.62_148_HR159",["MO"],[0.3845785]],["MO0.5FE0.5_136_TP30",["MO"],[0.45078766666666664]]],
			[["MO0.38FE0.62_148_HR159",["MO"],[0.3844832]],["MO0.5FE0.5_136_TP30",["MO"],[0.4513277333333333]]],
			[["MO0.38FE0.62_148_HR159",["MO"],[0.38438790000000006]],["MO0.5FE0.5_136_TP30",["MO"],[0.4518678]]],
			[["MO0.38FE0.62_148_HR159",["MO"],[0.38429260000000004]],["MO0.5FE0.5_136_TP30",["MO"],[0.45240786666666666]]],
			[["MO0.38FE0.62_148_HR159",["MO"],[0.3841973]],["MO0.5FE0.5_136_TP30",["MO"],[0.45294793333333333]]],
			[["MO0.38FE0.62_148_HR159",["MO"],[0.38410200000000005]],["MO5.1FE7.9_166_HR39",["MO"],[0.414411]]],
			[["MO0.38FE0.62_148_HR159",["MO"],[0.379886]],["MO5.1FE7.9_166_HR39",["MO"],[0.41241490156062427]]],
			[["MO0.38FE0.62_148_HR159",["MO"],[0.375842]],["MO5.1FE7.9_166_HR39",["MO"],[0.4104393556886227]]],
			[["MO0.38FE0.62_148_HR159",["MO"],[0.37195999999999996]],["MO5.1FE7.9_166_HR39",["MO"],[0.40848949344457686]]],
			[["MO0.38FE0.62_148_HR159",["MO"],[0.368231]],["MO5.1FE7.9_166_HR39",["MO"],[0.4065703424170616]]],
			[["MO0.38FE0.62_148_HR159",["MO"],[0.364645]],["MO5.1FE7.9_166_HR39",["MO"],[0.4046828975265018]]],
			[["MO0.38FE0.62_148_HR159",["MO"],[0.361192]],["MO5.1FE7.9_166_HR39",["MO"],[0.4028330233918129]]],
			[["MO0.38FE0.62_148_HR159",["MO"],[0.357863]],["MO5.1FE7.9_166_HR39",["MO"],[0.40101989095127605]]],
