{
    "components": [
        "FE",
        "NB",
        "NI"
    ],
    "phases": [
        "FE",
        "NBFE2",
        "L"
    ],
    "conditions": {
        "P": [
            101325
        ],
        "T": [
            1523,
            1523,
            1523,
            1523,
            1523,
            1523,
            1523,
            1523,
            1523,
            1523,
            1523,
            1523,
            1523,
            1523,
            1523,
            1523,
            1523,
            1523,
            1523,
            1523,
            1523,
            1523,
            1523,
            1523,
            1523,
            1523,
            1523,
            1523,
            1523,
            1523,
            1523,
            1523,
            1523,
            1523,
            1523,
            1523,
            1523,
            1523,
            1523,
            1523,
            1523,
            1523
        ]
    },
    "broadcast_conditions": false,
    "output": "ZPF",
    "values":
			[[["FE",["NI","FE"],[0.3654910639694016,0.16124106396940152]],["L",["NI","FE"],[0.5445104673281025,0.057540467328102585]],["NBFE2",["NI","FE"],[0.27913740508946194,0.387305405089462]]],
			[["FE",["NI","FE"],[0.35556684524702287,0.17179118671043736]],["NBFE2",["NI","FE"],[0.2718027332905558,0.39363951915130047]]],
			[["FE",["NI","FE"],[0.34667681890350877,0.18078750183033798]],["NBFE2",["NI","FE"],[0.26486313706197756,0.40009470878346676]]],
			[["FE",["NI","FE"],[0.33778679255999455,0.1897838169502386]],["NBFE2",["NI","FE"],[0.26486313706197756,0.40009470878346676]]],
			[["FE",["NI","FE"],[0.32889676621648045,0.19878013207013912]],["NBFE2",["NI","FE"],[0.2579358186988504,0.40656501341631035]]],
			[["FE",["NI","FE"],[0.3200067398729664,0.20777644719003963]],["NBFE2",["NI","FE"],[0.25101584217474465,0.4130443564200512]]],
			[["FE",["NI","FE"],[0.31111671352945236,0.21677276230994003]],["NBFE2",["NI","FE"],[0.24410021634884468,0.4195289515424683]]],
			[["FE",["NI","FE"],[0.3022266871859382,0.22576907742984065]],["NBFE2",["NI","FE"],[0.23719954432949272,0.42603159874823593]]],
			[["FE",["NI","FE"],[0.29333666084242405,0.23476539254974116]],["NBFE2",["NI","FE"],[0.23029887231014085,0.4325342459540036]]],
			[["FE",["NI","FE"],[0.2844466344989099,0.24376170766964167]],["NBFE2",["NI","FE"],[0.22341387945744343,0.4390554637292301]]],
			[["FE",["NI","FE"],[0.27555660815539584,0.2527580227895422]],["NBFE2",["NI","FE"],[0.2165322521798302,0.445580667726891]]],
			[["FE",["NI","FE"],[0.26666658181188185,0.2617543379094427]],["NBFE2",["NI","FE"],[0.20965840779256387,0.45211492138270515]]],
			[["FE",["NI","FE"],[0.25777655546836764,0.2707506530293433]],["NBFE2",["NI","FE"],[0.20279533632461225,0.45866170139219575]]],
			[["FE",["NI","FE"],[0.2488865291248536,0.2797469681492437]],["NBFE2",["NI","FE"],[0.19593250991629546,0.4652087613375031]]],
			[["FE",["NI","FE"],[0.2399965027813395,0.28874328326914434]],["NBFE2",["NI","FE"],[0.1890874731076311,0.471776142647084]]],
			[["FE",["NI","FE"],[0.23110647643782534,0.29773959838904485]],["NBFE2",["NI","FE"],[0.18224243629896678,0.4783435239566649]]],
			[["FE",["NI","FE"],[0.22221645009431124,0.30673591350894536]],["NBFE2",["NI","FE"],[0.1754081277990606,0.48492295212047465]]],
			[["FE",["NI","FE"],[0.21332642375079713,0.31573222862884587]],["NBFE2",["NI","FE"],[0.16858080410179613,0.49151022354282015]]],
			[["FE",["NI","FE"],[0.20443639740728306,0.3247285437487464]],["NBFE2",["NI","FE"],[0.16175684176082666,0.4981012074723523]]],
			[["FE",["NI","FE"],[0.19554637106376896,0.3337248588686469]],["NBFE2",["NI","FE"],[0.15494668903984943,0.5047074436717917]]],
			[["FE",["NI","FE"],[0.1866563447202548,0.3427211739885475]],["NBFE2",["NI","FE"],[0.14813653631887216,0.511313679871231]]],
			[["FE",["NI","FE"],[0.1777663183767407,0.351717489108448]],["NBFE2",["NI","FE"],[0.141339565591715,0.5179342443969339]]],
			[["FE",["NI","FE"],[0.1688762920332266,0.36071380422834853]],["NBFE2",["NI","FE"],[0.13454623770158858,0.5245587685480328]]],
			[["FE",["NI","FE"],[0.1599862656897125,0.36971011934824904]],["NBFE2",["NI","FE"],[0.12775881328631675,0.5311896121827828]]],
			[["FE",["NI","FE"],[0.15109623934619842,0.37870643446814956]],["NBFE2",["NI","FE"],[0.12098149304028871,0.5378312720120481]]],
			[["FE",["NI","FE"],[0.14220621300268427,0.38770274958805007]],["NBFE2",["NI","FE"],[0.11420417279426068,0.5444729318413132]]],
			[["FE",["NI","FE"],[0.1333161866591702,0.3966990647079507]],["NBFE2",["NI","FE"],[0.10744194289686082,0.5511305094705027]]],
			[["FE",["NI","FE"],[0.12442616031565609,0.4056953798278512]],["NBFE2",["NI","FE"],[0.10068048270919011,0.5577888990150275]]],
			[["FE",["NI","FE"],[0.11553613397214199,0.4146916949477517]],["NBFE2",["NI","FE"],[0.09392687641050976,0.5644554576538295]]],
			[["FE",["NI","FE"],[0.10664610762862789,0.4236880100676522]],["NBFE2",["NI","FE"],[0.08718018971313266,0.5711292136028399]]],
			[["FE",["NI","FE"],[0.09775608128511379,0.43268432518755273]],["NBFE2",["NI","FE"],[0.08043512417623477,0.5778046332196028]]],
			[["FE",["NI","FE"],[0.08886605494159966,0.44168064030745335]],["NBFE2",["NI","FE"],[0.0737032837347747,0.5844936246974426]]],
			[["FE",["NI","FE"],[0.07997602859808556,0.45067695542735375]],["NBFE2",["NI","FE"],[0.06697144329331459,0.5911826161752822]]],
			[["FE",["NI","FE"],[0.07108600225457151,0.45967327054725426]],["NBFE2",["NI","FE"],[0.060248989873085496,0.5978811173091434]]],
			[["FE",["NI","FE"],[0.062195975911057355,0.4686695856671548]],["NBFE2",["NI","FE"],[0.0535308759045236,0.6045840145865374]]],
			[["FE",["NI","FE"],[0.053305949567543254,0.4776659007870554]],["NBFE2",["NI","FE"],[0.04681622250280393,0.6112903750178531]]],
			[["FE",["NI","FE"],[0.0444159232240291,0.4866622159069559]],["NBFE2",["NI","FE"],[0.040111648556539065,0.6180068224399068]]],
			[["FE",["NI","FE"],[0.035525896880514996,0.4956585310268564]],["NBFE2",["NI","FE"],[0.0334070746102742,0.6247232698619605]]],
			[["FE",["NI","FE"],[0.026635870537000922,0.5046548461467569]],["NBFE2",["NI","FE"],[0.026712913177650954,0.6314500166627661]]],
			[["FE",["NI","FE"],[0.01774584419348685,0.5136511612666574]],["NBFE2",["NI","FE"],[0.020020970871250182,0.6381789584783635]]],
			[["FE",["NI","FE"],[0.008855817849972747,0.5226474763865581]],["NBFE2",["NI","FE"],[0.013333831190515538,0.6449125984767324]]],
			[["FE",["NI","FE"],[0,0.5316437915064585]],["NBFE2",["NI","FE"],[0.006654201598901843,0.6516535852420102]]]],
	"reference": "C-A58757"
}