{
    "components": [
        "FE",
        "NB",
        "NI"
    ],
    "phases": [
        "L",
        "NBNI3",
        "NBFE2",
        "(FE,NI)"
    ],
    "conditions": {
        "P": [
            101325
        ],
        "T": [
            1523,
            1523,
            1523,
            1523,
            1523,
            1523,
            1523,
            1523,
            1523,
            1523,
            1523,
            1523,
            1523,
            1523,
            1523,
            1523,
            1523,
            1523,
            1523,
            1523,
            1523,
            1523,
            1523,
            1523,
            1523,
            1523,
            1523,
            1523,
            1523,
            1523,
            1523,
            1523,
            1523,
            1523,
            1523,
            1523,
            1523,
            1523,
            1523,
            1523,
            1523,
            1523
        ]
    },
    "broadcast_conditions": false,
    "output": "ZPF",
    "values":
			[[["L",["NI","FE"],[0.5069966121853426,0.30420061218534267]],["NBFE2",["NI","FE"],[0.24901816382610506,0.42852016382610514]],["NBNI3",["NI","FE"],[0.6995701534634093,0.05362415346340943]]],
			[["L",["NI","FE"],[0.5101044670785749,0.30435342724208936]],["NBNI3",["NI","FE"],[0.7006093733767967,0.05353688557191849]]],
			[["L",["NI","FE"],[0.5124842196649936,0.3048483211685724]],["NBNI3",["NI","FE"],[0.7014512801155491,0.05311230450579307]]],
			[["L",["NI","FE"],[0.5150072714146707,0.305110197777698]],["NBNI3",["NI","FE"],[0.7014512801155491,0.05311230450579307]]],
			[["L",["NI","FE"],[0.5175629534866081,0.3053108387428223]],["NBNI3",["NI","FE"],[0.7022931868543016,0.05268772343966743]]],
			[["L",["NI","FE"],[0.5202409303027739,0.3052819754645909]],["NBNI3",["NI","FE"],[0.7031350935930542,0.052263142373541904]]],
			[["L",["NI","FE"],[0.5229510044911195,0.3051819223077671]],["NBNI3",["NI","FE"],[0.7039770003318067,0.051838561307416264]]],
			[["L",["NI","FE"],[0.5257598687993053,0.3048627591067268]],["NBNI3",["NI","FE"],[0.704818907070559,0.051413980241290846]]],
			[["L",["NI","FE"],[0.5285965599934401,0.3044681488353691]],["NBNI3",["NI","FE"],[0.7056608138093116,0.05098939917516532]]],
			[["L",["NI","FE"],[0.5315094016001585,0.3038670718561166]],["NBNI3",["NI","FE"],[0.7065027205480641,0.05056481810903968]]],
			[["L",["NI","FE"],[0.5344421352607504,0.30319664831811977]],["NBNI3",["NI","FE"],[0.7073446272868166,0.05014023704291404]]],
			[["L",["NI","FE"],[0.5374314320881396,0.3023290374512516]],["NBNI3",["NI","FE"],[0.7081865340255691,0.04971565597678851]]],
			[["L",["NI","FE"],[0.5404311280753706,0.3014106920115488]],["NBNI3",["NI","FE"],[0.7090284407643216,0.04929107491066287]]],
			[["L",["NI","FE"],[0.5434709839368544,0.30029641785295924]],["NBNI3",["NI","FE"],[0.7098703475030741,0.04886649384453734]]],
			[["L",["NI","FE"],[0.5465132724745373,0.299162399895214]],["NBNI3",["NI","FE"],[0.7107122542418266,0.0484419127784117]]],
			[["L",["NI","FE"],[0.5495806869959523,0.29782445739683316]],["NBNI3",["NI","FE"],[0.711554160980579,0.04801733171228628]]],
			[["L",["NI","FE"],[0.5526481015173673,0.29648651489845235]],["NBNI3",["NI","FE"],[0.7123960677193315,0.04759275064616064]]],
			[["L",["NI","FE"],[0.5557229494771816,0.294969299748693]],["NBNI3",["NI","FE"],[0.713237974458084,0.047168169580035]]],
			[["L",["NI","FE"],[0.5587986818596173,0.2934307549288968]],["NBNI3",["NI","FE"],[0.7140798811968365,0.04674358851390947]]],
			[["L",["NI","FE"],[0.5618700741964504,0.2917844664188116]],["NBNI3",["NI","FE"],[0.7149217879355889,0.046319007447784055]]],
			[["L",["NI","FE"],[0.5649386752691476,0.2900688834528383]],["NBNI3",["NI","FE"],[0.7157636946743414,0.045894426381658415]]],
			[["L",["NI","FE"],[0.568003087994536,0.28831893446330426]],["NBNI3",["NI","FE"],[0.7166056014130939,0.045469845315532886]]],
			[["L",["NI","FE"],[0.57105278502876,0.28644824100059685]],["NBNI3",["NI","FE"],[0.7174475081518464,0.045045264249407246]]],
			[["L",["NI","FE"],[0.5741024820629839,0.28457754753788955]],["NBNI3",["NI","FE"],[0.7182894148905988,0.04462068318328183]]],
			[["L",["NI","FE"],[0.5771323198369858,0.28260920430721026]],["NBNI3",["NI","FE"],[0.7191313216293513,0.04419610211715619]]],
			[["L",["NI","FE"],[0.5801545171872045,0.28060329242587323]],["NBNI3",["NI","FE"],[0.7199732283681038,0.04377152105103066]]],
			[["L",["NI","FE"],[0.5831732964648466,0.2785853792474664]],["NBNI3",["NI","FE"],[0.7208151351068564,0.04334693998490502]]],
			[["L",["NI","FE"],[0.5861620137757241,0.27646191459654224]],["NBNI3",["NI","FE"],[0.7216570418456087,0.04292235891877949]]],
			[["L",["NI","FE"],[0.5891507310866017,0.27433844994561807]],["NBNI3",["NI","FE"],[0.7224989485843613,0.04249777785265396]]],
			[["L",["NI","FE"],[0.592126302333125,0.2721790741082395]],["NBNI3",["NI","FE"],[0.7233408553231138,0.04207319678652843]]],
			[["L",["NI","FE"],[0.5950777758383765,0.2699538703198754]],["NBNI3",["NI","FE"],[0.7241827620618662,0.041648615720402904]]],
			[["L",["NI","FE"],[0.598029249343628,0.2677286665315113]],["NBNI3",["NI","FE"],[0.7250246688006187,0.041224034654277375]]],
			[["L",["NI","FE"],[0.6009621454869891,0.2654619256557337]],["NBNI3",["NI","FE"],[0.7258665755393712,0.040799453588151735]]],
			[["L",["NI","FE"],[0.6038739985958742,0.263148134699992]],["NBNI3",["NI","FE"],[0.7267084822781238,0.040374872522026095]]],
			[["L",["NI","FE"],[0.6067858517047594,0.2608343437442501]],["NBNI3",["NI","FE"],[0.7275503890168762,0.039950291455900566]]],
			[["L",["NI","FE"],[0.609679688275403,0.25848645788914293]],["NBNI3",["NI","FE"],[0.7283922957556287,0.039525710389774926]]],
			[["L",["NI","FE"],[0.6125509104653382,0.256095776074895]],["NBNI3",["NI","FE"],[0.7292342024943812,0.0391011293236494]]],
			[["L",["NI","FE"],[0.6154221326552736,0.2537050942606469]],["NBNI3",["NI","FE"],[0.7300761092331337,0.03867654825752376]]],
			[["L",["NI","FE"],[0.6182823043118518,0.2512962776041009]],["NBNI3",["NI","FE"],[0.7309180159718861,0.03825196719139834]]],
			[["L",["NI","FE"],[0.621112834276706,0.24883881647153905]],["NBNI3",["NI","FE"],[0.7317599227106386,0.0378273861252727]]],
			[["L",["NI","FE"],[0.6239433642415605,0.24638135533897687]],["NBNI3",["NI","FE"],[0.7326018294493911,0.03740280505914717]]],
			[["L",["NI","FE"],[0.6271217018275502,0.24409570182755025]],["(FE,NI)",["NI","FE"],[0.6138609395838963,0.3071209395838963]],["NBNI3",["NI","FE"],[0.7351836843787803,0.035663684378780425]]]],
	"reference": "C-A58757"
}