{
    "components": [
        "FE",
        "NB",
        "NI"
    ],
    "phases": [
        "NBFE2",
        "NBNI3",
        "L"
    ],
    "conditions": {
        "P": [
            101325
        ],
        "T": [
            1523,
            1523,
            1523,
            1523,
            1523,
            1523,
            1523,
            1523,
            1523,
            1523,
            1523,
            1523,
            1523,
            1523,
            1523,
            1523,
            1523,
            1523,
            1523,
            1523,
            1523,
            1523,
            1523,
            1523,
            1523,
            1523,
            1523,
            1523,
            1523,
            1523,
            1523,
            1523,
            1523,
            1523,
            1523,
            1523,
            1523,
            1523,
            1523,
            1523,
            1523,
            1523
        ]
    },
    "broadcast_conditions": false,
    "output": "ZPF",
    "values":
			[[["L",["NI","FE"],[0.5874577490782454,0.06671174907824551]],["NBNI3",["NI","FE"],[0.7159950256470407,0.028121025647040443]],["NBFE2",["NI","FE"],[0.2874751030218261,0.3784631030218262]]],
			[["NBFE2",["NI","FE"],[0.2868541396148724,0.37986506644414075]],["NBNI3",["NI","FE"],[0.7140567200181254,0.030442720018125424]]],
			[["NBFE2",["NI","FE"],[0.28596483268839845,0.38102268634693504]],["NBNI3",["NI","FE"],[0.7136869250974858,0.03101692509748588]]],
			[["NBFE2",["NI","FE"],[0.2850755257619246,0.38218030624972954]],["NBNI3",["NI","FE"],[0.7136869250974858,0.03101692509748588]]],
			[["NBFE2",["NI","FE"],[0.2841862188354506,0.3833379261525238]],["NBNI3",["NI","FE"],[0.7133171301768463,0.03159113017684623]]],
			[["NBFE2",["NI","FE"],[0.28329691190897666,0.3844955460553183]],["NBNI3",["NI","FE"],[0.7129473352562067,0.032165335256206795]]],
			[["NBFE2",["NI","FE"],[0.28240760498250284,0.3856531659581126]],["NBNI3",["NI","FE"],[0.7125775403355672,0.03273954033556714]]],
			[["NBFE2",["NI","FE"],[0.2815182980560289,0.386810785860907]],["NBNI3",["NI","FE"],[0.7122077454149276,0.03331374541492771]]],
			[["NBFE2",["NI","FE"],[0.28062899112955497,0.3879684057637014]],["NBNI3",["NI","FE"],[0.7118379504942881,0.033887950494287944]]],
			[["NBFE2",["NI","FE"],[0.2797396842030811,0.3891260256664957]],["NBNI3",["NI","FE"],[0.7114681555736485,0.03446215557364851]]],
			[["NBFE2",["NI","FE"],[0.27885037727660716,0.3902836455692902]],["NBNI3",["NI","FE"],[0.7110983606530089,0.03503636065300908]]],
			[["NBFE2",["NI","FE"],[0.27796107035013323,0.39144126547208447]],["NBNI3",["NI","FE"],[0.7107285657323693,0.03561056573236954]]],
			[["NBFE2",["NI","FE"],[0.27707176342365936,0.39259888537487886]],["NBNI3",["NI","FE"],[0.7103587708117298,0.03618477081172988]]],
			[["NBFE2",["NI","FE"],[0.2761824564971854,0.39375650527767325]],["NBNI3",["NI","FE"],[0.7099889758910902,0.03675897589109034]]],
			[["NBFE2",["NI","FE"],[0.2752931495707115,0.39491412518046765]],["NBNI3",["NI","FE"],[0.7096191809704507,0.037333180970450686]]],
			[["NBFE2",["NI","FE"],[0.27440384264423756,0.39607174508326204]],["NBNI3",["NI","FE"],[0.7092493860498111,0.037907386049811254]]],
			[["NBFE2",["NI","FE"],[0.27351453571776374,0.3972293649860563]],["NBNI3",["NI","FE"],[0.7088795911291716,0.0384815911291716]]],
			[["NBFE2",["NI","FE"],[0.2726252287912898,0.3983869848888508]],["NBNI3",["NI","FE"],[0.708509796208532,0.039055796208532056]]],
			[["NBFE2",["NI","FE"],[0.2717359218648158,0.3995446047916451]],["NBNI3",["NI","FE"],[0.7081400012878925,0.03963000128789251]]],
			[["NBFE2",["NI","FE"],[0.27084661493834195,0.4007022246944395]],["NBNI3",["NI","FE"],[0.7077702063672529,0.04020420636725308]]],
			[["NBFE2",["NI","FE"],[0.269957308011868,0.4018598445972339]],["NBNI3",["NI","FE"],[0.7074004114466135,0.04077841144661343]]],
			[["NBFE2",["NI","FE"],[0.2690680010853941,0.4030174645000284]],["NBNI3",["NI","FE"],[0.7070306165259739,0.041352616525973884]]],
			[["NBFE2",["NI","FE"],[0.26817869415892015,0.4041750844028227]],["NBNI3",["NI","FE"],[0.7066608216053343,0.04192682160533434]]],
			[["NBFE2",["NI","FE"],[0.26728938723244633,0.40533270430561696]],["NBNI3",["NI","FE"],[0.7062910266846947,0.0425010266846948]]],
			[["NBFE2",["NI","FE"],[0.2664000803059724,0.40649032420841147]],["NBNI3",["NI","FE"],[0.7059212317640552,0.043075231764055255]]],
			[["NBFE2",["NI","FE"],[0.26551077337949847,0.40764794411120575]],["NBNI3",["NI","FE"],[0.7055514368434157,0.0436494368434156]]],
			[["NBFE2",["NI","FE"],[0.26462146645302453,0.40880556401400026]],["NBNI3",["NI","FE"],[0.7051816419227761,0.04422364192277617]]],
			[["NBFE2",["NI","FE"],[0.2637321595265506,0.40996318391679454]],["NBNI3",["NI","FE"],[0.7048118470021365,0.044797847002136626]]],
			[["NBFE2",["NI","FE"],[0.2628428526000767,0.41112080381958904]],["NBNI3",["NI","FE"],[0.704442052081497,0.04537205208149697]]],
			[["NBFE2",["NI","FE"],[0.2619535456736028,0.4122784237223833]],["NBNI3",["NI","FE"],[0.7040722571608574,0.04594625716085743]]],
			[["NBFE2",["NI","FE"],[0.2610642387471289,0.4134360436251777]],["NBNI3",["NI","FE"],[0.7037024622402178,0.046520462240218]]],
			[["NBFE2",["NI","FE"],[0.260174931820655,0.4145936635279721]],["NBNI3",["NI","FE"],[0.7033326673195782,0.047094667319578454]]],
			[["NBFE2",["NI","FE"],[0.25928562489418105,0.4157512834307665]],["NBNI3",["NI","FE"],[0.7029628723989388,0.04766887239893869]]],
			[["NBFE2",["NI","FE"],[0.2583963179677072,0.4169089033335609]],["NBNI3",["NI","FE"],[0.7025930774782992,0.048243077478299146]]],
			[["NBFE2",["NI","FE"],[0.25750701104123325,0.4180665232363552]],["NBNI3",["NI","FE"],[0.7022232825576596,0.048817282557659714]]],
			[["NBFE2",["NI","FE"],[0.2566177041147593,0.4192241431391497]],["NBNI3",["NI","FE"],[0.70185348763702,0.04939148763702017]]],
			[["NBFE2",["NI","FE"],[0.25572839718828544,0.42038176304194397]],["NBNI3",["NI","FE"],[0.7014836927163806,0.049965692716380516]]],
			[["NBFE2",["NI","FE"],[0.2548390902618115,0.42153938294473847]],["NBNI3",["NI","FE"],[0.701113897795741,0.050539897795741084]]],
			[["NBFE2",["NI","FE"],[0.2539497833353376,0.42269700284753275]],["NBNI3",["NI","FE"],[0.7007441028751014,0.05111410287510154]]],
			[["NBFE2",["NI","FE"],[0.25306047640886364,0.42385462275032715]],["NBNI3",["NI","FE"],[0.7003743079544619,0.05168830795446189]]],
			[["NBFE2",["NI","FE"],[0.25217116948238977,0.42501224265312154]],["NBNI3",["NI","FE"],[0.7000045130338224,0.052262513033822344]]],
			[["L",["NI","FE"],[0.5069966121853426,0.30420061218534267]],["NBFE2",["NI","FE"],[0.24901816382610506,0.42852016382610514]],["NBNI3",["NI","FE"],[0.6995701534634093,0.05362415346340943]]]],
	"reference": "C-A58757"
}