{
    "components": [
        "FE",
        "NB",
        "NI"
    ],
    "phases": [
        "L",
        "(FE,NI)",
        "NBNI3",
        "NBFE2"
    ],
    "conditions": {
        "P": [
            101325
        ],
        "T": [
            1523,
            1523,
            1523,
            1523,
            1523,
            1523,
            1523,
            1523,
            1523,
            1523,
            1523,
            1523,
            1523,
            1523,
            1523,
            1523,
            1523,
            1523,
            1523,
            1523,
            1523,
            1523,
            1523,
            1523,
            1523,
            1523,
            1523,
            1523,
            1523,
            1523,
            1523,
            1523,
            1523,
            1523,
            1523,
            1523,
            1523,
            1523,
            1523,
            1523,
            1523,
            1523
        ]
    },
    "broadcast_conditions": false,
    "output": "ZPF",
    "values":
			[[["L",["NI","FE"],[0.6271217018275502,0.24409570182755025]],["(FE,NI)",["NI","FE"],[0.6138609395838963,0.3071209395838963]],["NBNI3",["NI","FE"],[0.7351836843787803,0.035663684378780425]]],
			[["L",["NI","FE"],[0.6204025806492633,0.2516213242774281]],["(FE,NI)",["NI","FE"],[0.6134038817847669,0.3071098817847667]]],
			[["L",["NI","FE"],[0.61441237279365,0.257871860049979]],["(FE,NI)",["NI","FE"],[0.6055781425030166,0.31662240797043606]]],
			[["L",["NI","FE"],[0.6084157400629575,0.2641167178634113]],["(FE,NI)",["NI","FE"],[0.6055781425030166,0.31662240797043606]]],
			[["L",["NI","FE"],[0.6024164989931176,0.27035927056695963]],["(FE,NI)",["NI","FE"],[0.5977524032212661,0.3261349341561056]]],
			[["L",["NI","FE"],[0.596414083137496,0.2765989895648632]],["(FE,NI)",["NI","FE"],[0.589899117008303,0.3356321460478394]]],
			[["L",["NI","FE"],[0.5904025218052634,0.28283054562186916]],["(FE,NI)",["NI","FE"],[0.5820266570458911,0.34511869858762423]]],
			[["L",["NI","FE"],[0.5843909604730309,0.28906210167887525]],["(FE,NI)",["NI","FE"],[0.5741464930334004,0.3546008454523051]]],
			[["L",["NI","FE"],[0.5783669251065584,0.29528237838125815]],["(FE,NI)",["NI","FE"],[0.5662267945868199,0.36406038396550333]]],
			[["L",["NI","FE"],[0.5723398971887543,0.30149994913887235]],["(FE,NI)",["NI","FE"],[0.5583070961402395,0.37351992247870147]]],
			[["L",["NI","FE"],[0.5663059538063944,0.307711163741326]],["(FE,NI)",["NI","FE"],[0.5503520687902237,0.38295867191439026]]],
			[["L",["NI","FE"],[0.5602596225304315,0.3139109923590475]],["(FE,NI)",["NI","FE"],[0.5423844774924109,0.39239002817171265]]],
			[["L",["NI","FE"],[0.5542132912544688,0.3201108209767688]],["(FE,NI)",["NI","FE"],[0.5344017689407136,0.4018122280322042]]],
			[["L",["NI","FE"],[0.5481465568786914,0.3262915233035675]],["(FE,NI)",["NI","FE"],[0.5263858852729795,0.41121433399669605]]],
			[["L",["NI","FE"],[0.54207788816702,0.3324704123435913]],["(FE,NI)",["NI","FE"],[0.5183700016052454,0.420616439961188]]],
			[["L",["NI","FE"],[0.5359971552133764,0.3386377304078513]],["(FE,NI)",["NI","FE"],[0.5103106728258316,0.4299914519895425]]],
			[["L",["NI","FE"],[0.5299029497910062,0.3447921268472395]],["(FE,NI)",["NI","FE"],[0.5022459316171397,0.43936308863209284]]],
			[["L",["NI","FE"],[0.5238077022902519,0.3509454971745538]],["(FE,NI)",["NI","FE"],[0.4941582220516603,0.4487199720416921]]],
			[["L",["NI","FE"],[0.5176846045810023,0.35707144400318613]],["(FE,NI)",["NI","FE"],[0.4860441936324448,0.4580599500982542]]],
			[["L",["NI","FE"],[0.5115615068717525,0.3631973908318187]],["(FE,NI)",["NI","FE"],[0.47792801507103755,0.4673985052286388]]],
			[["L",["NI","FE"],[0.5054191363600214,0.36930378653155516]],["(FE,NI)",["NI","FE"],[0.4697643300813929,0.4767056214427501]]],
			[["L",["NI","FE"],[0.49926414945772746,0.3753973836422779]],["(FE,NI)",["NI","FE"],[0.4616006450917482,0.4860127376568615]]],
			[["L",["NI","FE"],[0.49310293478972694,0.38148444908578094]],["(FE,NI)",["NI","FE"],[0.45340589525625874,0.4952986664060768]]],
			[["L",["NI","FE"],[0.4869129535417789,0.3875413442023752]],["(FE,NI)",["NI","FE"],[0.44519217495164337,0.5045716565380952]]],
			[["L",["NI","FE"],[0.4807229722938308,0.3935982393189694]],["(FE,NI)",["NI","FE"],[0.43696844561043324,0.5138376087841694]]],
			[["L",["NI","FE"],[0.4745047889468066,0.3996244514772589]],["(FE,NI)",["NI","FE"],[0.4287043466498546,0.5230751750038717]]],
			[["L",["NI","FE"],[0.46827756570182505,0.40564082852322725]],["(FE,NI)",["NI","FE"],[0.4204402476892759,0.532312741223574]]],
			[["L",["NI","FE"],[0.4620364929746252,0.41164151724888254]],["(FE,NI)",["NI","FE"],[0.41213682468527624,0.541521791173112]]],
			[["L",["NI","FE"],[0.45576878916965147,0.4176120390071516]],["(FE,NI)",["NI","FE"],[0.40382207601888054,0.5507226281918175]]],
			[["L",["NI","FE"],[0.4495010853646778,0.4235825607654208]],["(FE,NI)",["NI","FE"],[0.39548932821519067,0.559910000098552]]],
			[["L",["NI","FE"],[0.44319386204325084,0.4295062948438746]],["(FE,NI)",["NI","FE"],[0.3871237314162613,0.5690727977497648]]],
			[["L",["NI","FE"],[0.4368838060998079,0.4354266753435443]],["(FE,NI)",["NI","FE"],[0.378758134617332,0.5782355954009775]]],
			[["L",["NI","FE"],[0.43054995052520717,0.441317494207784]],["(FE,NI)",["NI","FE"],[0.37034495125441974,0.5873616548154335]]],
			[["L",["NI","FE"],[0.424194983897049,0.4471820909316604]],["(FE,NI)",["NI","FE"],[0.3619282502120038,0.5964849984771301]]],
			[["L",["NI","FE"],[0.417833837302863,0.453038600841873]],["(FE,NI)",["NI","FE"],[0.35348555779606605,0.6055876268030587]]],
			[["L",["NI","FE"],[0.4114323322729365,0.4588422995961454]],["(FE,NI)",["NI","FE"],[0.34501766074549245,0.6146701668305006]]],
			[["L",["NI","FE"],[0.40503082724301,0.4646459983504181]],["(FE,NI)",["NI","FE"],[0.3365454802110766,0.6237491812000738]]],
			[["L",["NI","FE"],[0.3985935177404828,0.47040012976731527]],["(FE,NI)",["NI","FE"],[0.328026265801887,0.6327894828402916]]],
			[["L",["NI","FE"],[0.39214372732020386,0.4761369827322197]],["(FE,NI)",["NI","FE"],[0.3195070513926973,0.6418297844805094]]],
			[["L",["NI","FE"],[0.38567626303003094,0.4818478272461091]],["(FE,NI)",["NI","FE"],[0.3109540530594413,0.6508413590165131]]],
			[["L",["NI","FE"],[0.3791767977534631,0.4875115798615022]],["(FE,NI)",["NI","FE"],[0.30238350457551755,0.6598380103302703]]],
			[["(FE,NI)",["NI","FE"],[0.27512768490831485,0.6887256849083149]],["NBFE2",["NI","FE"],[0.2144742648574714,0.47113426485747145]],["L",["NI","FE"],[0.3723225248557599,0.4930105248557599]]]],
	"reference": "C-A58757"
}