{
    "components": [
        "FE",
        "NB",
        "NI"
    ],
    "phases": [
        "L",
        "NBFE2",
        "(FE,NI)",
        "NBNI3"
    ],
    "conditions": {
        "P": [
            101325
        ],
        "T": [
            1523,
            1523,
            1523,
            1523,
            1523,
            1523,
            1523,
            1523,
            1523,
            1523,
            1523,
            1523,
            1523,
            1523,
            1523,
            1523,
            1523,
            1523,
            1523,
            1523,
            1523,
            1523,
            1523,
            1523,
            1523,
            1523,
            1523,
            1523,
            1523,
            1523,
            1523,
            1523,
            1523,
            1523,
            1523,
            1523,
            1523,
            1523,
            1523,
            1523,
            1523,
            1523
        ]
    },
    "broadcast_conditions": false,
    "output": "ZPF",
    "values":
			[[["(FE,NI)",["NI","FE"],[0.27512768490831485,0.6887256849083149]],["NBFE2",["NI","FE"],[0.2144742648574714,0.47113426485747145]],["L",["NI","FE"],[0.3723225248557599,0.4930105248557599]]],
			[["L",["NI","FE"],[0.37583325089635106,0.48800216401586016]],["NBFE2",["NI","FE"],[0.21611350925518508,0.46968399706006325]]],
			[["L",["NI","FE"],[0.3793709200207294,0.48354074625974774]],["NBFE2",["NI","FE"],[0.21694065071379706,0.4686636263235532]]],
			[["L",["NI","FE"],[0.38288521333453224,0.4790683041213887]],["NBFE2",["NI","FE"],[0.21694065071379706,0.4686636263235532]]],
			[["L",["NI","FE"],[0.38637908444436,0.47458623056587657]],["NBFE2",["NI","FE"],[0.217767792172409,0.4676432555870431]]],
			[["L",["NI","FE"],[0.3898727347270411,0.47010405872378214]],["NBFE2",["NI","FE"],[0.21859493363102092,0.46662288485053316]]],
			[["L",["NI","FE"],[0.3933234350533907,0.4656027705525312]],["NBFE2",["NI","FE"],[0.2194220750896329,0.4656025141140232]]],
			[["L",["NI","FE"],[0.3967741353797403,0.46110148238128035]],["NBFE2",["NI","FE"],[0.22024921654824484,0.46458214337751313]]],
			[["L",["NI","FE"],[0.4002040277735356,0.4565914488473036]],["NBFE2",["NI","FE"],[0.22107635800685677,0.4635617726410032]]],
			[["L",["NI","FE"],[0.4036129509179578,0.45207260215078016]],["NBFE2",["NI","FE"],[0.22190349946546875,0.4625414019044931]]],
			[["L",["NI","FE"],[0.40702145052893723,0.44755358713880333]],["NBFE2",["NI","FE"],[0.22273064092408068,0.46152103116798315]]],
			[["L",["NI","FE"],[0.41039045770555516,0.4430188775291153]],["NBFE2",["NI","FE"],[0.22355778238269264,0.4605006604314732]]],
			[["L",["NI","FE"],[0.4137594648821731,0.4384841679194271]],["NBFE2",["NI","FE"],[0.22438492384130462,0.45948028969496313]]],
			[["L",["NI","FE"],[0.41710765203492994,0.43394162431475203]],["NBFE2",["NI","FE"],[0.22521206529991655,0.45845991895845317]]],
			[["L",["NI","FE"],[0.42043818480352946,0.4293924378571239]],["NBFE2",["NI","FE"],[0.22603920675852845,0.4574395482219431]]],
			[["L",["NI","FE"],[0.42376543805336775,0.42484208204933327]],["NBFE2",["NI","FE"],[0.22686634821714044,0.45641917748543315]]],
			[["L",["NI","FE"],[0.4270587062976753,0.4202796084966449]],["NBFE2",["NI","FE"],[0.2276934896757524,0.4553988067489232]]],
			[["L",["NI","FE"],[0.4303519745419828,0.4157171349439568]],["NBFE2",["NI","FE"],[0.22852063113436433,0.45437843601241323]]],
			[["L",["NI","FE"],[0.43362317277165197,0.4111471881205486]],["NBFE2",["NI","FE"],[0.2293477725929763,0.45335806527590317]]],
			[["L",["NI","FE"],[0.43688247616692727,0.4065732135101613]],["NBFE2",["NI","FE"],[0.23017491405158824,0.4523376945393931]]],
			[["L",["NI","FE"],[0.4401344241539895,0.4019968681931174]],["NBFE2",["NI","FE"],[0.2310020555102002,0.45131732380288314]]],
			[["L",["NI","FE"],[0.4433610006951753,0.39741234545697246]],["NBFE2",["NI","FE"],[0.23182919696881218,0.4502969530663732]]],
			[["L",["NI","FE"],[0.44658757723636117,0.3928278227208273]],["NBFE2",["NI","FE"],[0.2326563384274241,0.4492765823298631]]],
			[["L",["NI","FE"],[0.44978996307618097,0.3882358632539673]],["NBFE2",["NI","FE"],[0.23348347988603607,0.44825621159335305]]],
			[["L",["NI","FE"],[0.4529867304474233,0.3836421765516209]],["NBFE2",["NI","FE"],[0.234310621344648,0.4472358408568431]]],
			[["L",["NI","FE"],[0.4561722157707434,0.3790451720074516]],["NBFE2",["NI","FE"],[0.23513776280325996,0.44621547012033314]]],
			[["L",["NI","FE"],[0.4593413701805857,0.37444336484339313]],["NBFE2",["NI","FE"],[0.23596490426187194,0.4451950993838232]]],
			[["L",["NI","FE"],[0.4625101621364197,0.36984145538210467]],["NBFE2",["NI","FE"],[0.23679204572048387,0.4441747286473131]]],
			[["L",["NI","FE"],[0.4656548171825384,0.36523273363858044]],["NBFE2",["NI","FE"],[0.2376191871790958,0.44315435791080315]]],
			[["L",["NI","FE"],[0.4687994722286573,0.3606240118950561]],["NBFE2",["NI","FE"],[0.2384463286377078,0.4421339871742931]]],
			[["L",["NI","FE"],[0.47193039768638545,0.356011557029999]],["NBFE2",["NI","FE"],[0.23927347009631972,0.44111361643778313]]],
			[["L",["NI","FE"],[0.4750532249229486,0.3513969002312096]],["NBFE2",["NI","FE"],[0.24010061155493165,0.4400932457012732]]],
			[["L",["NI","FE"],[0.4781712972804551,0.3467809931929854]],["NBFE2",["NI","FE"],[0.24092775301354358,0.4390728749647632]]],
			[["L",["NI","FE"],[0.4812750797739884,0.3421613288033656]],["NBFE2",["NI","FE"],[0.24175489447215556,0.43805250422825315]]],
			[["L",["NI","FE"],[0.48437886226752164,0.337541664413746]],["NBFE2",["NI","FE"],[0.2425820359307675,0.4370321334917431]]],
			[["L",["NI","FE"],[0.48746878723056053,0.33291846086670107]],["NBFE2",["NI","FE"],[0.2434091773893795,0.4360117627552331]]],
			[["L",["NI","FE"],[0.4905567387042916,0.3282947532984427]],["NBFE2",["NI","FE"],[0.24423631884799143,0.43499139201872317]]],
			[["L",["NI","FE"],[0.4936383560034791,0.3236694664098725]],["NBFE2",["NI","FE"],[0.24506346030660336,0.4339710212822132]]],
			[["L",["NI","FE"],[0.49671377503741315,0.31904263408769507]],["NBFE2",["NI","FE"],[0.24589060176521532,0.43295065054570303]]],
			[["L",["NI","FE"],[0.4997878305498482,0.3144154682542242]],["NBFE2",["NI","FE"],[0.24671774322382725,0.4319302798091931]]],
			[["L",["NI","FE"],[0.502853410478463,0.3097862293306509]],["NBFE2",["NI","FE"],[0.2475448846824392,0.4309099090726831]]],
			[["L",["NI","FE"],[0.5069966121853426,0.30420061218534267]],["NBFE2",["NI","FE"],[0.24901816382610506,0.42852016382610514]],["NBNI3",["NI","FE"],[0.6995701534634093,0.05362415346340943]]]],
	"reference": "C-A58757"
}