{
    "components": [
        "FE",
        "NB",
        "NI"
    ],
    "phases": [
        "L",
        "NBFE2",
        "NBNI3",
        "FE"
    ],
    "conditions": {
        "P": [
            101325
        ],
        "T": [
            1523,
            1523,
            1523,
            1523,
            1523,
            1523,
            1523,
            1523,
            1523,
            1523,
            1523,
            1523,
            1523,
            1523,
            1523,
            1523,
            1523,
            1523,
            1523,
            1523,
            1523,
            1523,
            1523,
            1523,
            1523,
            1523,
            1523,
            1523,
            1523,
            1523,
            1523,
            1523,
            1523,
            1523,
            1523,
            1523,
            1523,
            1523,
            1523,
            1523,
            1523,
            1523
        ]
    },
    "broadcast_conditions": false,
    "output": "ZPF",
    "values":
			[[["L",["NI","FE"],[0.5874577490782454,0.06671174907824551]],["NBNI3",["NI","FE"],[0.7159950256470407,0.028121025647040443]],["NBFE2",["NI","FE"],[0.2874751030218261,0.3784631030218262]]],
			[["L",["NI","FE"],[0.5857542207805589,0.06663099165282005]],["NBFE2",["NI","FE"],[0.2871394872575747,0.3782981701844039]]],
			[["L",["NI","FE"],[0.5848396022456628,0.06624514399018533]],["NBFE2",["NI","FE"],[0.28709501886042077,0.3783443847140794]]],
			[["L",["NI","FE"],[0.58391587841645,0.06587134589998633]],["NBFE2",["NI","FE"],[0.28709501886042077,0.3783443847140794]]],
			[["L",["NI","FE"],[0.582989694980026,0.06550080275292547]],["NBFE2",["NI","FE"],[0.2870505504632669,0.37839059924375473]]],
			[["L",["NI","FE"],[0.5820617780910792,0.06513258935078159]],["NBFE2",["NI","FE"],[0.287006082066113,0.3784368137734301]]],
			[["L",["NI","FE"],[0.5811233635465686,0.06477848470522174]],["NBFE2",["NI","FE"],[0.286961613668959,0.37848302830310554]]],
			[["L",["NI","FE"],[0.580184949002058,0.06442438005966178]],["NBFE2",["NI","FE"],[0.2869171452718051,0.3785292428327809]]],
			[["L",["NI","FE"],[0.579239883103422,0.06407936408047599]],["NBFE2",["NI","FE"],[0.28687267687465123,0.3785754573624561]]],
			[["L",["NI","FE"],[0.5782887569742395,0.06374262903364614]],["NBFE2",["NI","FE"],[0.2868282084774973,0.3786216718921316]]],
			[["L",["NI","FE"],[0.577337630845057,0.06340589398681651]],["NBFE2",["NI","FE"],[0.2867837400803434,0.37866788642180693]]],
			[["L",["NI","FE"],[0.576373933523286,0.0630866454447826]],["NBFE2",["NI","FE"],[0.2867392716831895,0.3787141009514823]]],
			[["L",["NI","FE"],[0.575409319973081,0.0627686713747444]],["NBFE2",["NI","FE"],[0.28669480328603564,0.37876031548115763]]],
			[["L",["NI","FE"],[0.5744396471549397,0.06245786973746936]],["NBFE2",["NI","FE"],[0.2866503348888817,0.378806530010833]]],
			[["L",["NI","FE"],[0.5734612871856987,0.06215938371738461]],["NBFE2",["NI","FE"],[0.2866058664917278,0.3788527445405083]]],
			[["L",["NI","FE"],[0.5724829272164578,0.06186089769729963]],["NBFE2",["NI","FE"],[0.2865613980945739,0.37889895907018367]]],
			[["L",["NI","FE"],[0.5714920060478097,0.061580592240594645]],["NBFE2",["NI","FE"],[0.28651692969741993,0.378945173599859]]],
			[["L",["NI","FE"],[0.570498553534056,0.06130395054868143]],["NBFE2",["NI","FE"],[0.28647246130026605,0.37899138812953437]]],
			[["L",["NI","FE"],[0.5695002596440157,0.06103447390082162]],["NBFE2",["NI","FE"],[0.28642799290311216,0.3790376026592097]]],
			[["L",["NI","FE"],[0.5684918621095959,0.060779950244176595]],["NBFE2",["NI","FE"],[0.2863835245059583,0.37908381718888506]]],
			[["L",["NI","FE"],[0.5674834645751762,0.06052542658753124]],["NBFE2",["NI","FE"],[0.2863390561088044,0.3791300317185604]]],
			[["L",["NI","FE"],[0.5664616895434565,0.06029117547582685]],["NBFE2",["NI","FE"],[0.2862945877116505,0.37917624624823576]]],
			[["L",["NI","FE"],[0.5654374310834097,0.06006068780441631]],["NBFE2",["NI","FE"],[0.2862501193144965,0.3792224607779111]]],
			[["L",["NI","FE"],[0.5644066232145464,0.05984038720063012]],["NBFE2",["NI","FE"],[0.2862056509173426,0.37926867530758646]]],
			[["L",["NI","FE"],[0.5633656500612967,0.05963589786200796]],["NBFE2",["NI","FE"],[0.28616118252018874,0.3793148898372618]]],
			[["L",["NI","FE"],[0.5623246769080468,0.05943140852338591]],["NBFE2",["NI","FE"],[0.28611671412303474,0.3793611043669374]]],
			[["L",["NI","FE"],[0.5612676260815098,0.05925263307459505]],["NBFE2",["NI","FE"],[0.28607224572588086,0.3794073188966127]]],
			[["L",["NI","FE"],[0.5602100334806028,0.05907472411476755]],["NBFE2",["NI","FE"],[0.286027777328727,0.37945353342628807]]],
			[["L",["NI","FE"],[0.5591424604741585,0.058913262374546305]],["NBFE2",["NI","FE"],[0.2859833089315731,0.3794997479559634]]],
			[["L",["NI","FE"],[0.5580673916609626,0.05876415335679752]],["NBFE2",["NI","FE"],[0.28593884053441915,0.37954596248563877]]],
			[["L",["NI","FE"],[0.5569887772812592,0.05862108023266521]],["NBFE2",["NI","FE"],[0.28589437213726526,0.3795921770153141]]],
			[["L",["NI","FE"],[0.5558961258533598,0.058501903467385485]],["NBFE2",["NI","FE"],[0.2858499037401113,0.37963839154498946]]],
			[["L",["NI","FE"],[0.5548034744254604,0.05838272670210576]],["NBFE2",["NI","FE"],[0.28580543534295744,0.3796846060746648]]],
			[["L",["NI","FE"],[0.5536951086486122,0.05829126404043605]],["NBFE2",["NI","FE"],[0.28576096694580355,0.37973082060434016]]],
			[["L",["NI","FE"],[0.552584174648677,0.058204330742404276]],["NBFE2",["NI","FE"],[0.28571649854864967,0.3797770351340155]]],
			[["L",["NI","FE"],[0.5514633234928283,0.05813557480227782]],["NBFE2",["NI","FE"],[0.2856720301514957,0.37982324966369085]]],
			[["L",["NI","FE"],[0.5503341299396589,0.05808210981282402]],["NBFE2",["NI","FE"],[0.2856275617543418,0.3798694641933662]]],
			[["L",["NI","FE"],[0.5492002351458349,0.05803763142158558]],["NBFE2",["NI","FE"],[0.2855830933571879,0.37991567872304155]]],
			[["L",["NI","FE"],[0.5480524287777127,0.058019745527510214]],["NBFE2",["NI","FE"],[0.28553862496003396,0.3799618932527169]]],
			[["L",["NI","FE"],[0.5469046224095903,0.05800185963343485]],["NBFE2",["NI","FE"],[0.2854941565628801,0.38000810778239225]]],
			[["L",["NI","FE"],[0.5457384790504456,0.058020683196702394]],["NBFE2",["NI","FE"],[0.2854496881657262,0.3800543223120676]]],
			[["FE",["NI","FE"],[0.3654910639694016,0.16124106396940152]],["L",["NI","FE"],[0.5445104673281025,0.057540467328102585]],["NBFE2",["NI","FE"],[0.27913740508946194,0.387305405089462]]]],
	"reference": "C-A58757"
}