{
    "components": [
        "FE",
        "NB",
        "NI"
    ],
    "phases": [
        "FE",
        "(NB6.33FE6.67,NB7NI6)"
    ],
    "conditions": {
        "P": [
            101325
        ],
        "T": [
            1523,
            1523,
            1523,
            1523,
            1523,
            1523,
            1523,
            1523,
            1523,
            1523,
            1523,
            1523,
            1523,
            1523,
            1523,
            1523,
            1523,
            1523,
            1523,
            1523,
            1523,
            1523,
            1523,
            1523,
            1523,
            1523,
            1523,
            1523,
            1523,
            1523,
            1523,
            1523,
            1523,
            1523,
            1523,
            1523,
            1523,
            1523,
            1523,
            1523
        ]
    },
    "broadcast_conditions": false,
    "output": "ZPF",
    "values":
			[[["FE",["NI","FE"],[0.01209573824982138,0.49542004989813404]],["(NB6.33FE6.67,NB7NI6)",["NI","FE"],[0.0011131488667939227,0.037794282690421066]]],
			[["FE",["NI","FE"],[0.02422750039045199,0.48406212368707735]],["(NB6.33FE6.67,NB7NI6)",["NI","FE"],[0.0022957899362434087,0.03724605758349764]]],
			[["FE",["NI","FE"],[0.03628579668042442,0.4726175542626675]],["(NB6.33FE6.67,NB7NI6)",["NI","FE"],[0.0022957899362434087,0.03724605758349764]]],
			[["FE",["NI","FE"],[0.04829906110577836,0.4611198757349275]],["(NB6.33FE6.67,NB7NI6)",["NI","FE"],[0.003478431005692839,0.0366978324765741]]],
			[["FE",["NI","FE"],[0.060284957733112654,0.44959200807250843]],["(NB6.33FE6.67,NB7NI6)",["NI","FE"],[0.004661871579410615,0.03609787623409888]]],
			[["FE",["NI","FE"],[0.07217333343335464,0.4379565660849678]],["(NB6.33FE6.67,NB7NI6)",["NI","FE"],[0.0058454245876292665,0.03549064502807575]]],
			[["FE",["NI","FE"],[0.08406170913359662,0.4263211240974274]],["(NB6.33FE6.67,NB7NI6)",["NI","FE"],[0.007028977595847918,0.034883413822052844]]],
			[["FE",["NI","FE"],[0.09584242178092298,0.41457469394585555]],["(NB6.33FE6.67,NB7NI6)",["NI","FE"],[0.008209594978177137,0.034222188279960486]]],
			[["FE",["NI","FE"],[0.10759915214320026,0.4028035408302326]],["(NB6.33FE6.67,NB7NI6)",["NI","FE"],[0.009389817242769216,0.03355369542224573]]],
			[["FE",["NI","FE"],[0.11929853141897037,0.39097718535178994]],["(NB6.33FE6.67,NB7NI6)",["NI","FE"],[0.010569694638723592,0.03288265785764888]]],
			[["FE",["NI","FE"],[0.13091739711725534,0.3790733328286189]],["(NB6.33FE6.67,NB7NI6)",["NI","FE"],[0.011741397529839659,0.032151302489560996]]],
			[["FE",["NI","FE"],[0.14253433492366338,0.36716774964040266]],["(NB6.33FE6.67,NB7NI6)",["NI","FE"],[0.012913100420955614,0.03141994712147289]]],
			[["FE",["NI","FE"],[0.15400821407085002,0.3551337429529784]],["(NB6.33FE6.67,NB7NI6)",["NI","FE"],[0.014079801595655084,0.03066696538635405]]],
			[["FE",["NI","FE"],[0.1654820932180366,0.34309973626555434]],["(NB6.33FE6.67,NB7NI6)",["NI","FE"],[0.015236774701132327,0.029871921531359202]]],
			[["FE",["NI","FE"],[0.17686360375079935,0.330988502629468]],["(NB6.33FE6.67,NB7NI6)",["NI","FE"],[0.016393747806609626,0.029076877676364465]]],
			[["FE",["NI","FE"],[0.1881859578418624,0.3188278098614604]],["(NB6.33FE6.67,NB7NI6)",["NI","FE"],[0.017534227295846028,0.028234106958663352]]],
			[["FE",["NI","FE"],[0.1994757138550935,0.3066417770592331]],["(NB6.33FE6.67,NB7NI6)",["NI","FE"],[0.018669547231528028,0.027376406264387088]]],
			[["FE",["NI","FE"],[0.21063882701359468,0.29435729875082994]],["(NB6.33FE6.67,NB7NI6)",["NI","FE"],[0.01979628281626633,0.026500991393967555]]],
			[["FE",["NI","FE"],[0.22180194017209587,0.28207282044242665]],["(NB6.33FE6.67,NB7NI6)",["NI","FE"],[0.020902113056989025,0.025582437450057283]]],
			[["FE",["NI","FE"],[0.23283251341649153,0.26969274186219705]],["(NB6.33FE6.67,NB7NI6)",["NI","FE"],[0.02200794329771172,0.024663883506147122]]],
			[["FE",["NI","FE"],[0.24382958555815137,0.2572884991307408]],["(NB6.33FE6.67,NB7NI6)",["NI","FE"],[0.0230799601416678,0.023693845034098104]]],
			[["FE",["NI","FE"],[0.2547590075091974,0.24483908046834268]],["(NB6.33FE6.67,NB7NI6)",["NI","FE"],[0.024148678219307163,0.022718783836043865]]],
			[["FE",["NI","FE"],[0.2655825394436652,0.2323189498089353]],["(NB6.33FE6.67,NB7NI6)",["NI","FE"],[0.025190048262685893,0.021712486337208015]]],
			[["FE",["NI","FE"],[0.2764060713781331,0.21979881914952792]],["(NB6.33FE6.67,NB7NI6)",["NI","FE"],[0.026213606337728346,0.020685844414521704]]],
			[["FE",["NI","FE"],[0.2870522889234574,0.20716936495821536]],["(NB6.33FE6.67,NB7NI6)",["NI","FE"],[0.027218322845262544,0.01964302344555091]]],
			[["FE",["NI","FE"],[0.29769473048307127,0.1945375826755602]],["(NB6.33FE6.67,NB7NI6)",["NI","FE"],[0.028189393175268418,0.018571310874897273]]],
			[["FE",["NI","FE"],[0.3082303652880253,0.18184519585276282]],["(NB6.33FE6.67,NB7NI6)",["NI","FE"],[0.029151446259268188,0.01749381537929673]]],
			[["FE",["NI","FE"],[0.3186839899739535,0.16910627465518369]],["(NB6.33FE6.67,NB7NI6)",["NI","FE"],[0.030064748366548433,0.016385054989818792]]],
			[["FE",["NI","FE"],[0.3291083906904097,0.1563521485975221]],["(NB6.33FE6.67,NB7NI6)",["NI","FE"],[0.030978050473828733,0.015276294600340967]]],
			[["FE",["NI","FE"],[0.33936580026312335,0.14351113916907055]],["(NB6.33FE6.67,NB7NI6)",["NI","FE"],[0.031829589612928866,0.014138569712459192]]],
			[["FE",["NI","FE"],[0.34962320983583695,0.13067012974061898]],["(NB6.33FE6.67,NB7NI6)",["NI","FE"],[0.03268000148638078,0.013000316179581528]]],
			[["FE",["NI","FE"],[0.35973198834229136,0.11775851983542784]],["(NB6.33FE6.67,NB7NI6)",["NI","FE"],[0.03347649157631449,0.011844346434249364]]],
			[["FE",["NI","FE"],[0.3697853296278208,0.10482057698164837]],["(NB6.33FE6.67,NB7NI6)",["NI","FE"],[0.03426145202677705,0.01068458858086374]]],
			[["FE",["NI","FE"],[0.37977449315194495,0.09185494518668702]],["(NB6.33FE6.67,NB7NI6)",["NI","FE"],[0.03500163436442405,0.009515313809158044]]],
			[["FE",["NI","FE"],[0.389616259822473,0.0788257202915581]],["(NB6.33FE6.67,NB7NI6)",["NI","FE"],[0.035719793622233986,0.008341358361140028]]],
			[["FE",["NI","FE"],[0.3994580264930011,0.06579649539642884]],["(NB6.33FE6.67,NB7NI6)",["NI","FE"],[0.036404189077263505,0.007163509723674855]]],
			[["FE",["NI","FE"],[0.40910793110551685,0.052692548341852996]],["(NB6.33FE6.67,NB7NI6)",["NI","FE"],[0.03705638892157154,0.005981948719663732]]],
			[["FE",["NI","FE"],[0.4187299921542374,0.039577757396436875]],["(NB6.33FE6.67,NB7NI6)",["NI","FE"],[0.03768639472836338,0.004799671044279252]]],
			[["FE",["NI","FE"],[0.42825260814218485,0.02642826649137242]],["(NB6.33FE6.67,NB7NI6)",["NI","FE"],[0.03827318395170204,0.003615997854978792]]],
			[["FE",["NI","FE"],[0.43764731394657763,0.013234143121171438]],["(NB6.33FE6.67,NB7NI6)",["NI","FE"],[0.03885092910159932,0.002432679703419538]]]],
	"reference": "C-A58757"
}