{
    "components": [
        "FE",
        "NB",
        "NI"
    ],
    "phases": [
        "(FE,NI)",
        "NBNI3",
        "L"
    ],
    "conditions": {
        "P": [
            101325
        ],
        "T": [
            1523,
            1523,
            1523,
            1523,
            1523,
            1523,
            1523,
            1523,
            1523,
            1523,
            1523,
            1523,
            1523,
            1523,
            1523,
            1523,
            1523,
            1523,
            1523,
            1523,
            1523,
            1523,
            1523,
            1523,
            1523,
            1523,
            1523,
            1523,
            1523,
            1523,
            1523,
            1523,
            1523,
            1523,
            1523,
            1523,
            1523,
            1523,
            1523,
            1523,
            1523
        ]
    },
    "broadcast_conditions": false,
    "output": "ZPF",
    "values":
			[[["L",["NI","FE"],[0.6271217018275502,0.24409570182755025]],["(FE,NI)",["NI","FE"],[0.6138609395838963,0.3071209395838963]],["NBNI3",["NI","FE"],[0.7351836843787803,0.035663684378780425]]],
			[["(FE,NI)",["NI","FE"],[0.6219118258806496,0.2979508719587005]],["NBNI3",["NI","FE"],[0.736580181011097,0.035053783236075775]]],
			[["(FE,NI)",["NI","FE"],[0.6286734028617964,0.290689495017898]],["NBNI3",["NI","FE"],[0.737622477717433,0.034257682167390446]]],
			[["(FE,NI)",["NI","FE"],[0.6354056652621032,0.28340479580026723]],["NBNI3",["NI","FE"],[0.737622477717433,0.034257682167390446]]],
			[["(FE,NI)",["NI","FE"],[0.6421313806037434,0.2761148878329204]],["NBNI3",["NI","FE"],[0.7386618738143098,0.03345496037826934]]],
			[["(FE,NI)",["NI","FE"],[0.6488429740315083,0.2688140511356827]],["NBNI3",["NI","FE"],[0.7397002472568415,0.0326499043526296]]],
			[["(FE,NI)",["NI","FE"],[0.6555335592085448,0.2614969564793814]],["NBNI3",["NI","FE"],[0.7407373827319106,0.031842167492043494]]],
			[["(FE,NI)",["NI","FE"],[0.6622241443855814,0.25417986182308006]],["NBNI3",["NI","FE"],[0.7417714807457781,0.031027852968970482]]],
			[["(FE,NI)",["NI","FE"],[0.668880762502018,0.24683717917626402]],["NBNI3",["NI","FE"],[0.7428055787596458,0.03021353844589736]]],
			[["(FE,NI)",["NI","FE"],[0.6755368693452654,0.23949411137826637]],["NBNI3",["NI","FE"],[0.743835544522445,0.029390753415272974]]],
			[["(FE,NI)",["NI","FE"],[0.682173883011995,0.23213703258578433]],["NBNI3",["NI","FE"],[0.7448647912607237,0.02856649449002535]]],
			[["(FE,NI)",["NI","FE"],[0.6887963090358956,0.2247692490589155]],["NBNI3",["NI","FE"],[0.7458919481096876,0.027738181819072727]]],
			[["(FE,NI)",["NI","FE"],[0.695413888686504,0.21739799871737275]],["NBNI3",["NI","FE"],[0.7469162653370459,0.02690436115120931]]],
			[["(FE,NI)",["NI","FE"],[0.7020033575421766,0.21000663954175658]],["NBNI3",["NI","FE"],[0.7479405546991535,0.0260704892531205]]],
			[["(FE,NI)",["NI","FE"],[0.7085928263978492,0.2026152803661403]],["NBNI3",["NI","FE"],[0.7489597158758825,0.025227189193214872]]],
			[["(FE,NI)",["NI","FE"],[0.7151590527907515,0.19520770162474899]],["NBNI3",["NI","FE"],[0.7499788770526113,0.024383889133309467]]],
			[["(FE,NI)",["NI","FE"],[0.7217164892240198,0.1877939888806981]],["NBNI3",["NI","FE"],[0.7509944879703673,0.023534415181869717]]],
			[["(FE,NI)",["NI","FE"],[0.7282644536792146,0.18037382333749086]],["NBNI3",["NI","FE"],[0.7520076892347543,0.02268075084920762]]],
			[["(FE,NI)",["NI","FE"],[0.7347905583416952,0.17293876577797074]],["NBNI3",["NI","FE"],[0.7530197605971038,0.02182522856935254]]],
			[["(FE,NI)",["NI","FE"],[0.7413166630041756,0.16550370821845073]],["NBNI3",["NI","FE"],[0.7540270992936944,0.020961924160805]]],
			[["(FE,NI)",["NI","FE"],[0.7478161466106675,0.15805093356929045]],["NBNI3",["NI","FE"],[0.755034437990285,0.020098619752257463]]],
			[["(FE,NI)",["NI","FE"],[0.7543119118991695,0.15059568427099657]],["NBNI3",["NI","FE"],[0.7560366040383691,0.01922726785818929]]],
			[["(FE,NI)",["NI","FE"],[0.7607943960138793,0.14313179339827198]],["NBNI3",["NI","FE"],[0.7570374419418364,0.018353849667801292]]],
			[["(FE,NI)",["NI","FE"],[0.7672606911717632,0.1356573689629602]],["NBNI3",["NI","FE"],[0.7580355528409533,0.017476421632696693]]],
			[["(FE,NI)",["NI","FE"],[0.7737263541583155,0.12818254210545477]],["NBNI3",["NI","FE"],[0.7590296286678729,0.016593060342323662]]],
			[["(FE,NI)",["NI","FE"],[0.7801640398118728,0.12068990567772642]],["NBNI3",["NI","FE"],[0.7600235992357262,0.015709552700635787]]],
			[["(FE,NI)",["NI","FE"],[0.7866017254654301,0.11319726924999796]],["NBNI3",["NI","FE"],[0.7610106186743668,0.014816380267757556]]],
			[["(FE,NI)",["NI","FE"],[0.7930231026488762,0.10569446853102693]],["NBNI3",["NI","FE"],[0.7619976381130074,0.013923207834879547]]],
			[["(FE,NI)",["NI","FE"],[0.7994332336207765,0.09818465858502512]],["NBNI3",["NI","FE"],[0.7629798163440996,0.013023677563398506]]],
			[["(FE,NI)",["NI","FE"],[0.8058391145773264,0.09067225323540828]],["NBNI3",["NI","FE"],[0.7639591259501881,0.012120379997373698]]],
			[["(FE,NI)",["NI","FE"],[0.8122226270844726,0.08314618789879069]],["NBNI3",["NI","FE"],[0.7649364899688542,0.01121467164535872]]],
			[["(FE,NI)",["NI","FE"],[0.8186061395916189,0.0756201225621731]],["NBNI3",["NI","FE"],[0.765907790934276,0.010301450537221424]]],
			[["(FE,NI)",["NI","FE"],[0.8249710581739218,0.06808292310538522]],["NBNI3",["NI","FE"],[0.7668790918996977,0.009388229429084238]]],
			[["(FE,NI)",["NI","FE"],[0.8313289471397749,0.06054151428478849]],["NBNI3",["NI","FE"],[0.7678433081487458,0.008466722282933548]]],
			[["(FE,NI)",["NI","FE"],[0.8376797160899007,0.05299592164464606]],["NBNI3",["NI","FE"],[0.7688063440206089,0.007543834608655486]]],
			[["(FE,NI)",["NI","FE"],[0.8440130406885509,0.045440078462726574]],["NBNI3",["NI","FE"],[0.7697653736685511,0.006616522663489666]]],
			[["(FE,NI)",["NI","FE"],[0.850346365287201,0.0378842352808072]],["NBNI3",["NI","FE"],[0.7707198861298683,0.005684222166092212]]],
			[["(FE,NI)",["NI","FE"],[0.8566595870888305,0.03031679134284948]],["NBNI3",["NI","FE"],[0.7716736724990487,0.004751165427107629]]],
			[["(FE,NI)",["NI","FE"],[0.8629693202979185,0.02274733423672648]],["NBNI3",["NI","FE"],[0.7726189579368679,0.0038092547734477344]]],
			[["(FE,NI)",["NI","FE"],[0.8692697427676472,0.015172596611990885]],["NBNI3",["NI","FE"],[0.7735642433746869,0.0028673441197880623]]],
			[["(FE,NI)",["NI","FE"],[0.875556920287217,0.007590347209388781]],["NBNI3",["NI","FE"],[0.7745030186696822,0.0019190475134269747]]]],
	"reference": "C-A58757"
}