{
    "components": [
        "FE",
        "NB",
        "NI"
    ],
    "phases": [
        "NBNI3",
        "L",
        "NBFE2"
    ],
    "conditions": {
        "P": [
            101325
        ],
        "T": [
            1523,
            1523,
            1523,
            1523,
            1523,
            1523,
            1523,
            1523,
            1523,
            1523,
            1523,
            1523,
            1523,
            1523,
            1523,
            1523,
            1523,
            1523,
            1523,
            1523,
            1523,
            1523,
            1523,
            1523,
            1523,
            1523,
            1523,
            1523,
            1523,
            1523,
            1523,
            1523,
            1523,
            1523,
            1523,
            1523,
            1523,
            1523,
            1523,
            1523,
            1523
        ]
    },
    "broadcast_conditions": false,
    "output": "ZPF",
    "values":
			[[["L",["NI","FE"],[0.5874577490782454,0.06671174907824551]],["NBNI3",["NI","FE"],[0.7159950256470407,0.028121025647040443]],["NBFE2",["NI","FE"],[0.2874751030218261,0.3784631030218262]]],
			[["NBNI3",["NI","FE"],[0.7164589964954821,0.027033094056457818]],["L",["NI","FE"],[0.5892278116497207,0.06440083603996449]]],
			[["NBNI3",["NI","FE"],[0.7170415484677508,0.02635774358970222]],["L",["NI","FE"],[0.5901554374883546,0.06279148626884257]]],
			[["NBNI3",["NI","FE"],[0.7176241004400196,0.025682393122946623]],["L",["NI","FE"],[0.5901554374883546,0.06279148626884257]]],
			[["NBNI3",["NI","FE"],[0.7182066524122884,0.025007042656190914]],["L",["NI","FE"],[0.5910830633269888,0.06118213649772042]]],
			[["NBNI3",["NI","FE"],[0.7187892043845572,0.024331692189435317]],["L",["NI","FE"],[0.5920106891656227,0.05957278672659849]]],
			[["NBNI3",["NI","FE"],[0.7193717563568259,0.02365634172267983]],["L",["NI","FE"],[0.5929383150042569,0.057963436955476344]]],
			[["NBNI3",["NI","FE"],[0.7199543083290948,0.02298099125592401]],["L",["NI","FE"],[0.5938659408428909,0.056354087184354196]]],
			[["NBNI3",["NI","FE"],[0.7205368603013635,0.022305640789168524]],["L",["NI","FE"],[0.5947935666815248,0.05474473741323238]]],
			[["NBNI3",["NI","FE"],[0.7211194122736323,0.021630290322412926]],["L",["NI","FE"],[0.595721192520159,0.05313538764211023]]],
			[["NBNI3",["NI","FE"],[0.7217019642459012,0.020954939855657218]],["L",["NI","FE"],[0.5966488183587929,0.051526037870988306]]],
			[["NBNI3",["NI","FE"],[0.7222845162181699,0.02027958938890162]],["L",["NI","FE"],[0.5975764441974271,0.04991668809986605]]],
			[["NBNI3",["NI","FE"],[0.7228670681904387,0.019604238922146133]],["L",["NI","FE"],[0.5985040700360611,0.04830733832874401]]],
			[["NBNI3",["NI","FE"],[0.7234496201627074,0.018928888455390536]],["L",["NI","FE"],[0.599431695874695,0.04669798855762208]]],
			[["NBNI3",["NI","FE"],[0.7240321721349763,0.018253537988634827]],["L",["NI","FE"],[0.6003593217133292,0.045088638786499935]]],
			[["NBNI3",["NI","FE"],[0.724614724107245,0.01757818752187923]],["L",["NI","FE"],[0.6012869475519633,0.0434792890153779]]],
			[["NBNI3",["NI","FE"],[0.7251972760795138,0.016902837055123632]],["L",["NI","FE"],[0.6022145733905973,0.04186993924425586]]],
			[["NBNI3",["NI","FE"],[0.7257798280517826,0.016227486588368034]],["L",["NI","FE"],[0.6031421992292314,0.04026058947313371]]],
			[["NBNI3",["NI","FE"],[0.7263623800240513,0.015552136121612548]],["L",["NI","FE"],[0.6040698250678653,0.038651239702011786]]],
			[["NBNI3",["NI","FE"],[0.7269449319963202,0.014876785654856839]],["L",["NI","FE"],[0.6049974509064995,0.03704188993088975]]],
			[["NBNI3",["NI","FE"],[0.727527483968589,0.014201435188101241]],["L",["NI","FE"],[0.6059250767451335,0.0354325401597676]]],
			[["NBNI3",["NI","FE"],[0.7281100359408577,0.013526084721345755]],["L",["NI","FE"],[0.6068527025837676,0.03382319038864556]]],
			[["NBNI3",["NI","FE"],[0.7286925879131265,0.012850734254590046]],["L",["NI","FE"],[0.6077803284224016,0.032213840617523526]]],
			[["NBNI3",["NI","FE"],[0.7292751398853954,0.012175383787834448]],["L",["NI","FE"],[0.6087079542610355,0.0306044908464016]]],
			[["NBNI3",["NI","FE"],[0.729857691857664,0.01150003332107885]],["L",["NI","FE"],[0.6096355800996697,0.02899514107527945]]],
			[["NBNI3",["NI","FE"],[0.7304402438299329,0.010824682854323253]],["L",["NI","FE"],[0.6105632059383037,0.027385791304157414]]],
			[["NBNI3",["NI","FE"],[0.7310227958022018,0.010149332387567545]],["L",["NI","FE"],[0.6114908317769377,0.025776441533035377]]],
			[["NBNI3",["NI","FE"],[0.7316053477744704,0.009473981920812058]],["L",["NI","FE"],[0.6124184576155718,0.02416709176191323]]],
			[["NBNI3",["NI","FE"],[0.7321878997467393,0.00879863145405646]],["L",["NI","FE"],[0.6133460834542059,0.02255774199079119]]],
			[["NBNI3",["NI","FE"],[0.732770451719008,0.008123280987300863]],["L",["NI","FE"],[0.6142737092928399,0.020948392219669265]]],
			[["NBNI3",["NI","FE"],[0.7333530036912768,0.007447930520545265]],["L",["NI","FE"],[0.615201335131474,0.019339042448547117]]],
			[["NBNI3",["NI","FE"],[0.7339355556635456,0.006772580053789556]],["L",["NI","FE"],[0.6161289609701079,0.01772969267742508]]],
			[["NBNI3",["NI","FE"],[0.7345181076358144,0.00609722958703407]],["L",["NI","FE"],[0.6170565868087421,0.016120342906303042]]],
			[["NBNI3",["NI","FE"],[0.7351006596080832,0.00542187912027825]],["L",["NI","FE"],[0.6179842126473761,0.014510993135181005]]],
			[["NBNI3",["NI","FE"],[0.735683211580352,0.0047465286535227635]],["L",["NI","FE"],[0.6189118384860102,0.012901643364058857]]],
			[["NBNI3",["NI","FE"],[0.7362657635526207,0.004071178186767166]],["L",["NI","FE"],[0.6198394643246442,0.01129229359293693]]],
			[["NBNI3",["NI","FE"],[0.7368483155248896,0.0033958277200114573]],["L",["NI","FE"],[0.6207670901632782,0.009682943821814893]]],
			[["NBNI3",["NI","FE"],[0.7374308674971582,0.0027204772532560817]],["L",["NI","FE"],[0.6216947160019123,0.008073594050692745]]],
			[["NBNI3",["NI","FE"],[0.7380134194694271,0.002045126786500373]],["L",["NI","FE"],[0.6226223418405463,0.006464244279570708]]],
			[["NBNI3",["NI","FE"],[0.7385959714416959,0.0013697763197447754]],["L",["NI","FE"],[0.6235499676791804,0.0048548945084486705]]],
			[["NBNI3",["NI","FE"],[0.7391785234139646,0.0006944258529891778]],["L",["NI","FE"],[0.6244775935178145,0.0032455447373265223]]]],
	"reference": "C-A58757"
}