{
    "components": [
        "FE",
        "NB",
        "NI"
    ],
    "phases": [
        "L",
        "FE",
        "NBFE2"
    ],
    "conditions": {
        "P": [
            101325
        ],
        "T": [
            1523,
            1523,
            1523,
            1523,
            1523,
            1523,
            1523,
            1523,
            1523,
            1523,
            1523,
            1523,
            1523,
            1523,
            1523,
            1523,
            1523,
            1523,
            1523,
            1523,
            1523,
            1523,
            1523,
            1523,
            1523,
            1523,
            1523,
            1523,
            1523,
            1523,
            1523,
            1523,
            1523,
            1523,
            1523,
            1523,
            1523,
            1523,
            1523,
            1523,
            1523
        ]
    },
    "broadcast_conditions": false,
    "output": "ZPF",
    "values":
			[[["FE",["NI","FE"],[0.3654910639694016,0.16124106396940152]],["L",["NI","FE"],[0.5445104673281025,0.057540467328102585]],["NBFE2",["NI","FE"],[0.27913740508946194,0.387305405089462]]],
			[["L",["NI","FE"],[0.5440653076060442,0.055986868581654026]],["FE",["NI","FE"],[0.3699646195405432,0.15616924877070582]]],
			[["L",["NI","FE"],[0.5441108866844631,0.05458800863568247]],["FE",["NI","FE"],[0.37294606701780675,0.15240132547813223]]],
			[["L",["NI","FE"],[0.5441564657628818,0.05318914868971103]],["FE",["NI","FE"],[0.37294606701780675,0.15240132547813223]]],
			[["L",["NI","FE"],[0.5442020448413005,0.05179028874373959]],["FE",["NI","FE"],[0.37588698371800955,0.1486145995495487]]],
			[["L",["NI","FE"],[0.5442476239197193,0.050391428797768145]],["FE",["NI","FE"],[0.37881951278540715,0.14482398251356332]]],
			[["L",["NI","FE"],[0.5442932029981381,0.04899256885179648]],["FE",["NI","FE"],[0.38173757609105374,0.1410271635609106]]],
			[["L",["NI","FE"],[0.5443387820765568,0.04759370890582515]],["FE",["NI","FE"],[0.38461962681605827,0.13721490490809085]]],
			[["L",["NI","FE"],[0.5443843611549756,0.046194848959853596]],["FE",["NI","FE"],[0.3875016775410629,0.1334026462552711]]],
			[["L",["NI","FE"],[0.5444299402333944,0.04479598901388204]],["FE",["NI","FE"],[0.390343586882983,0.12957455696581532]]],
			[["L",["NI","FE"],[0.5444755193118131,0.04339712906791071]],["FE",["NI","FE"],[0.39317302336998805,0.12574154873189858]]],
			[["L",["NI","FE"],[0.5445210983902319,0.04199826912193916]],["FE",["NI","FE"],[0.3959885211189038,0.12190351155385182]]],
			[["L",["NI","FE"],[0.5445666774686507,0.040599409175967605]],["FE",["NI","FE"],[0.3987637108497689,0.11805093168410186]]],
			[["L",["NI","FE"],[0.5446122565470695,0.03920054922999627]],["FE",["NI","FE"],[0.401538900580634,0.1141983518143519]]],
			[["L",["NI","FE"],[0.5446578356254881,0.03780168928402483]],["FE",["NI","FE"],[0.4042712860019899,0.11033172538171643]]],
			[["L",["NI","FE"],[0.5447034147039069,0.03640282933805328]],["FE",["NI","FE"],[0.40699076493849784,0.1064608635869615]]],
			[["L",["NI","FE"],[0.5447489937823258,0.035003969392081835]],["FE",["NI","FE"],[0.40969311795748237,0.10258492743002323]]],
			[["L",["NI","FE"],[0.5447945728607444,0.03360510944611039]],["FE",["NI","FE"],[0.4123547835557735,0.09869693570242033]]],
			[["L",["NI","FE"],[0.5448401519391632,0.03220624950013884]],["FE",["NI","FE"],[0.41501644915406455,0.09480894397481732]]],
			[["L",["NI","FE"],[0.5448857310175821,0.030807389554167286]],["FE",["NI","FE"],[0.4176283617842708,0.0909077588826217]]],
			[["L",["NI","FE"],[0.5449313100960007,0.029408529608195955]],["FE",["NI","FE"],[0.42023077019720007,0.08700405348644158]]],
			[["L",["NI","FE"],[0.5449768891744194,0.028009669662224512]],["FE",["NI","FE"],[0.42280885257285067,0.08309463524007832]]],
			[["L",["NI","FE"],[0.5450224682528382,0.02661080971625307]],["FE",["NI","FE"],[0.42535022037173026,0.07917659475597771]]],
			[["L",["NI","FE"],[0.545068047331257,0.025211949770281405]],["FE",["NI","FE"],[0.4278915881706099,0.07525855427187689]]],
			[["L",["NI","FE"],[0.5451136264096758,0.023813089824310074]],["FE",["NI","FE"],[0.43037157660136943,0.07132792496212681]]],
			[["L",["NI","FE"],[0.5451592054880945,0.02241422987833852]],["FE",["NI","FE"],[0.43284979586955236,0.06739693279951764]]],
			[["L",["NI","FE"],[0.5452047845665133,0.021015369932366967]],["FE",["NI","FE"],[0.4352918657941261,0.06345957943306524]]],
			[["L",["NI","FE"],[0.5452503636449321,0.019616509986395636]],["FE",["NI","FE"],[0.43770540500436417,0.05951720551377415]]],
			[["L",["NI","FE"],[0.5452959427233508,0.018217650040424083]],["FE",["NI","FE"],[0.44010845242551394,0.055573283381631366]]],
			[["L",["NI","FE"],[0.5453415218017695,0.01681879009445275]],["FE",["NI","FE"],[0.44245584337147303,0.05162114834419185]]],
			[["L",["NI","FE"],[0.5453871008801884,0.015419930148481087]],["FE",["NI","FE"],[0.4448032343174321,0.04766901330675244]]],
			[["L",["NI","FE"],[0.5454326799586071,0.014021070202509645]],["FE",["NI","FE"],[0.4470979986018403,0.04371057796931799]]],
			[["L",["NI","FE"],[0.5454782590370258,0.012622210256538202]],["FE",["NI","FE"],[0.44937714329655093,0.03975027270325815]]],
			[["L",["NI","FE"],[0.5455238381154447,0.011223350310566649]],["FE",["NI","FE"],[0.4516286425859934,0.0357874149863564]]],
			[["L",["NI","FE"],[0.5455694171938634,0.009824490364595206]],["FE",["NI","FE"],[0.45383773461329985,0.03182064188276024]]],
			[["L",["NI","FE"],[0.5456149962722822,0.008425630418623764]],["FE",["NI","FE"],[0.4560447600635834,0.027853733359988087]]],
			[["L",["NI","FE"],[0.545660575350701,0.0070267704726521]],["FE",["NI","FE"],[0.45818253417910404,0.023882286918426643]]],
			[["L",["NI","FE"],[0.5457061544291197,0.005627910526680768]],["FE",["NI","FE"],[0.4603203082946247,0.01991084047686531]]],
			[["L",["NI","FE"],[0.5457517335075385,0.004229050580709215]],["FE",["NI","FE"],[0.46240888529469154,0.015937461462303792]]],
			[["L",["NI","FE"],[0.5457973125859572,0.0028301906347378836]],["FE",["NI","FE"],[0.46447357922477495,0.011963144267205017]]],
			[["L",["NI","FE"],[0.545842891664376,0.0014313306887662192]],["FE",["NI","FE"],[0.46651388354998563,0.007988498205022676]]]],
	"reference": "C-A58757"
}