{
    "components": [
        "CR",
        "FE",
        "MO"
    ],
    "phases": [
        "(CR,MO,FERT)",
        "(CR0.48FE0.52HT,MO0.5FE0.5HT)",
        "MO0.38FE0.62HT"
    ],
    "conditions": {
        "P": [
            101325
        ],
        "T": [
            1523,
            1523,
            1523,
            1523,
            1523,
            1523,
            1523,
            1523,
            1523,
            1523,
            1523,
            1523,
            1523,
            1523,
            1523,
            1523,
            1523,
            1523,
            1523,
            1523,
            1523,
            1523,
            1523,
            1523,
            1523,
            1523,
            1523,
            1523,
            1523,
            1523,
            1523,
            1523,
            1523,
            1523,
            1523,
            1523,
            1523,
            1523,
            1523,
            1523,
            1523
        ]
    },
    "broadcast_conditions": false,
    "output": "ZPF",
    "values":
			[[["(CR,MO,FERT)",["MO","CR"],[0.10617252365533164,0.11272452365533159]],["MO0.38FE0.62HT",["MO","CR"],[0.332822912496452,0.09858291249645201]],["(CR0.48FE0.52HT,MO0.5FE0.5HT)",["MO","CR"],[0.1884623008672076,0.16560630086720762]]],
			[["(CR,MO,FERT)",["MO","CR"],[0.10028038510854531,0.1462526491401025]],["(CR0.48FE0.52HT,MO0.5FE0.5HT)",["MO","CR"],[0.17284386921296768,0.18838093232670206]]],
			[["(CR,MO,FERT)",["MO","CR"],[0.09425688098438234,0.17881354142640382]],["(CR0.48FE0.52HT,MO0.5FE0.5HT)",["MO","CR"],[0.16028918882780563,0.2112264486605555]]],
			[["(CR,MO,FERT)",["MO","CR"],[0.08908396100566535,0.21107153038587434]],["(CR0.48FE0.52HT,MO0.5FE0.5HT)",["MO","CR"],[0.16028918882780563,0.2112264486605555]]],
			[["(CR,MO,FERT)",["MO","CR"],[0.0843314276288969,0.24316833729092346]],["(CR0.48FE0.52HT,MO0.5FE0.5HT)",["MO","CR"],[0.14999221189688666,0.23407440908459387]]],
			[["(CR,MO,FERT)",["MO","CR"],[0.08025962213114973,0.2750041436846957]],["(CR0.48FE0.52HT,MO0.5FE0.5HT)",["MO","CR"],[0.14171389095192977,0.2566881710631319]]],
			[["(CR,MO,FERT)",["MO","CR"],[0.07703495337853,0.30649018773421144]],["(CR0.48FE0.52HT,MO0.5FE0.5HT)",["MO","CR"],[0.1351605540233235,0.27894825232710396]]],
			[["(CR,MO,FERT)",["MO","CR"],[0.07432705817321739,0.3377578623413753]],["(CR0.48FE0.52HT,MO0.5FE0.5HT)",["MO","CR"],[0.1301128997955034,0.30079556928738094]]],
			[["(CR,MO,FERT)",["MO","CR"],[0.07279734065435756,0.3685012789461757]],["(CR0.48FE0.52HT,MO0.5FE0.5HT)",["MO","CR"],[0.12639698473284855,0.3222016937149331]]],
			[["(CR,MO,FERT)",["MO","CR"],[0.07219912383644134,0.39879729622646354]],["(CR0.48FE0.52HT,MO0.5FE0.5HT)",["MO","CR"],[0.1238860204209189,0.3431491023308243]]],
			[["(CR,MO,FERT)",["MO","CR"],[0.0725405919523455,0.42862674446096727]],["(CR0.48FE0.52HT,MO0.5FE0.5HT)",["MO","CR"],[0.12249166593761135,0.36362185379820766]]],
			[["(CR,MO,FERT)",["MO","CR"],[0.07415670720084111,0.4577938446491737]],["(CR0.48FE0.52HT,MO0.5FE0.5HT)",["MO","CR"],[0.12216422057722967,0.3835966633903749]]],
			[["(CR,MO,FERT)",["MO","CR"],[0.07751970341854655,0.48597565629024353]],["(CR0.48FE0.52HT,MO0.5FE0.5HT)",["MO","CR"],[0.12289293216626196,0.4030357946523596]]],
			[["(CR,MO,FERT)",["MO","CR"],[0.08254519212162739,0.513141733758941]],["(CR0.48FE0.52HT,MO0.5FE0.5HT)",["MO","CR"],[0.12471529609638538,0.421875013861271]]],
			[["(CR,MO,FERT)",["MO","CR"],[0.08961686760140608,0.5389633816261646]],["(CR0.48FE0.52HT,MO0.5FE0.5HT)",["MO","CR"],[0.12773819052625782,0.4400024339513102]]],
			[["(CR,MO,FERT)",["MO","CR"],[0.09921602993431469,0.5629707505173875]],["(CR0.48FE0.52HT,MO0.5FE0.5HT)",["MO","CR"],[0.13218501615635733,0.4572127250758511]]],
			[["(CR,MO,FERT)",["MO","CR"],[0.11192573251529717,0.5844962223576959]],["(CR0.48FE0.52HT,MO0.5FE0.5HT)",["MO","CR"],[0.1390234791288604,0.472680139422447]]],
			[["(CR,MO,FERT)",["MO","CR"],[0.1284065815646288,0.6026088935643673]],["(CR0.48FE0.52HT,MO0.5FE0.5HT)",["MO","CR"],[0.15070188895495512,0.48370890334485894]]],
			[["(CR,MO,FERT)",["MO","CR"],[0.14993279597357528,0.6152661370394922]],["(CR0.48FE0.52HT,MO0.5FE0.5HT)",["MO","CR"],[0.16725270503485637,0.48902825302577146]]],
			[["(CR,MO,FERT)",["MO","CR"],[0.176642413926871,0.6208646993184698]],["(CR0.48FE0.52HT,MO0.5FE0.5HT)",["MO","CR"],[0.1873853148396358,0.4882024932245157]]],
			[["(CR,MO,FERT)",["MO","CR"],[0.20782961104481118,0.6180185006171328]],["(CR0.48FE0.52HT,MO0.5FE0.5HT)",["MO","CR"],[0.20987654904707093,0.4797042496875552]]],
			[["(CR,MO,FERT)",["MO","CR"],[0.24183552013026544,0.6062702680509704]],["(CR0.48FE0.52HT,MO0.5FE0.5HT)",["MO","CR"],[0.23239284531224136,0.4654907264276611]]],
			[["(CR,MO,FERT)",["MO","CR"],[0.2763159279068088,0.587366481912952]],["(CR0.48FE0.52HT,MO0.5FE0.5HT)",["MO","CR"],[0.2536764889617019,0.44769361081957104]]],
			[["(CR,MO,FERT)",["MO","CR"],[0.3099105371096412,0.5634134149837323]],["(CR0.48FE0.52HT,MO0.5FE0.5HT)",["MO","CR"],[0.27343187975056205,0.4278550511248864]]],
			[["(CR,MO,FERT)",["MO","CR"],[0.34226249993819285,0.5365653812528783]],["(CR0.48FE0.52HT,MO0.5FE0.5HT)",["MO","CR"],[0.2918792289609796,0.40694036717397875]]],
			[["(CR,MO,FERT)",["MO","CR"],[0.3734133739444317,0.5078730954323951]],["(CR0.48FE0.52HT,MO0.5FE0.5HT)",["MO","CR"],[0.3093835078675063,0.3854520757161015]]],
			[["(CR,MO,FERT)",["MO","CR"],[0.40356904625348994,0.4780243723887725]],["(CR0.48FE0.52HT,MO0.5FE0.5HT)",["MO","CR"],[0.326168928492839,0.3635879382751601]]],
			[["(CR,MO,FERT)",["MO","CR"],[0.4329631136774692,0.4474450024498541]],["(CR0.48FE0.52HT,MO0.5FE0.5HT)",["MO","CR"],[0.3419021478129941,0.3413348685866501]]],
			[["(CR,MO,FERT)",["MO","CR"],[0.461797785994748,0.41639382990723295]],["(CR0.48FE0.52HT,MO0.5FE0.5HT)",["MO","CR"],[0.3574400636122134,0.3190188856814147]]],
			[["(CR,MO,FERT)",["MO","CR"],[0.49022565471143975,0.3850270106342072]],["(CR0.48FE0.52HT,MO0.5FE0.5HT)",["MO","CR"],[0.37206603123092463,0.29646277517634]]],
			[["(CR,MO,FERT)",["MO","CR"],[0.5183529985126635,0.3534393750902939]],["(CR0.48FE0.52HT,MO0.5FE0.5HT)",["MO","CR"],[0.3866919988496359,0.27390666467126534]]],
			[["(CR,MO,FERT)",["MO","CR"],[0.5461264710059147,0.32160982338722943]],["(CR0.48FE0.52HT,MO0.5FE0.5HT)",["MO","CR"],[0.4004869144386546,0.25119649583238113]]],
			[["(CR,MO,FERT)",["MO","CR"],[0.5737442260144874,0.2896798356153547]],["(CR0.48FE0.52HT,MO0.5FE0.5HT)",["MO","CR"],[0.41425666857197446,0.22848166262616165]]],
			[["(CR,MO,FERT)",["MO","CR"],[0.6012403791573402,0.25767141597452137]],["(CR0.48FE0.52HT,MO0.5FE0.5HT)",["MO","CR"],[0.4276371106816139,0.20571782064973942]]],
			[["(CR,MO,FERT)",["MO","CR"],[0.6285570481911917,0.22555194395307665]],["(CR0.48FE0.52HT,MO0.5FE0.5HT)",["MO","CR"],[0.44067188667891644,0.18291046429401192]]],
			[["(CR,MO,FERT)",["MO","CR"],[0.6558401562173237,0.19341203844371924]],["(CR0.48FE0.52HT,MO0.5FE0.5HT)",["MO","CR"],[0.45370666267621895,0.16010310793828442]]],
			[["(CR,MO,FERT)",["MO","CR"],[0.6830197752545952,0.16120986236423385]],["(CR0.48FE0.52HT,MO0.5FE0.5HT)",["MO","CR"],[0.46627391046006517,0.13725880161683301]]],
			[["(CR,MO,FERT)",["MO","CR"],[0.7101831807653893,0.1289980903946234]],["(CR0.48FE0.52HT,MO0.5FE0.5HT)",["MO","CR"],[0.47867537556265194,0.11440139306066321]]],
			[["(CR,MO,FERT)",["MO","CR"],[0.7372980253663654,0.09675757790668138]],["(CR0.48FE0.52HT,MO0.5FE0.5HT)",["MO","CR"],[0.49107684066523877,0.09154398450449341]]],
			[["(CR,MO,FERT)",["MO","CR"],[0.7644092618874216,0.06451494554330472]],["(CR0.48FE0.52HT,MO0.5FE0.5HT)",["MO","CR"],[0.5031652688325646,0.06867367160154114]]],
			[["(CR,MO,FERT)",["MO","CR"],[0.791505886101019,0.03226372792896104]],["(CR0.48FE0.52HT,MO0.5FE0.5HT)",["MO","CR"],[0.5150180424459572,0.04579364429194155]]]],
	"reference": "C-A58757"
}