{
    "components": [
        "CR",
        "FE",
        "MO"
    ],
    "phases": [
        "MO0.38FE0.62HT",
        "(CR0.48FE0.52HT,MO0.5FE0.5HT)",
        "MO5.1FE7.9RT",
        "(CR,MO,FERT)"
    ],
    "conditions": {
        "P": [
            101325
        ],
        "T": [
            1523,
            1523,
            1523,
            1523,
            1523,
            1523,
            1523,
            1523,
            1523,
            1523,
            1523,
            1523,
            1523,
            1523,
            1523,
            1523,
            1523,
            1523,
            1523,
            1523,
            1523,
            1523,
            1523,
            1523,
            1523,
            1523,
            1523,
            1523,
            1523,
            1523,
            1523,
            1523,
            1523,
            1523,
            1523,
            1523,
            1523,
            1523,
            1523,
            1523,
            1523,
            1523
        ]
    },
    "broadcast_conditions": false,
    "output": "ZPF",
    "values":
			[[["MO0.38FE0.62HT",["MO","CR"],[0.3789844811780858,0.11883048117808581]],["(CR0.48FE0.52HT,MO0.5FE0.5HT)",["MO","CR"],[0.4535888718614662,0.08104487186146625]],["MO5.1FE7.9RT",["MO","CR"],[0.4278889000808303,0.03176090008083032]]],
			[["MO0.38FE0.62HT",["MO","CR"],[0.3774544936376044,0.12114215098870595]],["(CR0.48FE0.52HT,MO0.5FE0.5HT)",["MO","CR"],[0.4474406976390677,0.08924524113700993]]],
			[["MO0.38FE0.62HT",["MO","CR"],[0.3757541211257186,0.1231034358279216]],["(CR0.48FE0.52HT,MO0.5FE0.5HT)",["MO","CR"],[0.4424526507484337,0.09642173774431795]]],
			[["MO0.38FE0.62HT",["MO","CR"],[0.37393520159839594,0.12497156659072006]],["(CR0.48FE0.52HT,MO0.5FE0.5HT)",["MO","CR"],[0.4424526507484337,0.09642173774431795]]],
			[["MO0.38FE0.62HT",["MO","CR"],[0.3721071954148064,0.1268325570719252]],["(CR0.48FE0.52HT,MO0.5FE0.5HT)",["MO","CR"],[0.43701131349180566,0.10342670948761423]]],
			[["MO0.38FE0.62HT",["MO","CR"],[0.37015288490376647,0.12854224259946534]],["(CR0.48FE0.52HT,MO0.5FE0.5HT)",["MO","CR"],[0.4315342411424753,0.11041815908842523]]],
			[["MO0.38FE0.62HT",["MO","CR"],[0.3681738481866608,0.13020360079396465]],["(CR0.48FE0.52HT,MO0.5FE0.5HT)",["MO","CR"],[0.4255753798429307,0.11712656699456514]]],
			[["MO0.38FE0.62HT",["MO","CR"],[0.36610352962300186,0.13167272534498087]],["(CR0.48FE0.52HT,MO0.5FE0.5HT)",["MO","CR"],[0.4195429967344542,0.12378491579975925]]],
			[["MO0.38FE0.62HT",["MO","CR"],[0.3640019106410729,0.13296260690632444]],["(CR0.48FE0.52HT,MO0.5FE0.5HT)",["MO","CR"],[0.41300371850482054,0.12997249835589209]]],
			[["MO0.38FE0.62HT",["MO","CR"],[0.36187342564302233,0.1340986392440342]],["(CR0.48FE0.52HT,MO0.5FE0.5HT)",["MO","CR"],[0.4063342826380321,0.13595729861506545]]],
			[["MO0.38FE0.62HT",["MO","CR"],[0.35977799664592636,0.13481948667127275]],["(CR0.48FE0.52HT,MO0.5FE0.5HT)",["MO","CR"],[0.3993534647491871,0.141456973582748]]],
			[["MO0.38FE0.62HT",["MO","CR"],[0.35774540653393927,0.13532349257085008]],["(CR0.48FE0.52HT,MO0.5FE0.5HT)",["MO","CR"],[0.3921988784716245,0.14642880823765725]]],
			[["MO0.38FE0.62HT",["MO","CR"],[0.35578844226455947,0.1355734774801427]],["(CR0.48FE0.52HT,MO0.5FE0.5HT)",["MO","CR"],[0.38493574938036457,0.15107093233270064]]],
			[["MO0.38FE0.62HT",["MO","CR"],[0.35401829412316604,0.13543998314741157]],["(CR0.48FE0.52HT,MO0.5FE0.5HT)",["MO","CR"],[0.37758503357284773,0.15482967090915412]]],
			[["MO0.38FE0.62HT",["MO","CR"],[0.35231989055140356,0.1351830419685891]],["(CR0.48FE0.52HT,MO0.5FE0.5HT)",["MO","CR"],[0.3702429983707918,0.15833913922681586]]],
			[["MO0.38FE0.62HT",["MO","CR"],[0.35081528932568207,0.13462953959676904]],["(CR0.48FE0.52HT,MO0.5FE0.5HT)",["MO","CR"],[0.36295389564022645,0.16112476697058753]]],
			[["MO0.38FE0.62HT",["MO","CR"],[0.3493864252840084,0.1339814560228323]],["(CR0.48FE0.52HT,MO0.5FE0.5HT)",["MO","CR"],[0.3557268660979369,0.16360575494381369]]],
			[["MO0.38FE0.62HT",["MO","CR"],[0.3481117067775965,0.13314087426970822]],["(CR0.48FE0.52HT,MO0.5FE0.5HT)",["MO","CR"],[0.34860436885034485,0.16557372441169482]]],
			[["MO0.38FE0.62HT",["MO","CR"],[0.34688599208156135,0.13224770366051442]],["(CR0.48FE0.52HT,MO0.5FE0.5HT)",["MO","CR"],[0.34156050408338834,0.16728254091400752]]],
			[["MO0.38FE0.62HT",["MO","CR"],[0.34581330109127634,0.13119031435944573]],["(CR0.48FE0.52HT,MO0.5FE0.5HT)",["MO","CR"],[0.3346452076393778,0.16856762841908668]]],
			[["MO0.38FE0.62HT",["MO","CR"],[0.34474061010099133,0.13013292505837692]],["(CR0.48FE0.52HT,MO0.5FE0.5HT)",["MO","CR"],[0.3277705743012794,0.1697456219156933]]],
			[["MO0.38FE0.62HT",["MO","CR"],[0.3438200347402005,0.12893048629752557]],["(CR0.48FE0.52HT,MO0.5FE0.5HT)",["MO","CR"],[0.3210630620661881,0.17048347026303468]]],
			[["MO0.38FE0.62HT",["MO","CR"],[0.34291828349414843,0.1277100978514063]],["(CR0.48FE0.52HT,MO0.5FE0.5HT)",["MO","CR"],[0.3143555498310968,0.17122131861037615]]],
			[["MO0.38FE0.62HT",["MO","CR"],[0.342051020559458,0.12645981437033482]],["(CR0.48FE0.52HT,MO0.5FE0.5HT)",["MO","CR"],[0.30779585879157145,0.17162167491767488]]],
			[["MO0.38FE0.62HT",["MO","CR"],[0.34129231607613253,0.12511543063993869]],["(CR0.48FE0.52HT,MO0.5FE0.5HT)",["MO","CR"],[0.3012747238625982,0.1719340033859582]]],
			[["MO0.38FE0.62HT",["MO","CR"],[0.34053361159280715,0.12377104690954244]],["(CR0.48FE0.52HT,MO0.5FE0.5HT)",["MO","CR"],[0.2947769711368355,0.17219785749853456]]],
			[["MO0.38FE0.62HT",["MO","CR"],[0.3398070435071713,0.1224009183985505]],["(CR0.48FE0.52HT,MO0.5FE0.5HT)",["MO","CR"],[0.28841267796504444,0.17218503255595596]]],
			[["MO0.38FE0.62HT",["MO","CR"],[0.33916727958076026,0.12096125023175675]],["(CR0.48FE0.52HT,MO0.5FE0.5HT)",["MO","CR"],[0.2820483847932534,0.17217220761337737]]],
			[["MO0.38FE0.62HT",["MO","CR"],[0.33852751565434935,0.11952158206496277]],["(CR0.48FE0.52HT,MO0.5FE0.5HT)",["MO","CR"],[0.2757149698615265,0.172099523549186]]],
			[["MO0.38FE0.62HT",["MO","CR"],[0.3378877517279383,0.11808191389816891]],["(CR0.48FE0.52HT,MO0.5FE0.5HT)",["MO","CR"],[0.26947629206479634,0.17184318647649288]]],
			[["MO0.38FE0.62HT",["MO","CR"],[0.3373434823156328,0.11657065641837405]],["(CR0.48FE0.52HT,MO0.5FE0.5HT)",["MO","CR"],[0.26323761426806636,0.17158684940379954]]],
			[["MO0.38FE0.62HT",["MO","CR"],[0.33680347321495735,0.1150562051134092]],["(CR0.48FE0.52HT,MO0.5FE0.5HT)",["MO","CR"],[0.2570054999273975,0.17131837380970072]]],
			[["MO0.38FE0.62HT",["MO","CR"],[0.3362634641142817,0.11354175380844422]],["(CR0.48FE0.52HT,MO0.5FE0.5HT)",["MO","CR"],[0.2508631596088187,0.1708838692396104]]],
			[["MO0.38FE0.62HT",["MO","CR"],[0.335747408271011,0.11201033619586775]],["(CR0.48FE0.52HT,MO0.5FE0.5HT)",["MO","CR"],[0.24472081929023992,0.1704493646695202]]],
			[["MO0.38FE0.62HT",["MO","CR"],[0.33529131380024446,0.11043644740396386]],["(CR0.48FE0.52HT,MO0.5FE0.5HT)",["MO","CR"],[0.23857847897166118,0.17001486009943]]],
			[["MO0.38FE0.62HT",["MO","CR"],[0.3348352193294779,0.10886255861205996]],["(CR0.48FE0.52HT,MO0.5FE0.5HT)",["MO","CR"],[0.23247864994641343,0.16950426802181584]]],
			[["MO0.38FE0.62HT",["MO","CR"],[0.3343791248587113,0.10728866982015606]],["(CR0.48FE0.52HT,MO0.5FE0.5HT)",["MO","CR"],[0.2264068012582322,0.16894359621384625]]],
			[["MO0.38FE0.62HT",["MO","CR"],[0.33394008596492175,0.10570327798627388]],["(CR0.48FE0.52HT,MO0.5FE0.5HT)",["MO","CR"],[0.22033495257005098,0.16838292440587665]]],
			[["MO0.38FE0.62HT",["MO","CR"],[0.3335550620350525,0.10408145605106656]],["(CR0.48FE0.52HT,MO0.5FE0.5HT)",["MO","CR"],[0.2142631038818698,0.16782225259790717]]],
			[["MO0.38FE0.62HT",["MO","CR"],[0.33317003810518314,0.10245963411585923]],["(CR0.48FE0.52HT,MO0.5FE0.5HT)",["MO","CR"],[0.20823178162260036,0.1671906338263699]]],
