{
    "components": [
        "CR",
        "FE",
        "MO"
    ],
    "phases": [
        "MO5.1FE7.9RT",
        "MO0.38FE0.62HT",
        "(CR0.48FE0.52HT,MO0.5FE0.5HT)"
    ],
    "conditions": {
        "P": [
            101325
        ],
        "T": [
            1523,
            1523,
            1523,
            1523,
            1523,
            1523,
            1523,
            1523,
            1523,
            1523,
            1523,
            1523,
            1523,
            1523,
            1523,
            1523,
            1523,
            1523,
            1523,
            1523,
            1523,
            1523,
            1523,
            1523,
            1523,
            1523,
            1523,
            1523,
            1523,
            1523,
            1523,
            1523,
            1523,
            1523,
            1523,
            1523,
            1523,
            1523,
            1523,
            1523,
            1523
        ]
    },
    "broadcast_conditions": false,
    "output": "ZPF",
    "values":
			[[["MO0.38FE0.62HT",["MO","CR"],[0.3789844811780858,0.11883048117808581]],["(CR0.48FE0.52HT,MO0.5FE0.5HT)",["MO","CR"],[0.4535888718614662,0.08104487186146625]],["MO5.1FE7.9RT",["MO","CR"],[0.4278889000808303,0.03176090008083032]]],
			[["MO5.1FE7.9RT",["MO","CR"],[0.42503800069673536,0.03302973539897325]],["MO0.38FE0.62HT",["MO","CR"],[0.3795812269429306,0.11404763892225245]]],
			[["MO5.1FE7.9RT",["MO","CR"],[0.42301022864440496,0.03361169804888042]],["MO0.38FE0.62HT",["MO","CR"],[0.3796436849369252,0.11099650889556867]]],
			[["MO5.1FE7.9RT",["MO","CR"],[0.42100882263071465,0.0341009948195623]],["MO0.38FE0.62HT",["MO","CR"],[0.3796436849369252,0.11099650889556867]]],
			[["MO5.1FE7.9RT",["MO","CR"],[0.4190255232925536,0.03452665400590027]],["MO0.38FE0.62HT",["MO","CR"],[0.3796561053549109,0.10796996181595586]]],
			[["MO5.1FE7.9RT",["MO","CR"],[0.41704222395439267,0.03495231319223824]],["MO0.38FE0.62HT",["MO","CR"],[0.3796637973318132,0.10494573777087346]]],
			[["MO5.1FE7.9RT",["MO","CR"],[0.4151176934979687,0.03521330859536709]],["MO0.38FE0.62HT",["MO","CR"],[0.3796537529455672,0.10193046233909175]]],
			[["MO5.1FE7.9RT",["MO","CR"],[0.41319544154353743,0.035467919892705924]],["MO0.38FE0.62HT",["MO","CR"],[0.3796095371705034,0.09893242756380316]]],
			[["MO5.1FE7.9RT",["MO","CR"],[0.4113085242003465,0.0356407495762332]],["MO0.38FE0.62HT",["MO","CR"],[0.3795653213954397,0.09593439278851457]]],
			[["MO5.1FE7.9RT",["MO","CR"],[0.40946529755075217,0.0357124575746639]],["MO0.38FE0.62HT",["MO","CR"],[0.3794824905728918,0.09295632837160372]]],
			[["MO5.1FE7.9RT",["MO","CR"],[0.40762487142360665,0.035778680151272724]],["MO0.38FE0.62HT",["MO","CR"],[0.3793884823804542,0.08998404450131836]]],
			[["MO5.1FE7.9RT",["MO","CR"],[0.4058807824021361,0.03565620591456942]],["MO0.38FE0.62HT",["MO","CR"],[0.3792838899321616,0.08701736410154703]]],
			[["MO5.1FE7.9RT",["MO","CR"],[0.40413669338066555,0.03553373167786611]],["MO0.38FE0.62HT",["MO","CR"],[0.37914111634019815,0.08407089739612417]]],
			[["MO5.1FE7.9RT",["MO","CR"],[0.4024737221496834,0.0352744151229778]],["MO0.38FE0.62HT",["MO","CR"],[0.3789983427482347,0.0811244306907013]]],
			[["MO5.1FE7.9RT",["MO","CR"],[0.4008478566881846,0.034952502687659814]],["MO0.38FE0.62HT",["MO","CR"],[0.37882434934051284,0.07819486309715429]]],
			[["MO5.1FE7.9RT",["MO","CR"],[0.3992765783678967,0.03455019865152753]],["MO0.38FE0.62HT",["MO","CR"],[0.3786349077270496,0.0752736575310815]]],
			[["MO5.1FE7.9RT",["MO","CR"],[0.39778691497428964,0.03402769864138633]],["MO0.38FE0.62HT",["MO","CR"],[0.3784395239168154,0.07235573598135314]]],
			[["MO5.1FE7.9RT",["MO","CR"],[0.39632024924215636,0.03347531998204356]],["MO0.38FE0.62HT",["MO","CR"],[0.378205610934225,0.06945910797619004]]],
			[["MO5.1FE7.9RT",["MO","CR"],[0.39498092677118546,0.03275749647376358]],["MO0.38FE0.62HT",["MO","CR"],[0.3779716979516345,0.06656247997102716]]],
			[["MO5.1FE7.9RT",["MO","CR"],[0.39364160430021444,0.03203967296548371]],["MO0.38FE0.62HT",["MO","CR"],[0.37771089082285286,0.06368101213973909]]],
			[["MO5.1FE7.9RT",["MO","CR"],[0.39245135138887155,0.031149627473208708]],["MO0.38FE0.62HT",["MO","CR"],[0.37743315018824514,0.060809089690216034]]],
			[["MO5.1FE7.9RT",["MO","CR"],[0.391273555775696,0.030245189903765346]],["MO0.38FE0.62HT",["MO","CR"],[0.37715072903789565,0.057939855894160175]]],
			[["MO5.1FE7.9RT",["MO","CR"],[0.39021104560264813,0.029221576320917597]],["MO0.38FE0.62HT",["MO","CR"],[0.3768311540177398,0.05509196459247456]]],
			[["MO5.1FE7.9RT",["MO","CR"],[0.3891999987076004,0.02814476271296673]],["MO0.38FE0.62HT",["MO","CR"],[0.37651157899758386,0.05224407329078917]]],
			[["MO5.1FE7.9RT",["MO","CR"],[0.3882629622832711,0.026999144878790293]],["MO0.38FE0.62HT",["MO","CR"],[0.3761660137898056,0.049411383119809305]]],
			[["MO5.1FE7.9RT",["MO","CR"],[0.38741974197383994,0.02576631039634214]],["MO0.38FE0.62HT",["MO","CR"],[0.37580520994045347,0.0465876057195147]]],
			[["MO5.1FE7.9RT",["MO","CR"],[0.3866023535556229,0.02451179903418743]],["MO0.38FE0.62HT",["MO","CR"],[0.3754376435605935,0.04376785223651014]]],
			[["MO5.1FE7.9RT",["MO","CR"],[0.385924000920813,0.023140615534988807]],["MO0.38FE0.62HT",["MO","CR"],[0.37503761030527294,0.04096741756047628]]],
			[["MO5.1FE7.9RT",["MO","CR"],[0.3852456482860031,0.02176943203579018]],["MO0.38FE0.62HT",["MO","CR"],[0.3746375770499525,0.03816698288444231]]],
			[["MO5.1FE7.9RT",["MO","CR"],[0.38469810801234766,0.020298891611594705]],["MO0.38FE0.62HT",["MO","CR"],[0.37420863404615407,0.035384037036258364]]],
			[["MO5.1FE7.9RT",["MO","CR"],[0.3841784652964463,0.018807161939465078]],["MO0.38FE0.62HT",["MO","CR"],[0.37376954892044245,0.03260722662105131]]],
			[["MO5.1FE7.9RT",["MO","CR"],[0.3837236890854002,0.017270753028133856]],["MO0.38FE0.62HT",["MO","CR"],[0.37331797451988674,0.0298380924001318]]],
			[["MO5.1FE7.9RT",["MO","CR"],[0.3833543976801512,0.01567546324916802]],["MO0.38FE0.62HT",["MO","CR"],[0.37284184024376543,0.027084053241085426]]],
			[["MO5.1FE7.9RT",["MO","CR"],[0.3829851062749023,0.014080173470202073]],["MO0.38FE0.62HT",["MO","CR"],[0.3723657059676441,0.02433001408203883]]],
			[["MO5.1FE7.9RT",["MO","CR"],[0.382751243774462,0.012400170831812218]],["MO0.38FE0.62HT",["MO","CR"],[0.3718538315735822,0.02159827967282535]]],
			[["MO5.1FE7.9RT",["MO","CR"],[0.38252183884289304,0.010717379915648806]],["MO0.38FE0.62HT",["MO","CR"],[0.3713406847911969,0.01886733933774698]]],
			[["MO5.1FE7.9RT",["MO","CR"],[0.3823480440194213,0.009002983198749703]],["MO0.38FE0.62HT",["MO","CR"],[0.37080497644458704,0.016150690360355435]]],
			[["MO5.1FE7.9RT",["MO","CR"],[0.38224903130397997,0.007246084345352566]],["MO0.38FE0.62HT",["MO","CR"],[0.3702559130081885,0.013442501007624785]]],
			[["MO5.1FE7.9RT",["MO","CR"],[0.3821500185885388,0.005489185491955539]],["MO0.38FE0.62HT",["MO","CR"],[0.36969526910075223,0.010741753474733606]]],
			[["MO5.1FE7.9RT",["MO","CR"],[0.382146937414279,0.0036827689973102373]],["MO0.38FE0.62HT",["MO","CR"],[0.3691109165223829,0.008056241561977595]]],
			[["MO5.1FE7.9RT",["MO","CR"],[0.38216798302378,0.0018638988152956948]],["MO0.38FE0.62HT",["MO","CR"],[0.3685241965076356,0.005372272440655079]]]],
	"reference": "C-A58757"
}