{
    "components": [
        "CR",
        "FE",
        "MO"
    ],
    "phases": [
        "(CR0.48FE0.52HT,MO0.5FE0.5HT)",
        "MO5.1FE7.9RT",
        "MO0.38FE0.62HT"
    ],
    "conditions": {
        "P": [
            101325
        ],
        "T": [
            1523,
            1523,
            1523,
            1523,
            1523,
            1523,
            1523,
            1523,
            1523,
            1523,
            1523,
            1523,
            1523,
            1523,
            1523,
            1523,
            1523,
            1523,
            1523,
            1523,
            1523,
            1523,
            1523,
            1523,
            1523,
            1523,
            1523,
            1523,
            1523,
            1523,
            1523,
            1523,
            1523,
            1523,
            1523,
            1523,
            1523,
            1523,
            1523,
            1523,
            1523
        ]
    },
    "broadcast_conditions": false,
    "output": "ZPF",
    "values":
			[[["MO0.38FE0.62HT",["MO","CR"],[0.3789844811780858,0.11883048117808581]],["(CR0.48FE0.52HT,MO0.5FE0.5HT)",["MO","CR"],[0.4535888718614662,0.08104487186146625]],["MO5.1FE7.9RT",["MO","CR"],[0.4278889000808303,0.03176090008083032]]],
			[["(CR0.48FE0.52HT,MO0.5FE0.5HT)",["MO","CR"],[0.45518065048993317,0.07824032486794241]],["MO5.1FE7.9RT",["MO","CR"],[0.42935132576486584,0.031043688380721246]]],
			[["(CR0.48FE0.52HT,MO0.5FE0.5HT)",["MO","CR"],[0.4565659421379102,0.07633637233921053]],["MO5.1FE7.9RT",["MO","CR"],[0.4301688801618838,0.03038360539359497]]],
			[["(CR0.48FE0.52HT,MO0.5FE0.5HT)",["MO","CR"],[0.45791363483343006,0.07441977874480576]],["MO5.1FE7.9RT",["MO","CR"],[0.4301688801618838,0.03038360539359497]]],
			[["(CR0.48FE0.52HT,MO0.5FE0.5HT)",["MO","CR"],[0.4592613275289498,0.072503185150401]],["MO5.1FE7.9RT",["MO","CR"],[0.4309833102986059,0.029717822714847908]]],
			[["(CR0.48FE0.52HT,MO0.5FE0.5HT)",["MO","CR"],[0.46058298364607553,0.0705789915929751]],["MO5.1FE7.9RT",["MO","CR"],[0.43179142225532413,0.029040513570885995]]],
			[["(CR0.48FE0.52HT,MO0.5FE0.5HT)",["MO","CR"],[0.46189198132403875,0.0686511030926853]],["MO5.1FE7.9RT",["MO","CR"],[0.43259953421204245,0.028363204426924082]]],
			[["(CR0.48FE0.52HT,MO0.5FE0.5HT)",["MO","CR"],[0.46318955144581664,0.06672034576083785]],["MO5.1FE7.9RT",["MO","CR"],[0.4334053853725514,0.027682248148506394]]],
			[["(CR0.48FE0.52HT,MO0.5FE0.5HT)",["MO","CR"],[0.46445992824969395,0.064782761680797]],["MO5.1FE7.9RT",["MO","CR"],[0.43420251376536334,0.026987220231748044]]],
			[["(CR0.48FE0.52HT,MO0.5FE0.5HT)",["MO","CR"],[0.4657303050535711,0.06284517760075614]],["MO5.1FE7.9RT",["MO","CR"],[0.4349996421581751,0.026292192314989804]]],
			[["(CR0.48FE0.52HT,MO0.5FE0.5HT)",["MO","CR"],[0.46696656638151557,0.060900312314220106]],["MO5.1FE7.9RT",["MO","CR"],[0.4357942725685411,0.025593600825606133]]],
			[["(CR0.48FE0.52HT,MO0.5FE0.5HT)",["MO","CR"],[0.4681994259422739,0.05895472099444987]],["MO5.1FE7.9RT",["MO","CR"],[0.4365794391299354,0.024881508395421248]]],
			[["(CR0.48FE0.52HT,MO0.5FE0.5HT)",["MO","CR"],[0.469413357633684,0.05700574423051363]],["MO5.1FE7.9RT",["MO","CR"],[0.43736460569132984,0.024169415965236363]]],
			[["(CR0.48FE0.52HT,MO0.5FE0.5HT)",["MO","CR"],[0.47060933457296006,0.055053556074436516]],["MO5.1FE7.9RT",["MO","CR"],[0.43814510435968934,0.023451447901985167]]],
			[["(CR0.48FE0.52HT,MO0.5FE0.5HT)",["MO","CR"],[0.47180147419563667,0.053100804378939825]],["MO5.1FE7.9RT",["MO","CR"],[0.43891624932855006,0.02272170602436918]]],
			[["(CR0.48FE0.52HT,MO0.5FE0.5HT)",["MO","CR"],[0.47296149121069386,0.051143335231757625]],["MO5.1FE7.9RT",["MO","CR"],[0.4396873942974107,0.021991964146752974]]],
			[["(CR0.48FE0.52HT,MO0.5FE0.5HT)",["MO","CR"],[0.47412150822575105,0.049185866084575425]],["MO5.1FE7.9RT",["MO","CR"],[0.44044990206941925,0.02125265824431999]]],
			[["(CR0.48FE0.52HT,MO0.5FE0.5HT)",["MO","CR"],[0.4752571399539115,0.047225541413914884]],["MO5.1FE7.9RT",["MO","CR"],[0.44120594369628724,0.020506192336893214]]],
			[["(CR0.48FE0.52HT,MO0.5FE0.5HT)",["MO","CR"],[0.47638181700605603,0.045263933947825796]],["MO5.1FE7.9RT",["MO","CR"],[0.44196198532315534,0.01975972642946644]]],
			[["(CR0.48FE0.52HT,MO0.5FE0.5HT)",["MO","CR"],[0.4774974594627045,0.043301519165417135]],["MO5.1FE7.9RT",["MO","CR"],[0.4427021772586815,0.01899787366065775]]],
			[["(CR0.48FE0.52HT,MO0.5FE0.5HT)",["MO","CR"],[0.4785878045210394,0.041336843849871796]],["MO5.1FE7.9RT",["MO","CR"],[0.4434409717392004,0.01823466424420095]]],
			[["(CR0.48FE0.52HT,MO0.5FE0.5HT)",["MO","CR"],[0.47967814957937427,0.039372168534326235]],["MO5.1FE7.9RT",["MO","CR"],[0.4441729874610144,0.01746571611136083]]],
			[["(CR0.48FE0.52HT,MO0.5FE0.5HT)",["MO","CR"],[0.48074089873317405,0.03740574051358947]],["MO5.1FE7.9RT",["MO","CR"],[0.4448932127085386,0.016686786477346338]]],
			[["(CR0.48FE0.52HT,MO0.5FE0.5HT)",["MO","CR"],[0.4817978022987922,0.03543894122063229]],["MO5.1FE7.9RT",["MO","CR"],[0.44561343795606284,0.015907856843331736]]],
			[["(CR0.48FE0.52HT,MO0.5FE0.5HT)",["MO","CR"],[0.48284256903646494,0.03347166301571358]],["MO5.1FE7.9RT",["MO","CR"],[0.4463147380421964,0.015115052314929711]]],
			[["(CR0.48FE0.52HT,MO0.5FE0.5HT)",["MO","CR"],[0.4838672971490723,0.031503594098651444]],["MO5.1FE7.9RT",["MO","CR"],[0.44701408230312545,0.014320813882340966]]],
			[["(CR0.48FE0.52HT,MO0.5FE0.5HT)",["MO","CR"],[0.4848920252616795,0.029535525181589417]],["MO5.1FE7.9RT",["MO","CR"],[0.4477016023436911,0.013519134062293547]]],
			[["(CR0.48FE0.52HT,MO0.5FE0.5HT)",["MO","CR"],[0.48588786130263706,0.027566965866207882]],["MO5.1FE7.9RT",["MO","CR"],[0.4483787838058462,0.012710947820227636]]],
			[["(CR0.48FE0.52HT,MO0.5FE0.5HT)",["MO","CR"],[0.48688116129143033,0.025598363505255683]],["MO5.1FE7.9RT",["MO","CR"],[0.44905011457952276,0.011899633544398824]]],
			[["(CR0.48FE0.52HT,MO0.5FE0.5HT)",["MO","CR"],[0.48786084821608905,0.0236298166309441]],["MO5.1FE7.9RT",["MO","CR"],[0.44970310246026657,0.011078512356337833]]],
			[["(CR0.48FE0.52HT,MO0.5FE0.5HT)",["MO","CR"],[0.4888240290127156,0.02166133703535711]],["MO5.1FE7.9RT",["MO","CR"],[0.45035548723001523,0.010257121308133277]]],
			[["(CR0.48FE0.52HT,MO0.5FE0.5HT)",["MO","CR"],[0.4897872098093421,0.01969285743977034]],["MO5.1FE7.9RT",["MO","CR"],[0.4509828534224766,0.009424535775145237]]],
			[["(CR0.48FE0.52HT,MO0.5FE0.5HT)",["MO","CR"],[0.4907217512635546,0.01772505962096016]],["MO5.1FE7.9RT",["MO","CR"],[0.4516102196149379,0.008591950242157198]]],
			[["(CR0.48FE0.52HT,MO0.5FE0.5HT)",["MO","CR"],[0.4916555752590731,0.015757278881685766]],["MO5.1FE7.9RT",["MO","CR"],[0.45221366490479187,0.007750581787021815]]],
			[["(CR0.48FE0.52HT,MO0.5FE0.5HT)",["MO","CR"],[0.49257575171783397,0.013790074727076052]],["MO5.1FE7.9RT",["MO","CR"],[0.4528136664320832,0.0069079489022376706]]],
			[["(CR0.48FE0.52HT,MO0.5FE0.5HT)",["MO","CR"],[0.49348176496376106,0.0118234689435468]],["MO5.1FE7.9RT",["MO","CR"],[0.45339153349240235,0.006058820733175985]]],
			[["(CR0.48FE0.52HT,MO0.5FE0.5HT)",["MO","CR"],[0.4943877782096882,0.009856863160017548]],["MO5.1FE7.9RT",["MO","CR"],[0.4539633353561748,0.005207912752754007]]],
			[["(CR0.48FE0.52HT,MO0.5FE0.5HT)",["MO","CR"],[0.49526670588363175,0.00789186980321599]],["MO5.1FE7.9RT",["MO","CR"],[0.4545129173042821,0.004351989566366621]]],
			[["(CR0.48FE0.52HT,MO0.5FE0.5HT)",["MO","CR"],[0.49614556658928,0.005926880433092974]],["MO5.1FE7.9RT",["MO","CR"],[0.45505523354542976,0.003494426454003219]]],
			[["(CR0.48FE0.52HT,MO0.5FE0.5HT)",["MO","CR"],[0.4970114105578259,0.003962878981211171]],["MO5.1FE7.9RT",["MO","CR"],[0.45557429235054114,0.0026330711626304515]]],
