{
    "components": [
        "CR",
        "FE",
        "MO"
    ],
    "phases": [
        "(CR,MO,FERT)",
        "MO0.38FE0.62HT"
    ],
    "conditions": {
        "P": [
            101325
        ],
        "T": [
            1523,
            1523,
            1523,
            1523,
            1523,
            1523,
            1523,
            1523,
            1523,
            1523,
            1523,
            1523,
            1523,
            1523,
            1523,
            1523,
            1523,
            1523,
            1523,
            1523,
            1523,
            1523,
            1523,
            1523,
            1523,
            1523,
            1523,
            1523,
            1523,
            1523,
            1523,
            1523,
            1523,
            1523,
            1523,
            1523,
            1523,
            1523,
            1523,
            1523
        ]
    },
    "broadcast_conditions": false,
    "output": "ZPF",
    "values":
			[[["(CR,MO,FERT)",["MO","CR"],[0.0008077680187649761,0.1409572927191649]],["MO0.38FE0.62HT",["MO","CR"],[0.0007485010759784583,0.12710578367534875]]],
			[["(CR,MO,FERT)",["MO","CR"],[0.0016760397261763593,0.13734737871699798]],["MO0.38FE0.62HT",["MO","CR"],[0.0015598821835094423,0.12377444738225007]]],
			[["(CR,MO,FERT)",["MO","CR"],[0.002516909600318862,0.1337456342579626]],["MO0.38FE0.62HT",["MO","CR"],[0.0015598821835094423,0.12377444738225007]]],
			[["(CR,MO,FERT)",["MO","CR"],[0.0033577794744612532,0.130143889798927]],["MO0.38FE0.62HT",["MO","CR"],[0.0023435280745881526,0.12045145002181845]]],
			[["(CR,MO,FERT)",["MO","CR"],[0.004181468249787712,0.126547390594675]],["MO0.38FE0.62HT",["MO","CR"],[0.0030907251626341448,0.11713941144062723]]],
			[["(CR,MO,FERT)",["MO","CR"],[0.004993841248207342,0.12295434600840671]],["MO0.38FE0.62HT",["MO","CR"],[0.00380852603740911,0.1138366970770921]]],
			[["(CR,MO,FERT)",["MO","CR"],[0.005801848248792929,0.11936266594902212]],["MO0.38FE0.62HT",["MO","CR"],[0.004496432079993229,0.11054346508870405]]],
			[["(CR,MO,FERT)",["MO","CR"],[0.006584022383422872,0.11577905956292334]],["MO0.38FE0.62HT",["MO","CR"],[0.005155913331522155,0.10725968729889601]]],
			[["(CR,MO,FERT)",["MO","CR"],[0.007366196518052814,0.11219545317682456]],["MO0.38FE0.62HT",["MO","CR"],[0.005786669366697417,0.10398546363031724]]],
			[["(CR,MO,FERT)",["MO","CR"],[0.008127782795650684,0.1086184333916318]],["MO0.38FE0.62HT",["MO","CR"],[0.0063938498109311626,0.1007194246815234]]],
			[["(CR,MO,FERT)",["MO","CR"],[0.008879941452248907,0.10504442975216643]],["MO0.38FE0.62HT",["MO","CR"],[0.0069706479339330385,0.09746393353983729]]],
			[["(CR,MO,FERT)",["MO","CR"],[0.00962508863946654,0.10147272132025986]],["MO0.38FE0.62HT",["MO","CR"],[0.007531542680233594,0.09421417985324254]]],
			[["(CR,MO,FERT)",["MO","CR"],[0.010346473678628731,0.09790879143788078]],["MO0.38FE0.62HT",["MO","CR"],[0.008057678995717077,0.09097696595235549]]],
			[["(CR,MO,FERT)",["MO","CR"],[0.011067858717790924,0.09434486155550159]],["MO0.38FE0.62HT",["MO","CR"],[0.008577573272073924,0.08774208406229667]]],
			[["(CR,MO,FERT)",["MO","CR"],[0.011765088363180909,0.09078902129627153]],["MO0.38FE0.62HT",["MO","CR"],[0.009054979511526784,0.08452307560079386]]],
			[["(CR,MO,FERT)",["MO","CR"],[0.01245512764617579,0.08723558908398243]],["MO0.38FE0.62HT",["MO","CR"],[0.0095323857509797,0.08130406713929106]]],
			[["(CR,MO,FERT)",["MO","CR"],[0.013135019626536515,0.08368563312364563]],["MO0.38FE0.62HT",["MO","CR"],[0.009969545042716854,0.07810058266691888]]],
			[["(CR,MO,FERT)",["MO","CR"],[0.013792900981185907,0.08014321753963893]],["MO0.38FE0.62HT",["MO","CR"],[0.010401186405479768,0.07489922656139902]]],
			[["(CR,MO,FERT)",["MO","CR"],[0.014450782335835355,0.07660080195563235]],["MO0.38FE0.62HT",["MO","CR"],[0.010807613818069273,0.0717078861476288]]],
			[["(CR,MO,FERT)",["MO","CR"],[0.015080968978704035,0.07306808819010413]],["MO0.38FE0.62HT",["MO","CR"],[0.011194808740046802,0.06852418542126304]]],
			[["(CR,MO,FERT)",["MO","CR"],[0.015706753999967515,0.06953691636998993]],["MO0.38FE0.62HT",["MO","CR"],[0.01157403562036391,0.06534373693259732]]],
			[["(CR,MO,FERT)",["MO","CR"],[0.0163186150355078,0.06601073203578889]],["MO0.38FE0.62HT",["MO","CR"],[0.011919603247914023,0.06217702681221193]]],
			[["(CR,MO,FERT)",["MO","CR"],[0.016910724472705918,0.06249162260244223]],["MO0.38FE0.62HT",["MO","CR"],[0.012265170875464193,0.05901031669182644]]],
			[["(CR,MO,FERT)",["MO","CR"],[0.017502833909904036,0.058972513169095575]],["MO0.38FE0.62HT",["MO","CR"],[0.01258051376547753,0.055856255982244085]]],
			[["(CR,MO,FERT)",["MO","CR"],[0.018062053561995695,0.05546545010039017]],["MO0.38FE0.62HT",["MO","CR"],[0.012885887386882566,0.052706367529703924]]],
			[["(CR,MO,FERT)",["MO","CR"],[0.01862018492173162,0.0519587856346706]],["MO0.38FE0.62HT",["MO","CR"],[0.013181823678370785,0.04956052173270309]]],
			[["(CR,MO,FERT)",["MO","CR"],[0.019160081877002466,0.04845894833114528]],["MO0.38FE0.62HT",["MO","CR"],[0.013449226719633278,0.046426898683354034]]],
			[["(CR,MO,FERT)",["MO","CR"],[0.019683613619403517,0.044965238343860015]],["MO0.38FE0.62HT",["MO","CR"],[0.013716629760895827,0.04329327563400498]]],
			[["(CR,MO,FERT)",["MO","CR"],[0.020203895665285576,0.04147277210955802]],["MO0.38FE0.62HT",["MO","CR"],[0.013958751266330616,0.04017072113158082]]],
			[["(CR,MO,FERT)",["MO","CR"],[0.02069172114600243,0.03799272794282893]],["MO0.38FE0.62HT",["MO","CR"],[0.014189034683486812,0.0370533494802503]]],
			[["(CR,MO,FERT)",["MO","CR"],[0.021179546626719337,0.03451268377610006]],["MO0.38FE0.62HT",["MO","CR"],[0.014417582671241602,0.03393675335297308]]],
			[["(CR,MO,FERT)",["MO","CR"],[0.02164375183577022,0.03104187864909158]],["MO0.38FE0.62HT",["MO","CR"],[0.014612728738183645,0.03083508378680877]]],
			[["(CR,MO,FERT)",["MO","CR"],[0.0220958427689964,0.027575812005920852]],["MO0.38FE0.62HT",["MO","CR"],[0.014807874805125798,0.02773341422064457]]],
			[["(CR,MO,FERT)",["MO","CR"],[0.022539032653873248,0.024113303535606367]],["MO0.38FE0.62HT",["MO","CR"],[0.014991129429330008,0.02463716109723091]]],
			[["(CR,MO,FERT)",["MO","CR"],[0.02295363041657933,0.02066222469796153]],["MO0.38FE0.62HT",["MO","CR"],[0.015152632061585403,0.021550815806004042]]],
			[["(CR,MO,FERT)",["MO","CR"],[0.0233682281792853,0.0172111458603168]],["MO0.38FE0.62HT",["MO","CR"],[0.015314134693840742,0.018464470514776954]]],
			[["(CR,MO,FERT)",["MO","CR"],[0.023751349050519177,0.013772929208518248]],["MO0.38FE0.62HT",["MO","CR"],[0.015456311855246319,0.015387087786313258]]],
			[["(CR,MO,FERT)",["MO","CR"],[0.024127595496308274,0.010337521605946698]],["MO0.38FE0.62HT",["MO","CR"],[0.015585251169073167,0.012315844366986961]]],
			[["(CR,MO,FERT)",["MO","CR"],[0.02448781796900623,0.0069088061798658895]],["MO0.38FE0.62HT",["MO","CR"],[0.01571419048290007,0.009244600947660775]]],
			[["(CR,MO,FERT)",["MO","CR"],[0.02482515458819612,0.003489648693626002]],["MO0.38FE0.62HT",["MO","CR"],[0.015819335146138258,0.006184581532207023]]]],
	"reference": "C-A58757"
}