{
    "components": [
        "CR",
        "FE",
        "MO"
    ],
    "phases": [
        "MO0.38FE0.62HT",
        "(CR,MO,FERT)",
        "(CR0.48FE0.52HT,MO0.5FE0.5HT)"
    ],
    "conditions": {
        "P": [
            101325
        ],
        "T": [
            1523,
            1523,
            1523,
            1523,
            1523,
            1523,
            1523,
            1523,
            1523,
            1523,
            1523,
            1523,
            1523,
            1523,
            1523,
            1523,
            1523,
            1523,
            1523,
            1523,
            1523,
            1523,
            1523,
            1523,
            1523,
            1523,
            1523,
            1523,
            1523,
            1523,
            1523,
            1523,
            1523,
            1523,
            1523,
            1523,
            1523,
            1523,
            1523,
            1523,
            1523
        ]
    },
    "broadcast_conditions": false,
    "output": "ZPF",
    "values":
			[[["(CR,MO,FERT)",["MO","CR"],[0.10617252365533164,0.11272452365533159]],["MO0.38FE0.62HT",["MO","CR"],[0.332822912496452,0.09858291249645201]],["(CR0.48FE0.52HT,MO0.5FE0.5HT)",["MO","CR"],[0.1884623008672076,0.16560630086720762]]],
			[["MO0.38FE0.62HT",["MO","CR"],[0.33225745621047226,0.09595411779719765]],["(CR,MO,FERT)",["MO","CR"],[0.10712000435550406,0.10946561411160172]]],
			[["MO0.38FE0.62HT",["MO","CR"],[0.3322114382522269,0.09378276142567754]],["(CR,MO,FERT)",["MO","CR"],[0.10751936070002355,0.1067305802122187]]],
			[["MO0.38FE0.62HT",["MO","CR"],[0.33221920745894534,0.09158425450474161]],["(CR,MO,FERT)",["MO","CR"],[0.10751936070002355,0.1067305802122187]]],
			[["MO0.38FE0.62HT",["MO","CR"],[0.33223726738820164,0.08938055305884829]],["(CR,MO,FERT)",["MO","CR"],[0.10791871704454298,0.1039955463128357]]],
			[["MO0.38FE0.62HT",["MO","CR"],[0.3322799818927128,0.08716496132381135]],["(CR,MO,FERT)",["MO","CR"],[0.10831807338906235,0.10126051241345269]]],
			[["MO0.38FE0.62HT",["MO","CR"],[0.33236562754072346,0.08492866496481755]],["(CR,MO,FERT)",["MO","CR"],[0.10871742973358178,0.09852547851406968]]],
			[["MO0.38FE0.62HT",["MO","CR"],[0.3324512731887341,0.08269236860582385]],["(CR,MO,FERT)",["MO","CR"],[0.10911678607810127,0.09579044461468667]]],
			[["MO0.38FE0.62HT",["MO","CR"],[0.33260055005090877,0.08042688465008596]],["(CR,MO,FERT)",["MO","CR"],[0.10951614242262075,0.09305541071530365]]],
			[["MO0.38FE0.62HT",["MO","CR"],[0.33275632324870463,0.07815842082940405]],["(CR,MO,FERT)",["MO","CR"],[0.10991549876714007,0.09032037681592064]]],
			[["MO0.38FE0.62HT",["MO","CR"],[0.3329459844768515,0.0758752452377538]],["(CR,MO,FERT)",["MO","CR"],[0.11031485511165956,0.08758534291653763]]],
			[["MO0.38FE0.62HT",["MO","CR"],[0.33317457900763947,0.07357516757697868]],["(CR,MO,FERT)",["MO","CR"],[0.11071421145617899,0.08485030901715462]]],
			[["MO0.38FE0.62HT",["MO","CR"],[0.3334059469547955,0.0712739566087901]],["(CR,MO,FERT)",["MO","CR"],[0.11111356780069848,0.08211527511777161]]],
			[["MO0.38FE0.62HT",["MO","CR"],[0.3337090822045643,0.0689434192051519]],["(CR,MO,FERT)",["MO","CR"],[0.1115129241452178,0.0793802412183886]]],
			[["MO0.38FE0.62HT",["MO","CR"],[0.3340122174543332,0.06661288180151348]],["(CR,MO,FERT)",["MO","CR"],[0.11191228048973728,0.07664520731900559]]],
			[["MO0.38FE0.62HT",["MO","CR"],[0.33436343885787895,0.06426397227263836]],["(CR,MO,FERT)",["MO","CR"],[0.11231163683425677,0.07391017341962258]]],
			[["MO0.38FE0.62HT",["MO","CR"],[0.3347441261860584,0.06190380479079649]],["(CR,MO,FERT)",["MO","CR"],[0.1127109931787762,0.07117513952023957]]],
			[["MO0.38FE0.62HT",["MO","CR"],[0.3351415722618872,0.05953769851381141]],["(CR,MO,FERT)",["MO","CR"],[0.11311034952329557,0.06844010562085667]]],
			[["MO0.38FE0.62HT",["MO","CR"],[0.33560129464636573,0.05714952338973345]],["(CR,MO,FERT)",["MO","CR"],[0.113509705867815,0.06570507172147355]]],
			[["MO0.38FE0.62HT",["MO","CR"],[0.33606101703084434,0.054761348265655374]],["(CR,MO,FERT)",["MO","CR"],[0.11390906221233449,0.06297003782209054]]],
			[["MO0.38FE0.62HT",["MO","CR"],[0.3365864089168629,0.052351790520728914]],["(CR,MO,FERT)",["MO","CR"],[0.11430841855685397,0.06023500392270753]]],
			[["MO0.38FE0.62HT",["MO","CR"],[0.33712710754867836,0.04993724875225847]],["(CR,MO,FERT)",["MO","CR"],[0.1147077749013733,0.05749997002332463]]],
			[["MO0.38FE0.62HT",["MO","CR"],[0.3377018462156241,0.04751264173891978]],["(CR,MO,FERT)",["MO","CR"],[0.11510713124589278,0.05476493612394162]]],
			[["MO0.38FE0.62HT",["MO","CR"],[0.338324792049723,0.04507378042355281]],["(CR,MO,FERT)",["MO","CR"],[0.11550648759041215,0.0520299022245585]]],
			[["MO0.38FE0.62HT",["MO","CR"],[0.33894917230745314,0.04263453949678486]],["(CR,MO,FERT)",["MO","CR"],[0.1159058439349317,0.04929486832517549]]],
			[["MO0.38FE0.62HT",["MO","CR"],[0.33965526903773496,0.04017367280762363]],["(CR,MO,FERT)",["MO","CR"],[0.11630520027945096,0.04655983442579248]]],
			[["MO0.38FE0.62HT",["MO","CR"],[0.3403613657680169,0.03771280611846217]],["(CR,MO,FERT)",["MO","CR"],[0.11670455662397045,0.04382480052640947]]],
			[["MO0.38FE0.62HT",["MO","CR"],[0.3411199002101524,0.03523976045739685]],["(CR,MO,FERT)",["MO","CR"],[0.11710391296848993,0.04108976662702646]]],
			[["MO0.38FE0.62HT",["MO","CR"],[0.34191065988315716,0.032759230293909924]],["(CR,MO,FERT)",["MO","CR"],[0.11750326931300936,0.03835473272764345]]],
			[["MO0.38FE0.62HT",["MO","CR"],[0.3427194724801509,0.030275112519527636]],["(CR,MO,FERT)",["MO","CR"],[0.11790262565752874,0.03561969882826055]]],
			[["MO0.38FE0.62HT",["MO","CR"],[0.34359379621636554,0.027777975885875605]],["(CR,MO,FERT)",["MO","CR"],[0.11830198200204817,0.03288466492887743]]],
			[["MO0.38FE0.62HT",["MO","CR"],[0.3444681199525802,0.025280839252223575]],["(CR,MO,FERT)",["MO","CR"],[0.11870133834656765,0.030149631029494417]]],
			[["MO0.38FE0.62HT",["MO","CR"],[0.34541045088932876,0.022772551369074856]],["(CR,MO,FERT)",["MO","CR"],[0.11910069469108708,0.027414597130111407]]],
			[["MO0.38FE0.62HT",["MO","CR"],[0.34636929562313606,0.02026155569219701]],["(CR,MO,FERT)",["MO","CR"],[0.11950005103560646,0.024679563230728507]]],
			[["MO0.38FE0.62HT",["MO","CR"],[0.34735996595654234,0.0177464943639849]],["(CR,MO,FERT)",["MO","CR"],[0.11989940738012594,0.021944529331345497]]],
			[["MO0.38FE0.62HT",["MO","CR"],[0.3484023695540106,0.015224824223474043]],["(CR,MO,FERT)",["MO","CR"],[0.12029876372464537,0.019209495431962376]]],
			[["MO0.38FE0.62HT",["MO","CR"],[0.3494447731514789,0.012703154082963186]],["(CR,MO,FERT)",["MO","CR"],[0.12069812006916486,0.016474461532579365]]],
			[["MO0.38FE0.62HT",["MO","CR"],[0.3505646138239132,0.010174489626983307]],["(CR,MO,FERT)",["MO","CR"],[0.12109747641368418,0.013739427633196466]]],
			[["MO0.38FE0.62HT",["MO","CR"],[0.35168926316351196,0.007645390839836841]],["(CR,MO,FERT)",["MO","CR"],[0.12149683275820367,0.011004393733813456]]],
			[["MO0.38FE0.62HT",["MO","CR"],[0.35285331362257405,0.0051142662718506315]],["(CR,MO,FERT)",["MO","CR"],[0.12189618910272315,0.008269359834430445]]],
			[["MO0.38FE0.62HT",["MO","CR"],[0.35405949903998407,0.0025809753646224287]],["(CR,MO,FERT)",["MO","CR"],[0.12229554544724258,0.005534325935047324]]]],
	"reference": "C-A58757"
}