{
    "components": [
        "MO",
        "NI"
    ],
    "phases": [
        "MONI3_59_OP8",
        "MONI3RT"
    ],
    "conditions": {
        "P": 101325,
        "T": [
            1230.538,
            1230.538,
            1225.2867333333334,
            1220.0354666666667,
            1214.7842,
            1209.5329333333334,
            1204.2816666666668,
            1199.0304,
            1193.7791333333334,
            1188.5278666666668,
            1183.2766000000001,
            1178.0253333333335,
            1172.7740666666668,
            1167.5228,
            1162.2715333333333,
            1157.0202666666667,
            1151.769,
            1146.5177333333334,
            1141.2664666666667,
            1136.0152,
            1130.7639333333334,
            1125.5126666666665,
            1120.2613999999999,
            1115.0101333333332,
            1109.7588666666666,
            1104.5076,
            1099.2563333333333,
            1094.0050666666666,
            1088.7538,
            1083.5025333333333,
            1078.2512666666667,
            1073.0
        ]
    },
    "output": "ZPF",
    "broadcast_conditions": false,
    "values":
			[[["MONI3_59_OP8",["NI"],[0.7998480000000001]],["MONI3RT",["NI"],[0.7499049999999999]]],
			[["MONI3_59_OP8",["NI"],[0.7998480000000001]],["MONI3RT",["NI"],[0.7499049999999999]]],
			[["MONI3_59_OP8",["NI"],[0.7998480000000001]],["MONI3RT",["NI"],[0.7499049999999999]]],
			[["MONI3_59_OP8",["NI"],[0.7998480000000001]],["MONI3RT",["NI"],[0.7499049999999999]]],
			[["MONI3_59_OP8",["NI"],[0.7998480000000001]],["MONI3RT",["NI"],[0.7499049999999999]]],
			[["MONI3_59_OP8",["NI"],[0.7998480000000001]],["MONI3RT",["NI"],[0.7499049999999999]]],
			[["MONI3_59_OP8",["NI"],[0.7998480000000001]],["MONI3RT",["NI"],[0.7499049999999999]]],
			[["MONI3_59_OP8",["NI"],[0.7998480000000001]],["MONI3RT",["NI"],[0.7499049999999999]]],
			[["MONI3_59_OP8",["NI"],[0.7998480000000001]],["MONI3RT",["NI"],[0.7499049999999999]]],
			[["MONI3_59_OP8",["NI"],[0.7998480000000001]],["MONI3RT",["NI"],[0.7499049999999999]]],
			[["MONI3_59_OP8",["NI"],[0.7998480000000001]],["MONI3RT",["NI"],[0.7499049999999999]]],
			[["MONI3_59_OP8",["NI"],[0.7998480000000001]],["MONI3RT",["NI"],[0.7499049999999999]]],
			[["MONI3_59_OP8",["NI"],[0.7998480000000001]],["MONI3RT",["NI"],[0.7499049999999999]]],
			[["MONI3_59_OP8",["NI"],[0.7998480000000001]],["MONI3RT",["NI"],[0.7499049999999999]]],
			[["MONI3_59_OP8",["NI"],[0.7998480000000001]],["MONI3RT",["NI"],[0.7499049999999999]]],
			[["MONI3_59_OP8",["NI"],[0.7998480000000001]],["MONI3RT",["NI"],[0.7499049999999999]]],
			[["MONI3_59_OP8",["NI"],[0.7998480000000001]],["MONI3RT",["NI"],[0.7499049999999999]]],
			[["MONI3_59_OP8",["NI"],[0.7998480000000001]],["MONI3RT",["NI"],[0.7499049999999999]]],
			[["MONI3_59_OP8",["NI"],[0.7998480000000001]],["MONI3RT",["NI"],[0.7499049999999999]]],
			[["MONI3_59_OP8",["NI"],[0.7998480000000001]],["MONI3RT",["NI"],[0.7499049999999999]]],
			[["MONI3_59_OP8",["NI"],[0.7998480000000001]],["MONI3RT",["NI"],[0.7499049999999999]]],
			[["MONI3_59_OP8",["NI"],[0.7998480000000001]],["MONI3RT",["NI"],[0.7499049999999999]]],
			[["MONI3_59_OP8",["NI"],[0.7998480000000001]],["MONI3RT",["NI"],[0.7499049999999999]]],
			[["MONI3_59_OP8",["NI"],[0.7998480000000001]],["MONI3RT",["NI"],[0.7499049999999999]]],
			[["MONI3_59_OP8",["NI"],[0.7998480000000001]],["MONI3RT",["NI"],[0.7499049999999999]]],
			[["MONI3_59_OP8",["NI"],[0.7998480000000001]],["MONI3RT",["NI"],[0.7499049999999999]]],
			[["MONI3_59_OP8",["NI"],[0.7998480000000001]],["MONI3RT",["NI"],[0.7499049999999999]]],
			[["MONI3_59_OP8",["NI"],[0.7998480000000001]],["MONI3RT",["NI"],[0.7499049999999999]]],
			[["MONI3_59_OP8",["NI"],[0.7998480000000001]],["MONI3RT",["NI"],[0.7499049999999999]]],
			[["MONI3_59_OP8",["NI"],[0.7998480000000001]],["MONI3RT",["NI"],[0.7499049999999999]]],
			[["MONI3_59_OP8",["NI"],[0.7998480000000001]],["MONI3RT",["NI"],[0.7499049999999999]]],
			[["MONI3_59_OP8",["NI"],[0.7998480000000001]],["MONI3RT",["NI"],[0.7499049999999999]]]],
	"reference": "C101167"
}