{
    "components": [
        "MO",
        "NI"
    ],
    "phases": [
        "LIQUID",
        "MO0.98NI0.02_229_CI2",
        "MO7NI7_19_OP56",
        "MONI4_87_TI10"
    ],
    "conditions": {
        "P": 101325,
        "T": [
            2818.95,
            2763.76,
            2763.76,
            2707.55,
            2707.54,
            2650.43,
            2650.43,
            2592.28,
            2592.27,
            2532.94,
            2532.93,
            2472.28,
            2472.27,
            2410.17,
            2410.16,
            2346.46,
            2346.44,
            2281.01,
            2280.99,
            2213.69,
            2213.67,
            2144.3599999999997,
            2144.33,
            2072.87,
            2072.84,
            1999.08,
            1999.05,
            1922.87,
            1922.84,
            1844.09,
            1844.05,
            1762.59,
            1762.55,
            1678.5,
            1673.12,
            1632.07,
            1643.08,
            1643.08,
            1654.23,
            1654.24,
            1665.32,
            1665.32,
            1676.23,
            1676.24,
            1686.89,
            1686.89,
            1697.18,
            1697.19,
            1707.03,
            1707.03,
            1716.33,
            1716.33,
            1724.99,
            1725.0,
            1732.92,
            1732.92,
            1740.02,
            1740.02,
            1746.2,
            1746.2,
            1751.36,
            1751.37,
            1755.42,
            1755.42,
            1758.27,
            1758.27,
            1759.82,
            1759.82,
            1759.97
        ]
    },
    "output": "ZPF",
    "broadcast_conditions": false,
    "values":
			[[["LIQUID",["NI"],[0.000381243]],["MO0.98NI0.02_229_CI2",["NI"],[null]]],
			[["LIQUID",["NI"],[0.0453633]],["MO0.98NI0.02_229_CI2",["NI"],[0.005831652423822692]]],
			[["LIQUID",["NI"],[0.045367]],["MO0.98NI0.02_229_CI2",["NI"],[0.005831652423822692]]],
			[["LIQUID",["NI"],[0.0899761]],["MO0.98NI0.02_229_CI2",["NI"],[0.01063624981949456]]],
			[["LIQUID",["NI"],[0.0899804]],["MO0.98NI0.02_229_CI2",["NI"],[0.010636907581227427]]],
			[["LIQUID",["NI"],[0.13390000000000002]],["MO0.98NI0.02_229_CI2",["NI"],[0.014195154603501554]]],
			[["LIQUID",["NI"],[0.133906]],["MO0.98NI0.02_229_CI2",["NI"],[0.014195154603501554]]],
			[["LIQUID",["NI"],[0.177029]],["MO0.98NI0.02_229_CI2",["NI"],[0.016973387587511813]]],
			[["LIQUID",["NI"],[0.17703499999999997]],["MO0.98NI0.02_229_CI2",["NI"],[0.016973800189214756]]],
			[["LIQUID",["NI"],[0.219256]],["MO0.98NI0.02_229_CI2",["NI"],[0.01911851233834324]]],
			[["LIQUID",["NI"],[0.219263]],["MO0.98NI0.02_229_CI2",["NI"],[0.019118827368053138]]],
			[["LIQUID",["NI"],[0.260473]],["MO0.98NI0.02_229_CI2",["NI"],[0.020735579305870902]]],
			[["LIQUID",["NI"],[0.26048]],["MO0.98NI0.02_229_CI2",["NI"],[0.02073580919558871]]],
			[["LIQUID",["NI"],[0.30057300000000003]],["MO0.98NI0.02_229_CI2",["NI"],[0.02190129989424384]]],
			[["LIQUID",["NI"],[0.300581]],["MO0.98NI0.02_229_CI2",["NI"],[0.021901454827013143]]],
			[["LIQUID",["NI"],[0.33945000000000003]],["MO0.98NI0.02_229_CI2",["NI"],[0.022672489220118677]]],
			[["LIQUID",["NI"],[0.339459]],["MO0.98NI0.02_229_CI2",["NI"],[0.02267266619101441]]],
			[["LIQUID",["NI"],[0.376995]],["MO0.98NI0.02_229_CI2",["NI"],[0.02309055565862709]]],
			[["LIQUID",["NI"],[0.377005]],["MO0.98NI0.02_229_CI2",["NI"],[0.023090614020673205]]],
			[["LIQUID",["NI"],[0.413103]],["MO0.98NI0.02_229_CI2",["NI"],[0.023185746689113357]]],
			[["LIQUID",["NI"],[0.413114]],["MO0.98NI0.02_229_CI2",["NI"],[0.02318569857837636]]],
			[["LIQUID",["NI"],[0.44766599999999995]],["MO0.98NI0.02_229_CI2",["NI"],[0.02297973972473826]]],
			[["LIQUID",["NI"],[0.447678]],["MO0.98NI0.02_229_CI2",["NI"],[0.022979523326667448]]],
			[["LIQUID",["NI"],[0.480577]],["MO0.98NI0.02_229_CI2",["NI"],[0.022464063121985647]]],
			[["LIQUID",["NI"],[0.480589]],["MO0.98NI0.02_229_CI2",["NI"],[0.022463846723914833]]],
			[["LIQUID",["NI"],[0.511729]],["MO0.98NI0.02_229_CI2",["NI"],[0.02163370957624291]]],
			[["LIQUID",["NI"],[0.511741]],["MO0.98NI0.02_229_CI2",["NI"],[0.021633362495829162]]],
			[["LIQUID",["NI"],[0.541014]],["MO0.98NI0.02_229_CI2",["NI"],[0.0205346264572573]]],
			[["LIQUID",["NI"],[0.541027]],["MO0.98NI0.02_229_CI2",["NI"],[0.020534160219247394]]],
			[["LIQUID",["NI"],[0.5683250000000001]],["MO0.98NI0.02_229_CI2",["NI"],[0.01916998406565909]]],
			[["LIQUID",["NI"],[0.568338]],["MO0.98NI0.02_229_CI2",["NI"],[0.01916921717545791]]],
			[["LIQUID",["NI"],[0.5935549999999999]],["MO0.98NI0.02_229_CI2",["NI"],[0.017540009399999997]]],
			[["LIQUID",["NI"],[0.593568]],["MO0.98NI0.02_229_CI2",["NI"],[0.01753910917142857]]],
			[["LIQUID",["NI"],[0.61653]],["MO0.98NI0.02_229_CI2",["NI"],[0.015647503885714287]]],
			[["LIQUID",["NI"],[0.6222883265130305]],["MO7NI7_19_OP56",["NI"],[0.498284]]],
			[["LIQUID",["NI"],[0.6662250000000001]],["MONI4_87_TI10",["NI"],[0.7205920581148121]]],
			[["LIQUID",["NI"],[0.678558]],["MONI4_87_TI10",["NI"],[0.7312821360737067]]],
			[["LIQUID",["NI"],[0.678566]],["MONI4_87_TI10",["NI"],[0.7312821360737067]]],
			[["LIQUID",["NI"],[0.6920069999999999]],["MONI4_87_TI10",["NI"],[0.7426345162002945]]],
			[["LIQUID",["NI"],[0.692016]],["MONI4_87_TI10",["NI"],[0.7426447098674521]]],
			[["LIQUID",["NI"],[0.7064149999999999]],["MONI4_87_TI10",["NI"],[0.7544824050632911]]],
			[["LIQUID",["NI"],[0.706423]],["MONI4_87_TI10",["NI"],[0.7544824050632911]]],
			[["LIQUID",["NI"],[0.721765]],["MONI4_87_TI10",["NI"],[0.7668487597955708]]],
			[["LIQUID",["NI"],[0.721773]],["MONI4_87_TI10",["NI"],[0.7668604105621807]]],
			[["LIQUID",["NI"],[0.738042]],["MONI4_87_TI10",["NI"],[0.7798535166051661]]],
			[["LIQUID",["NI"],[0.7380500000000001]],["MONI4_87_TI10",["NI"],[0.7798535166051661]]],
			[["LIQUID",["NI"],[0.755231]],["MONI4_87_TI10",["NI"],[0.7935946763819096]]],
			[["LIQUID",["NI"],[0.755239]],["MONI4_87_TI10",["NI"],[0.7936087155778896]]],
			[["LIQUID",["NI"],[0.7733150000000001]],["MONI4_87_TI10",["NI"],[0.8082393186813186]]],
			[["LIQUID",["NI"],[0.773323]],["MONI4_87_TI10",["NI"],[0.8082393186813186]]],
			[["LIQUID",["NI"],[0.79228]],["MONI4_87_TI10",["NI"],[0.8239443009708736]]],
			[["LIQUID",["NI"],[0.7922880000000001]],["MONI4_87_TI10",["NI"],[0.8239443009708736]]],
			[["LIQUID",["NI"],[0.812109]],["MONI4_87_TI10",["NI"],[0.8409080916442051]]],
			[["LIQUID",["NI"],[0.812117]],["MONI4_87_TI10",["NI"],[0.840928654986523]]],
			[["LIQUID",["NI"],[0.832787]],["MONI4_87_TI10",["NI"],[0.8593618333333335]]],
			[["LIQUID",["NI"],[0.832795]],["MONI4_87_TI10",["NI"],[0.8593618333333335]]],
			[["LIQUID",["NI"],[0.854299]],["MONI4_87_TI10",["NI"],[0.8800020898203593]]],
			[["LIQUID",["NI"],[0.854307]],["MONI4_87_TI10",["NI"],[0.8800020898203593]]],
			[["LIQUID",["NI"],[0.8766280000000001]],["MONI4_87_TI10",["NI"],[0.9033477924528305]]],
			[["LIQUID",["NI"],[0.8766370000000001]],["MONI4_87_TI10",["NI"],[0.9033477924528305]]],
			[["LIQUID",["NI"],[0.89976]],["MONI4_87_TI10",["NI"],[0.9295174154727789]]],
			[["LIQUID",["NI"],[0.899769]],["MONI4_87_TI10",["NI"],[0.9295737936962746]]],
			[["LIQUID",["NI"],[0.923679]],["MONI4_87_TI10",["NI"],[0.961202221674878]]],
			[["LIQUID",["NI"],[0.923687]],["MONI4_87_TI10",["NI"],[0.961202221674878]]],
			[["LIQUID",["NI"],[0.948369]],["MONI4_87_TI10",["NI"],[null]]],
			[["LIQUID",["NI"],[0.948377]],["MONI4_87_TI10",["NI"],[null]]],
			[["LIQUID",["NI"],[0.973814]],["MONI4_87_TI10",["NI"],[null]]],
			[["LIQUID",["NI"],[0.973823]],["MONI4_87_TI10",["NI"],[null]]],
			[["LIQUID",["NI"],[0.999619]],["MONI4_87_TI10",["NI"],[null]]]],
	"reference": "C101167"
}