{
    "components": [
        "MO",
        "NI"
    ],
    "phases": [
        "MO0.98NI0.02_229_CI2",
        "MO7NI7_19_OP56",
        "LIQUID"
    ],
    "conditions": {
        "P": 101325,
        "T": [
            1159.342,
            1186.437,
            1186.442,
            1223.844,
            1223.8490000000002,
            1260.896,
            1260.9009999999998,
            1297.59,
            1297.6,
            1333.94,
            1333.94,
            1369.92,
            1369.93,
            1405.56,
            1405.56,
            1440.84,
            1440.84,
            1475.76,
            1475.76,
            1510.33,
            1510.33,
            1544.54,
            1544.55,
            1578.4,
            1578.41,
            1611.91,
            1611.91,
            1645.05,
            1645.06,
            1677.82,
            1681.32,
            1684.82,
            1688.32,
            1691.82,
            1695.32,
            1698.82,
            1702.32,
            1705.82,
            1709.32,
            1712.82,
            1716.32,
            1719.82,
            1723.32,
            1726.82,
            1730.32,
            1733.82,
            1737.32,
            1740.82,
            1744.32,
            1747.82,
            1751.32,
            1754.82,
            1758.32,
            1761.82,
            1765.32,
            1768.82,
            1772.32,
            1775.82,
            1779.32,
            1782.82,
            1882.73,
            1977.6,
            2067.51,
            2152.52,
            2232.71,
            2308.17,
            2378.95,
            2445.14,
            2506.8,
            2564.02,
            2616.87,
            2665.42,
            2709.74,
            2749.91,
            2786.01
        ]
    },
    "output": "ZPF",
    "broadcast_conditions": false,
    "values":
			[[["MO0.98NI0.02_229_CI2",["NI"],[0.000381243]],["MO7NI7_19_OP56",["NI"],[null]]],
			[["MO0.98NI0.02_229_CI2",["NI"],[0.000699319]],["MO7NI7_19_OP56",["NI"],[null]]],
			[["MO0.98NI0.02_229_CI2",["NI"],[0.0006993870000000001]],["MO7NI7_19_OP56",["NI"],[null]]],
			[["MO0.98NI0.02_229_CI2",["NI"],[0.0012257400000000001]],["MO7NI7_19_OP56",["NI"],[null]]],
			[["MO0.98NI0.02_229_CI2",["NI"],[0.0012258199999999999]],["MO7NI7_19_OP56",["NI"],[null]]],
			[["MO0.98NI0.02_229_CI2",["NI"],[0.00183528]],["MO7NI7_19_OP56",["NI"],[null]]],
			[["MO0.98NI0.02_229_CI2",["NI"],[0.0018353800000000002]],["MO7NI7_19_OP56",["NI"],[null]]],
			[["MO0.98NI0.02_229_CI2",["NI"],[0.0025279499999999997]],["MO7NI7_19_OP56",["NI"],[null]]],
			[["MO0.98NI0.02_229_CI2",["NI"],[0.00252806]],["MO7NI7_19_OP56",["NI"],[null]]],
			[["MO0.98NI0.02_229_CI2",["NI"],[0.0033037300000000004]],["MO7NI7_19_OP56",["NI"],[null]]],
			[["MO0.98NI0.02_229_CI2",["NI"],[0.00330386]],["MO7NI7_19_OP56",["NI"],[null]]],
			[["MO0.98NI0.02_229_CI2",["NI"],[0.00416265]],["MO7NI7_19_OP56",["NI"],[null]]],
			[["MO0.98NI0.02_229_CI2",["NI"],[0.00416279]],["MO7NI7_19_OP56",["NI"],[null]]],
			[["MO0.98NI0.02_229_CI2",["NI"],[0.005104689999999999]],["MO7NI7_19_OP56",["NI"],[0.49058352733545646]]],
			[["MO0.98NI0.02_229_CI2",["NI"],[0.005104849999999999]],["MO7NI7_19_OP56",["NI"],[0.49058352733545646]]],
			[["MO0.98NI0.02_229_CI2",["NI"],[0.00612985]],["MO7NI7_19_OP56",["NI"],[0.4918312681159421]]],
			[["MO0.98NI0.02_229_CI2",["NI"],[0.00613003]],["MO7NI7_19_OP56",["NI"],[0.4918312681159421]]],
			[["MO0.98NI0.02_229_CI2",["NI"],[0.00723814]],["MO7NI7_19_OP56",["NI"],[0.4929847016434893]]],
			[["MO0.98NI0.02_229_CI2",["NI"],[0.007238339999999999]],["MO7NI7_19_OP56",["NI"],[0.4929847016434893]]],
			[["MO0.98NI0.02_229_CI2",["NI"],[0.008429560000000001]],["MO7NI7_19_OP56",["NI"],[0.4940561535608309]]],
			[["MO0.98NI0.02_229_CI2",["NI"],[0.00842978]],["MO7NI7_19_OP56",["NI"],[0.4940561535608309]]],
			[["MO0.98NI0.02_229_CI2",["NI"],[0.00970411]],["MO7NI7_19_OP56",["NI"],[0.4950484465875371]]],
			[["MO0.98NI0.02_229_CI2",["NI"],[0.00970435]],["MO7NI7_19_OP56",["NI"],[0.4950487366468843]]],
			[["MO0.98NI0.02_229_CI2",["NI"],[0.0110618]],["MO7NI7_19_OP56",["NI"],[0.49596559322033895]]],
			[["MO0.98NI0.02_229_CI2",["NI"],[0.011062099999999998]],["MO7NI7_19_OP56",["NI"],[0.49596586271186444]]],
			[["MO0.98NI0.02_229_CI2",["NI"],[0.012502599999999999]],["MO7NI7_19_OP56",["NI"],[0.4968240876276419]]],
			[["MO0.98NI0.02_229_CI2",["NI"],[0.012502899999999999]],["MO7NI7_19_OP56",["NI"],[0.4968240876276419]]],
			[["MO0.98NI0.02_229_CI2",["NI"],[0.014026499999999999]],["MO7NI7_19_OP56",["NI"],[0.49762918597063616]]],
			[["MO0.98NI0.02_229_CI2",["NI"],[0.0140269]],["MO7NI7_19_OP56",["NI"],[0.49762941924959214]]],
			[["MO0.98NI0.02_229_CI2",["NI"],[0.0156322]],["LIQUID",["NI"],[0.6172578182209779]]],
			[["MO0.98NI0.02_229_CI2",["NI"],[0.01571097]],["LIQUID",["NI"],[0.6157595914336704]]],
			[["MO0.98NI0.02_229_CI2",["NI"],[0.01578974]],["LIQUID",["NI"],[0.6148034105889352]]],
			[["MO0.98NI0.02_229_CI2",["NI"],[0.01586851]],["LIQUID",["NI"],[0.6138472297441999]]],
			[["MO0.98NI0.02_229_CI2",["NI"],[0.01594728]],["LIQUID",["NI"],[0.6128910488994646]]],
			[["MO0.98NI0.02_229_CI2",["NI"],[0.01602605]],["LIQUID",["NI"],[0.6119348680547294]]],
			[["MO0.98NI0.02_229_CI2",["NI"],[0.01610482]],["LIQUID",["NI"],[0.610978687209994]]],
			[["MO0.98NI0.02_229_CI2",["NI"],[0.01618359]],["LIQUID",["NI"],[0.6100225063652588]]],
			[["MO0.98NI0.02_229_CI2",["NI"],[0.01626236]],["LIQUID",["NI"],[0.6090663255205235]]],
			[["MO0.98NI0.02_229_CI2",["NI"],[0.016341130000000002]],["LIQUID",["NI"],[0.6081101446757882]]],
			[["MO0.98NI0.02_229_CI2",["NI"],[0.0164199]],["LIQUID",["NI"],[0.6071539638310529]]],
			[["MO0.98NI0.02_229_CI2",["NI"],[0.01649867]],["LIQUID",["NI"],[0.6061977829863177]]],
			[["MO0.98NI0.02_229_CI2",["NI"],[0.016577440000000002]],["LIQUID",["NI"],[0.6052416021415824]]],
			[["MO0.98NI0.02_229_CI2",["NI"],[0.01665621]],["LIQUID",["NI"],[0.6042854212968471]]],
			[["MO0.98NI0.02_229_CI2",["NI"],[0.01673498]],["LIQUID",["NI"],[0.6033292404521119]]],
			[["MO0.98NI0.02_229_CI2",["NI"],[0.016813750000000002]],["LIQUID",["NI"],[0.6023730596073765]]],
			[["MO0.98NI0.02_229_CI2",["NI"],[0.01689252]],["LIQUID",["NI"],[0.6014168787626413]]],
			[["MO0.98NI0.02_229_CI2",["NI"],[0.01697129]],["LIQUID",["NI"],[0.600460697917906]]],
			[["MO0.98NI0.02_229_CI2",["NI"],[0.01705006]],["LIQUID",["NI"],[0.5995045170731708]]],
			[["MO0.98NI0.02_229_CI2",["NI"],[0.01712883]],["LIQUID",["NI"],[0.5985483362284354]]],
			[["MO0.98NI0.02_229_CI2",["NI"],[0.0172076]],["LIQUID",["NI"],[0.5975921553837003]]],
			[["MO0.98NI0.02_229_CI2",["NI"],[0.01728637]],["LIQUID",["NI"],[0.5966359745389649]]],
			[["MO0.98NI0.02_229_CI2",["NI"],[0.01736514]],["LIQUID",["NI"],[0.5956797936942296]]],
			[["MO0.98NI0.02_229_CI2",["NI"],[0.01744391]],["LIQUID",["NI"],[0.5947236128494944]]],
			[["MO0.98NI0.02_229_CI2",["NI"],[0.01752268]],["LIQUID",["NI"],[0.5937674320047591]]],
			[["MO0.98NI0.02_229_CI2",["NI"],[0.01760145]],["LIQUID",["NI"],[0.5927098930763565]]],
			[["MO0.98NI0.02_229_CI2",["NI"],[0.01768022]],["LIQUID",["NI"],[0.5916264226614288]]],
			[["MO0.98NI0.02_229_CI2",["NI"],[0.017758990000000002]],["LIQUID",["NI"],[0.5905429522465013]]],
			[["MO0.98NI0.02_229_CI2",["NI"],[0.01783776]],["LIQUID",["NI"],[0.5894594818315738]]],
			[["MO0.98NI0.02_229_CI2",["NI"],[0.01791653]],["LIQUID",["NI"],[0.5883760114166462]]],
			[["MO0.98NI0.02_229_CI2",["NI"],[0.017995300000000002]],["LIQUID",["NI"],[0.5872925410017187]]],
			[["MO0.98NI0.02_229_CI2",["NI"],[0.0199108]],["LIQUID",["NI"],[0.5549307813333333]]],
			[["MO0.98NI0.02_229_CI2",["NI"],[0.021385200000000004]],["LIQUID",["NI"],[0.5199833976109215]]],
			[["MO0.98NI0.02_229_CI2",["NI"],[0.022425399999999998]],["LIQUID",["NI"],[0.4828392196312364]]],
