{
    "components": [
        "MO",
        "NI"
    ],
    "phases": [
        "MO7NI7_19_OP56",
        "MO0.98NI0.02_229_CI2",
        "LIQUID",
        "MONI4_87_TI10",
        "MONI3RT"
    ],
    "conditions": {
        "P": 101325,
        "T": [
            1073.0,
            1099.409,
            1127.091,
            1156.013,
            1186.143,
            1217.4479999999999,
            1249.897,
            1283.46,
            1318.1,
            1353.79,
            1390.49,
            1428.17,
            1466.81,
            1506.36,
            1546.8,
            1588.1,
            1630.21,
            1673.12,
            1629.69,
            1617.4475,
            1605.2050000000002,
            1592.9625,
            1580.72,
            1568.4775,
            1556.2350000000001,
            1543.9925,
            1531.75,
            1519.5075,
            1507.265,
            1495.0225,
            1482.78,
            1470.5375,
            1458.295,
            1446.0525,
            1433.81,
            1421.5675,
            1409.325,
            1397.0825,
            1384.84,
            1372.5974999999999,
            1360.355,
            1348.1125,
            1335.87,
            1323.6275,
            1311.385,
            1299.1425,
            1286.9,
            1274.6575,
            1262.415,
            1073.0
        ]
    },
    "output": "ZPF",
    "broadcast_conditions": false,
    "values":
			[[["MO7NI7_19_OP56",["NI"],[0.471979]],["MO0.98NI0.02_229_CI2",["NI"],[null]]],
			[["MO7NI7_19_OP56",["NI"],[0.474183]],["MO0.98NI0.02_229_CI2",["NI"],[null]]],
			[["MO7NI7_19_OP56",["NI"],[0.476292]],["MO0.98NI0.02_229_CI2",["NI"],[null]]],
			[["MO7NI7_19_OP56",["NI"],[0.478307]],["MO0.98NI0.02_229_CI2",["NI"],[null]]],
			[["MO7NI7_19_OP56",["NI"],[0.48023200000000005]],["MO0.98NI0.02_229_CI2",["NI"],[0.0006958676494187121]]],
			[["MO7NI7_19_OP56",["NI"],[0.48206899999999997]],["MO0.98NI0.02_229_CI2",["NI"],[0.001135730006202876]]],
			[["MO7NI7_19_OP56",["NI"],[0.483821]],["MO0.98NI0.02_229_CI2",["NI"],[0.0016543355094879486]]],
			[["MO7NI7_19_OP56",["NI"],[0.485491]],["MO0.98NI0.02_229_CI2",["NI"],[0.0022612211684701154]]],
			[["MO7NI7_19_OP56",["NI"],[0.48708199999999996]],["MO0.98NI0.02_229_CI2",["NI"],[0.002965628381948265]]],
			[["MO7NI7_19_OP56",["NI"],[0.48859499999999995]],["MO0.98NI0.02_229_CI2",["NI"],[0.003777650480822677]]],
			[["MO7NI7_19_OP56",["NI"],[0.49003599999999997]],["MO0.98NI0.02_229_CI2",["NI"],[0.004706305689026102]]],
			[["MO7NI7_19_OP56",["NI"],[0.49140500000000004]],["MO0.98NI0.02_229_CI2",["NI"],[0.0057617448412698455]]],
			[["MO7NI7_19_OP56",["NI"],[0.492705]],["MO0.98NI0.02_229_CI2",["NI"],[0.0069541312800687274]]],
			[["MO7NI7_19_OP56",["NI"],[0.493941]],["MO0.98NI0.02_229_CI2",["NI"],[0.008292760943014173]]],
			[["MO7NI7_19_OP56",["NI"],[0.495114]],["MO0.98NI0.02_229_CI2",["NI"],[0.009794579320531759]]],
			[["MO7NI7_19_OP56",["NI"],[0.49622700000000003]],["MO0.98NI0.02_229_CI2",["NI"],[0.011478769999999992]]],
			[["MO7NI7_19_OP56",["NI"],[0.497283]],["MO0.98NI0.02_229_CI2",["NI"],[0.013344236149668075]]],
			[["MO7NI7_19_OP56",["NI"],[0.498284]],["LIQUID",["NI"],[0.6222883265130305]]],
			[["MO7NI7_19_OP56",["NI"],[0.514868]],["MONI4_87_TI10",["NI"],[0.7182812147413182]]],
			[["MO7NI7_19_OP56",["NI"],[0.5150586333333333]],["MONI4_87_TI10",["NI"],[0.7206717945405241]]],
			[["MO7NI7_19_OP56",["NI"],[0.5152492666666667]],["MONI4_87_TI10",["NI"],[0.7235946371300065]]],
			[["MO7NI7_19_OP56",["NI"],[0.5154399000000001]],["MONI4_87_TI10",["NI"],[0.7265174797194891]]],
			[["MO7NI7_19_OP56",["NI"],[0.5156305333333333]],["MONI4_87_TI10",["NI"],[0.7294403223089715]]],
			[["MO7NI7_19_OP56",["NI"],[0.5158211666666667]],["MONI4_87_TI10",["NI"],[0.7323631648984539]]],
			[["MO7NI7_19_OP56",["NI"],[0.5160118]],["MONI4_87_TI10",["NI"],[0.7352860074879365]]],
			[["MO7NI7_19_OP56",["NI"],[0.5162024333333334]],["MONI4_87_TI10",["NI"],[0.7382088500774191]]],
			[["MO7NI7_19_OP56",["NI"],[0.5163930666666667]],["MONI4_87_TI10",["NI"],[0.7411316926669015]]],
			[["MO7NI7_19_OP56",["NI"],[0.5165837000000001]],["MONI4_87_TI10",["NI"],[0.7440545352563841]]],
			[["MO7NI7_19_OP56",["NI"],[0.5167743333333333]],["MONI4_87_TI10",["NI"],[0.7469773778458665]]],
			[["MO7NI7_19_OP56",["NI"],[0.5169649666666667]],["MONI4_87_TI10",["NI"],[0.7499002204353491]]],
			[["MO7NI7_19_OP56",["NI"],[0.5171556]],["MONI4_87_TI10",["NI"],[0.7528230630248314]]],
			[["MO7NI7_19_OP56",["NI"],[0.5173462333333334]],["MONI4_87_TI10",["NI"],[0.7557459056143139]]],
			[["MO7NI7_19_OP56",["NI"],[0.5175368666666667]],["MONI4_87_TI10",["NI"],[0.7586687482037964]]],
			[["MO7NI7_19_OP56",["NI"],[0.5177275]],["MONI4_87_TI10",["NI"],[0.7615915907932789]]],
			[["MO7NI7_19_OP56",["NI"],[0.5179181333333334]],["MONI4_87_TI10",["NI"],[0.7645144333827614]]],
			[["MO7NI7_19_OP56",["NI"],[0.5181087666666666]],["MONI4_87_TI10",["NI"],[0.7674372759722439]]],
			[["MO7NI7_19_OP56",["NI"],[0.5182994]],["MONI4_87_TI10",["NI"],[0.7703601185617264]]],
			[["MO7NI7_19_OP56",["NI"],[0.5184900333333333]],["MONI4_87_TI10",["NI"],[0.7732829611512089]]],
			[["MO7NI7_19_OP56",["NI"],[0.5186806666666667]],["MONI4_87_TI10",["NI"],[0.7762058037406914]]],
			[["MO7NI7_19_OP56",["NI"],[0.5188713]],["MONI4_87_TI10",["NI"],[0.7791286463301738]]],
			[["MO7NI7_19_OP56",["NI"],[0.5190619333333334]],["MONI4_87_TI10",["NI"],[0.7820514889196564]]],
			[["MO7NI7_19_OP56",["NI"],[0.5192525666666667]],["MONI4_87_TI10",["NI"],[0.7849743315091388]]],
			[["MO7NI7_19_OP56",["NI"],[0.5194432]],["MONI4_87_TI10",["NI"],[0.7878971740986214]]],
			[["MO7NI7_19_OP56",["NI"],[0.5196338333333334]],["MONI4_87_TI10",["NI"],[0.7908200166881038]]],
			[["MO7NI7_19_OP56",["NI"],[0.5198244666666667]],["MONI4_87_TI10",["NI"],[0.7937428592775863]]],
			[["MO7NI7_19_OP56",["NI"],[0.5200151000000001]],["MONI4_87_TI10",["NI"],[0.7966657018670686]]],
			[["MO7NI7_19_OP56",["NI"],[0.5202057333333334]],["MONI4_87_TI10",["NI"],[0.7995885444565513]]],
			[["MO7NI7_19_OP56",["NI"],[0.5203963666666667]],["MONI4_87_TI10",["NI"],[0.8025113870460336]]],
			[["MO7NI7_19_OP56",["NI"],[0.520587]],["MONI3RT",["NI"],[0.7499049999999999]]],
			[["MO7NI7_19_OP56",["NI"],[0.5]],["MONI3RT",["NI"],[0.7499049999999999]]]],
	"reference": "C101167"
}