{
    "components": [
        "MO",
        "NI"
    ],
    "phases": [
        "MONI3RT",
        "MO7NI7_19_OP56",
        "MONI4_87_TI10",
        "MONI3_59_OP8"
    ],
    "conditions": {
        "P": 101325,
        "T": [
            1262.415,
            1262.415,
            1230.538,
            1256.1011666666666,
            1249.7873333333332,
            1243.4735,
            1237.1596666666667,
            1230.8458333333333,
            1230.538,
            1224.532,
            1218.2181666666665,
            1211.9043333333334,
            1205.5905,
            1199.2766666666666,
            1192.9628333333333,
            1186.649,
            1180.3351666666667,
            1174.0213333333334,
            1167.7075,
            1161.3936666666666,
            1155.0798333333332,
            1148.766,
            1142.4521666666667,
            1136.1383333333333,
            1129.8245,
            1123.5106666666666,
            1117.1968333333334,
            1110.883,
            1104.5691666666667,
            1098.2553333333333,
            1091.9415,
            1085.6276666666668,
            1079.3138333333334,
            1073.0
        ]
    },
    "output": "ZPF",
    "broadcast_conditions": false,
    "values":
			[[["MONI3RT",["NI"],[0.7499049999999999]],["MO7NI7_19_OP56",["NI"],[0.520587]]],
			[["MONI3RT",["NI"],[0.7499049999999999]],["MO7NI7_19_OP56",["NI"],[0.520587]]],
			[["MONI3RT",["NI"],[0.7499049999999999]],["MONI4_87_TI10",["NI"],[0.8253871388174807]]],
			[["MONI3RT",["NI"],[0.7499049999999999]],["MONI4_87_TI10",["NI"],[0.8095253425047041]]],
			[["MONI3RT",["NI"],[0.7499049999999999]],["MONI4_87_TI10",["NI"],[0.8133766394731587]]],
			[["MONI3RT",["NI"],[0.7499049999999999]],["MONI4_87_TI10",["NI"],[0.8172279364416134]]],
			[["MONI3RT",["NI"],[0.7499049999999999]],["MONI4_87_TI10",["NI"],[0.8210792334100679]]],
			[["MONI3RT",["NI"],[0.7499049999999999]],["MONI3_59_OP8",["NI"],[0.7998480000000001]]],
			[["MONI3RT",["NI"],[0.7499049999999999]],["MONI3_59_OP8",["NI"],[0.7998480000000001]]],
			[["MONI3RT",["NI"],[0.7499049999999999]],["MONI3_59_OP8",["NI"],[0.7998480000000001]]],
			[["MONI3RT",["NI"],[0.7499049999999999]],["MONI3_59_OP8",["NI"],[0.7998480000000001]]],
			[["MONI3RT",["NI"],[0.7499049999999999]],["MONI3_59_OP8",["NI"],[0.7998480000000001]]],
			[["MONI3RT",["NI"],[0.7499049999999999]],["MONI3_59_OP8",["NI"],[0.7998480000000001]]],
			[["MONI3RT",["NI"],[0.7499049999999999]],["MONI3_59_OP8",["NI"],[0.7998480000000001]]],
			[["MONI3RT",["NI"],[0.7499049999999999]],["MONI3_59_OP8",["NI"],[0.7998480000000001]]],
			[["MONI3RT",["NI"],[0.7499049999999999]],["MONI3_59_OP8",["NI"],[0.7998480000000001]]],
			[["MONI3RT",["NI"],[0.7499049999999999]],["MONI3_59_OP8",["NI"],[0.7998480000000001]]],
			[["MONI3RT",["NI"],[0.7499049999999999]],["MONI3_59_OP8",["NI"],[0.7998480000000001]]],
			[["MONI3RT",["NI"],[0.7499049999999999]],["MONI3_59_OP8",["NI"],[0.7998480000000001]]],
			[["MONI3RT",["NI"],[0.7499049999999999]],["MONI3_59_OP8",["NI"],[0.7998480000000001]]],
			[["MONI3RT",["NI"],[0.7499049999999999]],["MONI3_59_OP8",["NI"],[0.7998480000000001]]],
			[["MONI3RT",["NI"],[0.7499049999999999]],["MONI3_59_OP8",["NI"],[0.7998480000000001]]],
			[["MONI3RT",["NI"],[0.7499049999999999]],["MONI3_59_OP8",["NI"],[0.7998480000000001]]],
			[["MONI3RT",["NI"],[0.7499049999999999]],["MONI3_59_OP8",["NI"],[0.7998480000000001]]],
			[["MONI3RT",["NI"],[0.7499049999999999]],["MONI3_59_OP8",["NI"],[0.7998480000000001]]],
			[["MONI3RT",["NI"],[0.7499049999999999]],["MONI3_59_OP8",["NI"],[0.7998480000000001]]],
			[["MONI3RT",["NI"],[0.7499049999999999]],["MONI3_59_OP8",["NI"],[0.7998480000000001]]],
			[["MONI3RT",["NI"],[0.7499049999999999]],["MONI3_59_OP8",["NI"],[0.7998480000000001]]],
			[["MONI3RT",["NI"],[0.7499049999999999]],["MONI3_59_OP8",["NI"],[0.7998480000000001]]],
			[["MONI3RT",["NI"],[0.7499049999999999]],["MONI3_59_OP8",["NI"],[0.7998480000000001]]],
			[["MONI3RT",["NI"],[0.7499049999999999]],["MONI3_59_OP8",["NI"],[0.7998480000000001]]],
			[["MONI3RT",["NI"],[0.7499049999999999]],["MONI3_59_OP8",["NI"],[0.7998480000000001]]],
			[["MONI3RT",["NI"],[0.7499049999999999]],["MONI3_59_OP8",["NI"],[0.7998480000000001]]],
			[["MONI3RT",["NI"],[0.7499049999999999]],["MONI3_59_OP8",["NI"],[0.7998480000000001]]]],
	"reference": "C101167"
}