{
    "components": [
        "MO",
        "NI"
    ],
    "phases": [
        "MONI4_87_TI10",
        "LIQUID",
        "MO7NI7_19_OP56",
        "MONI3RT",
        "MONI3_59_OP8"
    ],
    "conditions": {
        "P": 101325,
        "T": [
            1758.1,
            1756.8,
            1754.77,
            1752.01,
            1748.52,
            1744.28,
            1739.27,
            1733.47,
            1726.87,
            1719.45,
            1711.21,
            1702.11,
            1692.16,
            1681.32,
            1669.58,
            1656.94,
            1643.36,
            1629.25,
            1617.0437,
            1604.8374,
            1592.6311,
            1580.4248,
            1568.2185,
            1556.0122000000001,
            1543.8059,
            1531.5996,
            1519.3933,
            1507.187,
            1494.9807,
            1482.7744,
            1470.5681,
            1458.3618000000001,
            1446.1555,
            1433.9492,
            1421.7429,
            1409.5366,
            1397.3303,
            1385.124,
            1372.9177,
            1360.7114000000001,
            1348.5051,
            1336.2988,
            1324.0925,
            1311.8862,
            1299.6799,
            1287.4736,
            1275.2673,
            1263.0610000000001,
            1262.415,
            1231.35,
            1230.538,
            1225.904,
            1225.887,
            1219.8890000000001,
            1219.871,
            1213.363,
            1213.344,
            1206.335,
            1206.315,
            1198.815,
            1198.795,
            1190.812,
            1190.7910000000002,
            1182.336,
            1182.3139999999999,
            1173.394,
            1173.3719999999998,
            1163.9969999999998,
            1163.975,
            1154.154,
            1154.132,
            1143.873,
            1143.8519999999999,
            1133.165,
            1133.144,
            1122.037,
            1122.017,
            1110.5,
            1110.48,
            1098.562,
            1098.542,
            1086.233,
            1086.214,
            1073.924,
            1073.924
        ]
    },
    "output": "ZPF",
    "broadcast_conditions": false,
    "values":
			[[["MONI4_87_TI10",["NI"],[0.999619]],["LIQUID",["NI"],[null]]],
			[["MONI4_87_TI10",["NI"],[0.976319]],["LIQUID",["NI"],[0.9356382842105256]]],
			[["MONI4_87_TI10",["NI"],[0.954082]],["LIQUID",["NI"],[0.9198415925925922]]],
			[["MONI4_87_TI10",["NI"],[0.9331820000000001]],["LIQUID",["NI"],[0.9035473703703708]]],
			[["MONI4_87_TI10",["NI"],[0.913506]],["LIQUID",["NI"],[0.8870333875968993]]],
			[["MONI4_87_TI10",["NI"],[0.894941]],["LIQUID",["NI"],[0.8696933203883493]]],
			[["MONI4_87_TI10",["NI"],[0.877372]],["LIQUID",["NI"],[0.8520274507042254]]],
			[["MONI4_87_TI10",["NI"],[0.860688]],["LIQUID",["NI"],[0.8344608028169013]]],
			[["MONI4_87_TI10",["NI"],[0.844774]],["LIQUID",["NI"],[0.8169974166666663]]],
			[["MONI4_87_TI10",["NI"],[0.829516]],["LIQUID",["NI"],[0.7994290531177832]]],
			[["MONI4_87_TI10",["NI"],[0.8148009999999999]],["LIQUID",["NI"],[0.7818434580645163]]],
			[["MONI4_87_TI10",["NI"],[0.8005159999999999]],["LIQUID",["NI"],[0.7642769999999999]]],
			[["MONI4_87_TI10",["NI"],[0.7865470000000001]],["LIQUID",["NI"],[0.7468492099125364]]],
			[["MONI4_87_TI10",["NI"],[0.772779]],["LIQUID",["NI"],[0.729533236619718]]],
			[["MONI4_87_TI10",["NI"],[0.759101]],["LIQUID",["NI"],[0.7124135517873511]]],
			[["MONI4_87_TI10",["NI"],[0.745397]],["LIQUID",["NI"],[0.6955247815884478]]],
			[["MONI4_87_TI10",["NI"],[0.731554]],["LIQUID",["NI"],[0.678903531838565]]],
			[["MONI4_87_TI10",["NI"],[0.717854]],["MO7NI7_19_OP56",["NI"],[0.5148748514328501]]],
			[["MONI4_87_TI10",["NI"],[0.7207682]],["MO7NI7_19_OP56",["NI"],[0.5150649210801171]]],
			[["MONI4_87_TI10",["NI"],[0.7236824]],["MO7NI7_19_OP56",["NI"],[0.5152549907273841]]],
			[["MONI4_87_TI10",["NI"],[0.7265966]],["MO7NI7_19_OP56",["NI"],[0.5154450603746512]]],
			[["MONI4_87_TI10",["NI"],[0.7295107999999999]],["MO7NI7_19_OP56",["NI"],[0.5156351300219182]]],
			[["MONI4_87_TI10",["NI"],[0.7324249999999999]],["MO7NI7_19_OP56",["NI"],[0.5158251996691853]]],
			[["MONI4_87_TI10",["NI"],[0.7353392]],["MO7NI7_19_OP56",["NI"],[0.5160152693164523]]],
			[["MONI4_87_TI10",["NI"],[0.7382534]],["MO7NI7_19_OP56",["NI"],[0.5162053389637193]]],
			[["MONI4_87_TI10",["NI"],[0.7411676]],["MO7NI7_19_OP56",["NI"],[0.5163954086109864]]],
			[["MONI4_87_TI10",["NI"],[0.7440818]],["MO7NI7_19_OP56",["NI"],[0.5165854782582534]]],
			[["MONI4_87_TI10",["NI"],[0.746996]],["MO7NI7_19_OP56",["NI"],[0.5167755479055204]]],
			[["MONI4_87_TI10",["NI"],[0.7499102000000001]],["MO7NI7_19_OP56",["NI"],[0.5169656175527875]]],
			[["MONI4_87_TI10",["NI"],[0.7528244]],["MO7NI7_19_OP56",["NI"],[0.5171556872000544]]],
			[["MONI4_87_TI10",["NI"],[0.7557385999999999]],["MO7NI7_19_OP56",["NI"],[0.5173457568473215]]],
			[["MONI4_87_TI10",["NI"],[0.7586528]],["MO7NI7_19_OP56",["NI"],[0.5175358264945885]]],
			[["MONI4_87_TI10",["NI"],[0.761567]],["MO7NI7_19_OP56",["NI"],[0.5177258961418556]]],
			[["MONI4_87_TI10",["NI"],[0.7644812000000001]],["MO7NI7_19_OP56",["NI"],[0.5179159657891226]]],
			[["MONI4_87_TI10",["NI"],[0.7673954000000001]],["MO7NI7_19_OP56",["NI"],[0.5181060354363897]]],
			[["MONI4_87_TI10",["NI"],[0.7703096]],["MO7NI7_19_OP56",["NI"],[0.5182961050836566]]],
			[["MONI4_87_TI10",["NI"],[0.7732238000000001]],["MO7NI7_19_OP56",["NI"],[0.5184861747309237]]],
			[["MONI4_87_TI10",["NI"],[0.776138]],["MO7NI7_19_OP56",["NI"],[0.5186762443781907]]],
			[["MONI4_87_TI10",["NI"],[0.7790522]],["MO7NI7_19_OP56",["NI"],[0.5188663140254577]]],
			[["MONI4_87_TI10",["NI"],[0.7819664000000001]],["MO7NI7_19_OP56",["NI"],[0.5190563836727248]]],
			[["MONI4_87_TI10",["NI"],[0.7848806]],["MO7NI7_19_OP56",["NI"],[0.5192464533199919]]],
			[["MONI4_87_TI10",["NI"],[0.7877948]],["MO7NI7_19_OP56",["NI"],[0.519436522967259]]],
			[["MONI4_87_TI10",["NI"],[0.7907090000000001]],["MO7NI7_19_OP56",["NI"],[0.5196265926145259]]],
			[["MONI4_87_TI10",["NI"],[0.7936232000000001]],["MO7NI7_19_OP56",["NI"],[0.5198166622617929]]],
			[["MONI4_87_TI10",["NI"],[0.7965374]],["MO7NI7_19_OP56",["NI"],[0.52000673190906]]],
			[["MONI4_87_TI10",["NI"],[0.7994516]],["MO7NI7_19_OP56",["NI"],[0.5201968015563271]]],
			[["MONI4_87_TI10",["NI"],[0.8023658]],["MO7NI7_19_OP56",["NI"],[0.5203868712035941]]],
			[["MONI4_87_TI10",["NI"],[0.8052800000000001]],["MONI3RT",["NI"],[0.7499049999999999]]],
			[["MONI4_87_TI10",["NI"],[0.8056740455362494]],["MONI3RT",["NI"],[0.7499049999999999]]],
			[["MONI4_87_TI10",["NI"],[0.824623]],["MONI3_59_OP8",["NI"],[0.7998480000000001]]],
			[["MONI4_87_TI10",["NI"],[0.8253871388174807]],["MONI3_59_OP8",["NI"],[0.7998480000000001]]],
			[["MONI4_87_TI10",["NI"],[0.829748]],["MONI3_59_OP8",["NI"],[0.7998480000000001]]],
			[["MONI4_87_TI10",["NI"],[0.8297629999999999]],["MONI3_59_OP8",["NI"],[0.7998480000000001]]],
			[["MONI4_87_TI10",["NI"],[0.834807]],["MONI3_59_OP8",["NI"],[0.7998480000000001]]],
			[["MONI4_87_TI10",["NI"],[0.834821]],["MONI3_59_OP8",["NI"],[0.7998480000000001]]],
			[["MONI4_87_TI10",["NI"],[0.8397539999999999]],["MONI3_59_OP8",["NI"],[0.7998480000000001]]],
			[["MONI4_87_TI10",["NI"],[0.839768]],["MONI3_59_OP8",["NI"],[0.7998480000000001]]],
			[["MONI4_87_TI10",["NI"],[0.844592]],["MONI3_59_OP8",["NI"],[0.7998480000000001]]],
			[["MONI4_87_TI10",["NI"],[0.8446049999999999]],["MONI3_59_OP8",["NI"],[0.7998480000000001]]],
			[["MONI4_87_TI10",["NI"],[0.8493210000000001]],["MONI3_59_OP8",["NI"],[0.7998480000000001]]],
			[["MONI4_87_TI10",["NI"],[0.849334]],["MONI3_59_OP8",["NI"],[0.7998480000000001]]],
