{
    "components": [
        "CR",
        "FE",
        "NB"
    ],
    "phases": [
        "NB6.33FE6.67",
        "NB6.33FE6.67",
        "NBFE2"
    ],
    "conditions": {
        "P": [
            101325
        ],
        "T": [
            1273,
            1273,
            1273,
            1273,
            1273,
            1273,
            1273,
            1273,
            1273,
            1273,
            1273,
            1273,
            1273,
            1273,
            1273,
            1273,
            1273,
            1273,
            1273,
            1273,
            1273,
            1273,
            1273,
            1273,
            1273,
            1273,
            1273,
            1273,
            1273,
            1273,
            1273,
            1273,
            1273,
            1273,
            1273,
            1273,
            1273,
            1273,
            1273,
            1273,
            1273
        ]
    },
    "broadcast_conditions": false,
    "output": "ZPF",
    "values":
			[[["NB6.33FE6.67",["NB","CR"],[0.4879619306922394,0.0025583475126678135]],["NB6.33FE6.67",["NB","CR"],[0.9746860935663455,0.0006312642980528249]]],
			[["NB6.33FE6.67",["NB","CR"],[0.4881526976391904,0.005079531280047123]],["NB6.33FE6.67",["NB","CR"],[0.9746141024715818,0.0010024439349962666]]],
			[["NB6.33FE6.67",["NB","CR"],[0.48834346458614125,0.007600715047426654]],["NB6.33FE6.67",["NB","CR"],[0.9746141024715818,0.0010024439349962666]]],
			[["NB6.33FE6.67",["NB","CR"],[0.4885326004243033,0.010122803118218338]],["NB6.33FE6.67",["NB","CR"],[0.9745421113768178,0.0013736235719398193]]],
			[["NB6.33FE6.67",["NB","CR"],[0.48872148901734097,0.0126450282642383]],["NB6.33FE6.67",["NB","CR"],[0.974470120282054,0.00174480320888315]]],
			[["NB6.33FE6.67",["NB","CR"],[0.4889103776103787,0.015167253410258263]],["NB6.33FE6.67",["NB","CR"],[0.9743981291872902,0.0021159828458265917]]],
			[["NB6.33FE6.67",["NB","CR"],[0.4890940014157744,0.017692389002331832]],["NB6.33FE6.67",["NB","CR"],[0.9743261380925262,0.0024871624827702554]]],
			[["NB6.33FE6.67",["NB","CR"],[0.48927366886518386,0.02021971172168402]],["NB6.33FE6.67",["NB","CR"],[0.9742541469977625,0.002858342119713586]]],
			[["NB6.33FE6.67",["NB","CR"],[0.48945333631459353,0.022747034441035985]],["NB6.33FE6.67",["NB","CR"],[0.9741821559029986,0.003229521756657028]]],
			[["NB6.33FE6.67",["NB","CR"],[0.4896287812799388,0.025276676336969284]],["NB6.33FE6.67",["NB","CR"],[0.9741101648082348,0.0036007013936005805]]],
			[["NB6.33FE6.67",["NB","CR"],[0.4897928464881044,0.027812568503110757]],["NB6.33FE6.67",["NB","CR"],[0.9740381737134709,0.003971881030544022]]],
			[["NB6.33FE6.67",["NB","CR"],[0.48995691169627004,0.03034846066925212]],["NB6.33FE6.67",["NB","CR"],[0.9739661826187072,0.004343060667487353]]],
			[["NB6.33FE6.67",["NB","CR"],[0.4901209769044357,0.03288435283539348]],["NB6.33FE6.67",["NB","CR"],[0.9738941915239432,0.004714240304430906]]],
			[["NB6.33FE6.67",["NB","CR"],[0.4902617514929629,0.0354329068434337]],["NB6.33FE6.67",["NB","CR"],[0.9738222004291793,0.005085419941374458]]],
			[["NB6.33FE6.67",["NB","CR"],[0.4904024410867094,0.037981507058509]],["NB6.33FE6.67",["NB","CR"],[0.9737502093344155,0.0054565995783179]]],
			[["NB6.33FE6.67",["NB","CR"],[0.49054313068045585,0.04053010727358419]],["NB6.33FE6.67",["NB","CR"],[0.9736782182396516,0.005827779215261342]]],
			[["NB6.33FE6.67",["NB","CR"],[0.49065874812044286,0.04309213780312238]],["NB6.33FE6.67",["NB","CR"],[0.9736062271448879,0.006198958852204783]]],
			[["NB6.33FE6.67",["NB","CR"],[0.49076720325561085,0.04565800493987493]],["NB6.33FE6.67",["NB","CR"],[0.9735342360501239,0.006570138489148336]]],
			[["NB6.33FE6.67",["NB","CR"],[0.4908756583907786,0.048223872076627816]],["NB6.33FE6.67",["NB","CR"],[0.97346224495536,0.006941318126091778]]],
			[["NB6.33FE6.67",["NB","CR"],[0.49095689159600675,0.050804030571207415]],["NB6.33FE6.67",["NB","CR"],[0.9733902538605963,0.0073124977630351085]]],
			[["NB6.33FE6.67",["NB","CR"],[0.4910231047431397,0.053392074510547616]],["NB6.33FE6.67",["NB","CR"],[0.9733182627658323,0.007683677399978772]]],
			[["NB6.33FE6.67",["NB","CR"],[0.49108931789027277,0.05598011844988793]],["NB6.33FE6.67",["NB","CR"],[0.9732462716710686,0.008054857036922103]]],
			[["NB6.33FE6.67",["NB","CR"],[0.4911210195746133,0.05858579902473182]],["NB6.33FE6.67",["NB","CR"],[0.9731742805763047,0.008426036673865545]]],
			[["NB6.33FE6.67",["NB","CR"],[0.49113196132793496,0.061202088693101286]],["NB6.33FE6.67",["NB","CR"],[0.9731022894815409,0.008797216310809097]]],
			[["NB6.33FE6.67",["NB","CR"],[0.4911429030812565,0.06381837836147053]],["NB6.33FE6.67",["NB","CR"],[0.973030298386777,0.009168395947752539]]],
			[["NB6.33FE6.67",["NB","CR"],[0.4911003540703024,0.06646103255163405]],["NB6.33FE6.67",["NB","CR"],[0.9729583072920132,0.00953957558469598]]],
			[["NB6.33FE6.67",["NB","CR"],[0.4910396378695644,0.06911264098422576]],["NB6.33FE6.67",["NB","CR"],[0.9728863161972493,0.009910755221639422]]],
			[["NB6.33FE6.67",["NB","CR"],[0.4909753538841659,0.07176592346625044]],["NB6.33FE6.67",["NB","CR"],[0.9728143251024854,0.010281934858582975]]],
			[["NB6.33FE6.67",["NB","CR"],[0.49082098432884425,0.07446147523065005]],["NB6.33FE6.67",["NB","CR"],[0.9727423340077217,0.010653114495526306]]],
			[["NB6.33FE6.67",["NB","CR"],[0.49066661477352264,0.07715702699504967]],["NB6.33FE6.67",["NB","CR"],[0.9726703429129577,0.011024294132469858]]],
			[["NB6.33FE6.67",["NB","CR"],[0.4904462182641977,0.07988147896332443]],["NB6.33FE6.67",["NB","CR"],[0.9725983518181939,0.011395473769413411]]],
			[["NB6.33FE6.67",["NB","CR"],[0.49016626143560904,0.08263200066926246]],["NB6.33FE6.67",["NB","CR"],[0.97252636072343,0.011766653406356853]]],
			[["NB6.33FE6.67",["NB","CR"],[0.48984648588456803,0.08539824010795816]],["NB6.33FE6.67",["NB","CR"],[0.9724543696286662,0.012137833043300295]]],
			[["NB6.33FE6.67",["NB","CR"],[0.4893961439158634,0.08821601831870796]],["NB6.33FE6.67",["NB","CR"],[0.9723823785339024,0.012509012680243736]]],
			[["NB6.33FE6.67",["NB","CR"],[0.4889016094707231,0.09104854545020746]],["NB6.33FE6.67",["NB","CR"],[0.9723103874391384,0.012880192317187289]]],
			[["NB6.33FE6.67",["NB","CR"],[0.48821135450567865,0.09394639289570539]],["NB6.33FE6.67",["NB","CR"],[0.9722383963443747,0.01325137195413062]]],
			[["NB6.33FE6.67",["NB","CR"],[0.4873843235974044,0.09687726885476233]],["NB6.33FE6.67",["NB","CR"],[0.9721664052496108,0.013622551591074061]]],
			[["NB6.33FE6.67",["NB","CR"],[0.4863457953502235,0.09985921697286093]],["NB6.33FE6.67",["NB","CR"],[0.9720944141548469,0.013993731228017725]]],
			[["NB6.33FE6.67",["NB","CR"],[0.4848657467321553,0.10288019050055053]],["NB6.33FE6.67",["NB","CR"],[0.9720224230600831,0.014364910864961056]]],
			[["NB6.33FE6.67",["NB","CR"],[0.4829109239582302,0.10582238361099383]],["NB6.33FE6.67",["NB","CR"],[0.9719504319653193,0.014736090501904497]]],
			[["NB6.33FE6.67",["NB","CR"],[0.47878047353591335,0.10914847353591339]],["NBFE2",["NB","CR"],[0.3687329586349507,0.37790495863495066]],["NB6.33FE6.67",["NB","CR"],[0.9721945838572253,0.015868583857225338]]]],
	"reference": "C-A58757"
}