{
    "components": [
        "CR",
        "FE",
        "NB"
    ],
    "phases": [
        "(CR,FE)",
        "NBCR2RT",
        "NBFE2"
    ],
    "conditions": {
        "P": [
            101325
        ],
        "T": [
            1273,
            1273,
            1273,
            1273,
            1273,
            1273,
            1273,
            1273,
            1273,
            1273,
            1273,
            1273,
            1273,
            1273,
            1273,
            1273,
            1273,
            1273,
            1273,
            1273,
            1273,
            1273,
            1273,
            1273,
            1273,
            1273,
            1273,
            1273,
            1273,
            1273,
            1273,
            1273,
            1273,
            1273,
            1273,
            1273,
            1273,
            1273,
            1273,
            1273,
            1273,
            1273
        ]
    },
    "broadcast_conditions": false,
    "output": "ZPF",
    "values":
			[[["NBFE2",["NB","CR"],[0.27766891623659784,0.6187669162365979]],["NBCR2RT",["NB","CR"],[0.3308501058639854,0.6422501058639853]],["(CR,FE)",["NB","CR"],[0.0120363455711851,0.9829199455711851]]],
			[["(CR,FE)",["NB","CR"],[0.01255407239558658,0.982999350444367]],["NBCR2RT",["NB","CR"],[0.3302023958393063,0.6440603053495499]]],
			[["(CR,FE)",["NB","CR"],[0.012558315585696915,0.9831062716832579]],["NBCR2RT",["NB","CR"],[0.330151600566191,0.6447136377812741]]],
			[["(CR,FE)",["NB","CR"],[0.01256255877580725,0.9832131929221487]],["NBCR2RT",["NB","CR"],[0.330151600566191,0.6447136377812741]]],
			[["(CR,FE)",["NB","CR"],[0.012566801965917586,0.9833201141610395]],["NBCR2RT",["NB","CR"],[0.33010606142365995,0.6453646269493476]]],
			[["(CR,FE)",["NB","CR"],[0.012571045156027923,0.9834270353999304]],["NBCR2RT",["NB","CR"],[0.3300660825345429,0.6460131372711471]]],
			[["(CR,FE)",["NB","CR"],[0.012575288346138257,0.9835339566388211]],["NBCR2RT",["NB","CR"],[0.33003083543227596,0.646659475376695]]],
			[["(CR,FE)",["NB","CR"],[0.012579531536248594,0.983640877877712]],["NBCR2RT",["NB","CR"],[0.33000218623457733,0.6473027845893564]]],
			[["(CR,FE)",["NB","CR"],[0.012583774726358929,0.9837477991166028]],["NBCR2RT",["NB","CR"],[0.32997664612107225,0.6479446253382725]]],
			[["(CR,FE)",["NB","CR"],[0.012588017916469265,0.9838547203554937]],["NBCR2RT",["NB","CR"],[0.32995884658254193,0.648582810105873]]],
			[["(CR,FE)",["NB","CR"],[0.0125922611065796,0.9839616415943845]],["NBCR2RT",["NB","CR"],[0.3299419612770184,0.6492205516995564]]],
			[["(CR,FE)",["NB","CR"],[0.012596504296689934,0.9840685628332753]],["NBCR2RT",["NB","CR"],[0.3299341658121972,0.6498538869982555]]],
			[["(CR,FE)",["NB","CR"],[0.01260074748680027,0.9841754840721662]],["NBCR2RT",["NB","CR"],[0.32992637034737593,0.6504872222969547]]],
			[["(CR,FE)",["NB","CR"],[0.012604990676910606,0.9842824053110569]],["NBCR2RT",["NB","CR"],[0.32992725900238207,0.6511162420508358]]],
			[["(CR,FE)",["NB","CR"],[0.012609233867020942,0.9843893265499478]],["NBCR2RT",["NB","CR"],[0.32992992939714305,0.6517443763749994]]],
			[["(CR,FE)",["NB","CR"],[0.012613477057131277,0.9844962477888386]],["NBCR2RT",["NB","CR"],[0.32993744293092875,0.6523700458747987]]],
			[["(CR,FE)",["NB","CR"],[0.012617720247241612,0.9846031690277294]],["NBCR2RT",["NB","CR"],[0.3299497632253747,0.652993269064317]]],
			[["(CR,FE)",["NB","CR"],[0.012621963437351948,0.9847100902666203]],["NBCR2RT",["NB","CR"],[0.3299630991103975,0.6536159637162042]]],
			[["(CR,FE)",["NB","CR"],[0.012626206627462284,0.984817011505511]],["NBCR2RT",["NB","CR"],[0.32998505206154904,0.6542341738407407]]],
			[["(CR,FE)",["NB","CR"],[0.01263044981757262,0.9849239327444019]],["NBCR2RT",["NB","CR"],[0.3300070050127005,0.6548523839652773]]],
			[["(CR,FE)",["NB","CR"],[0.012634693007682956,0.9850308539832927]],["NBCR2RT",["NB","CR"],[0.3300349060037392,0.6554674314313259]]],
			[["(CR,FE)",["NB","CR"],[0.01263893619779329,0.9851377752221835]],["NBCR2RT",["NB","CR"],[0.33006615199925676,0.6560807003103092]]],
			[["(CR,FE)",["NB","CR"],[0.012643179387903625,0.9852446964610744]],["NBCR2RT",["NB","CR"],[0.33009836563508166,0.6566934439338459]]],
			[["(CR,FE)",["NB","CR"],[0.01264742257801396,0.9853516176999652]],["NBCR2RT",["NB","CR"],[0.33013890959485936,0.6573016656828861]]],
			[["(CR,FE)",["NB","CR"],[0.012651665768124298,0.985458538938856]],["NBCR2RT",["NB","CR"],[0.33017945355463696,0.6579098874319265]]],
			[["(CR,FE)",["NB","CR"],[0.012655908958234633,0.9855654601777468]],["NBCR2RT",["NB","CR"],[0.3302244461530236,0.6585156457737624]]],
			[["(CR,FE)",["NB","CR"],[0.012660152148344967,0.9856723814166376]],["NBCR2RT",["NB","CR"],[0.33027394186358017,0.6591189105439834]]],
			[["(CR,FE)",["NB","CR"],[0.012664395338455302,0.9857793026555285]],["NBCR2RT",["NB","CR"],[0.3303234375741367,0.6597221753142044]]],
			[["(CR,FE)",["NB","CR"],[0.012668638528565639,0.9858862238944193]],["NBCR2RT",["NB","CR"],[0.33038025304532426,0.6603213081638969]]],
			[["(CR,FE)",["NB","CR"],[0.012672881718675975,0.9859931451333102]],["NBCR2RT",["NB","CR"],[0.3304387065372092,0.6609195163697812]]],
			[["(CR,FE)",["NB","CR"],[0.01267712490878631,0.9861000663722009]],["NBCR2RT",["NB","CR"],[0.33049768782763045,0.6615174211787107]]],
			[["(CR,FE)",["NB","CR"],[0.012681368098896645,0.9862069876110917]],["NBCR2RT",["NB","CR"],[0.3305643833413636,0.6621108915837899]]],
			[["(CR,FE)",["NB","CR"],[0.012685611289006981,0.9863139088499826]],["NBCR2RT",["NB","CR"],[0.3306310788550969,0.6627043619888688]]],
			[["(CR,FE)",["NB","CR"],[0.012689854479117316,0.9864208300888734]],["NBCR2RT",["NB","CR"],[0.3306997248606417,0.6632966917368381]]],
			[["(CR,FE)",["NB","CR"],[0.012694097669227652,0.9865277513277643]],["NBCR2RT",["NB","CR"],[0.33077470254806884,0.6638853186864089]]],
			[["(CR,FE)",["NB","CR"],[0.012698340859337987,0.986634672566655]],["NBCR2RT",["NB","CR"],[0.33084968023549594,0.6644739456359796]]],
			[["(CR,FE)",["NB","CR"],[0.012702584049448323,0.9867415938055459]],["NBCR2RT",["NB","CR"],[0.33092728977120256,0.6650610075967152]]],
			[["(CR,FE)",["NB","CR"],[0.012706827239558658,0.9868485150444367]],["NBCR2RT",["NB","CR"],[0.3310102234931822,0.6656449036104853]]],
			[["(CR,FE)",["NB","CR"],[0.012711070429668993,0.9869554362833275]],["NBCR2RT",["NB","CR"],[0.3310931572151618,0.6662287996242555]]],
			[["(CR,FE)",["NB","CR"],[0.01271531361977933,0.9870623575222184]],["NBCR2RT",["NB","CR"],[0.33117891251091286,0.6668109903135575]]],
			[["(CR,FE)",["NB","CR"],[0.012719556809889666,0.9871692787611092]],["NBCR2RT",["NB","CR"],[0.33126994167394186,0.6673899935423717]]],
			[["NBFE2",["NB","CR"],[0.27766891623659784,0.6187669162365979]],["NBCR2RT",["NB","CR"],[0.3308501058639854,0.6422501058639853]],["(CR,FE)",["NB","CR"],[0.0120363455711851,0.9829199455711851]]]],
	"reference": "C-A58757"
}