{
    "components": [
        "CR",
        "FE",
        "NB"
    ],
    "phases": [
        "NBFE2",
        "NB6.33FE6.67",
        "NBCR2RT"
    ],
    "conditions": {
        "P": [
            101325
        ],
        "T": [
            1273,
            1273,
            1273,
            1273,
            1273,
            1273,
            1273,
            1273,
            1273,
            1273,
            1273,
            1273,
            1273,
            1273,
            1273,
            1273,
            1273,
            1273,
            1273,
            1273,
            1273,
            1273,
            1273,
            1273,
            1273,
            1273,
            1273,
            1273,
            1273,
            1273,
            1273,
            1273,
            1273,
            1273,
            1273,
            1273,
            1273,
            1273,
            1273,
            1273,
            1273,
            1273
        ]
    },
    "broadcast_conditions": false,
    "output": "ZPF",
    "values":
			[[["NB6.33FE6.67",["NB","CR"],[0.47878047353591335,0.10914847353591339]],["NBFE2",["NB","CR"],[0.3687329586349507,0.37790495863495066]],["NB6.33FE6.67",["NB","CR"],[0.9721945838572253,0.015868583857225338]]],
			[["NBFE2",["NB","CR"],[0.36904021489738836,0.38255787343397374]],["NB6.33FE6.67",["NB","CR"],[0.9715396825531447,0.01690119474826668]]],
			[["NBFE2",["NB","CR"],[0.3688589285117718,0.38706424558494257]],["NB6.33FE6.67",["NB","CR"],[0.9714985554637326,0.017125579853976558]]],
			[["NBFE2",["NB","CR"],[0.3686776421261552,0.3915706177359113]],["NB6.33FE6.67",["NB","CR"],[0.9714985554637326,0.017125579853976558]]],
			[["NBFE2",["NB","CR"],[0.36849635574053863,0.3960769898868801]],["NB6.33FE6.67",["NB","CR"],[0.9714574283743205,0.017349964959686437]]],
			[["NBFE2",["NB","CR"],[0.36831506935492203,0.40058336203784894]],["NB6.33FE6.67",["NB","CR"],[0.9714163012849084,0.017574350065396205]]],
			[["NBFE2",["NB","CR"],[0.36813378296930543,0.40508973418881766]],["NB6.33FE6.67",["NB","CR"],[0.9713751741954962,0.017798735171106084]]],
			[["NBFE2",["NB","CR"],[0.3679524965836889,0.4095961063397864]],["NB6.33FE6.67",["NB","CR"],[0.9713340471060842,0.018023120276815963]]],
			[["NBFE2",["NB","CR"],[0.36777121019807235,0.4141024784907552]],["NB6.33FE6.67",["NB","CR"],[0.971292920016672,0.01824750538252584]]],
			[["NBFE2",["NB","CR"],[0.3675899238124557,0.41860885064172404]],["NB6.33FE6.67",["NB","CR"],[0.9712517929272599,0.01847189048823561]]],
			[["NBFE2",["NB","CR"],[0.36740863742683916,0.42311522279269276]],["NB6.33FE6.67",["NB","CR"],[0.9712106658378479,0.018696275593945377]]],
			[["NBFE2",["NB","CR"],[0.36722735104122256,0.4276215949436616]],["NB6.33FE6.67",["NB","CR"],[0.9711695387484358,0.018920660699655145]]],
			[["NBFE2",["NB","CR"],[0.36704606465560596,0.4321279670946303]],["NB6.33FE6.67",["NB","CR"],[0.9711284116590236,0.019145045805365135]]],
			[["NBFE2",["NB","CR"],[0.3668647782699894,0.43663433924559913]],["NB6.33FE6.67",["NB","CR"],[0.9710872845696116,0.019369430911074903]]],
			[["NBFE2",["NB","CR"],[0.3666834918843728,0.44114071139656785]],["NB6.33FE6.67",["NB","CR"],[0.9710461574801994,0.019593816016784782]]],
			[["NBFE2",["NB","CR"],[0.36650220549875623,0.4456470835475367]],["NB6.33FE6.67",["NB","CR"],[0.9710050303907872,0.01981820112249466]]],
			[["NBFE2",["NB","CR"],[0.36632091911313963,0.4501534556985055]],["NB6.33FE6.67",["NB","CR"],[0.9709639033013752,0.02004258622820443]]],
			[["NBFE2",["NB","CR"],[0.36613963272752303,0.45465982784947423]],["NB6.33FE6.67",["NB","CR"],[0.970922776211963,0.02026697133391442]]],
			[["NBFE2",["NB","CR"],[0.3659583463419065,0.45916620000044306]],["NB6.33FE6.67",["NB","CR"],[0.9708816491225509,0.020491356439624187]]],
			[["NBFE2",["NB","CR"],[0.3657770599562899,0.4636725721514118]],["NB6.33FE6.67",["NB","CR"],[0.9708405220331389,0.020715741545333954]]],
			[["NBFE2",["NB","CR"],[0.3655957735706733,0.4681789443023806]],["NB6.33FE6.67",["NB","CR"],[0.9707993949437268,0.020940126651043722]]],
			[["NBFE2",["NB","CR"],[0.3654144871850567,0.47268531645334944]],["NB6.33FE6.67",["NB","CR"],[0.9707582678543146,0.021164511756753712]]],
			[["NBFE2",["NB","CR"],[0.3652332007994401,0.47719168860431815]],["NB6.33FE6.67",["NB","CR"],[0.9707171407649026,0.02138889686246348]]],
			[["NBFE2",["NB","CR"],[0.3650519144138235,0.481698060755287]],["NB6.33FE6.67",["NB","CR"],[0.9706760136754904,0.02161328196817336]]],
			[["NBFE2",["NB","CR"],[0.36487062802820697,0.4862044329062557]],["NB6.33FE6.67",["NB","CR"],[0.9706348865860783,0.021837667073883127]]],
			[["NBFE2",["NB","CR"],[0.36468934164259037,0.4907108050572244]],["NB6.33FE6.67",["NB","CR"],[0.9705937594966662,0.022062052179593006]]],
			[["NBFE2",["NB","CR"],[0.3645080552569738,0.49521717720819325]],["NB6.33FE6.67",["NB","CR"],[0.9705526324072541,0.022286437285302885]]],
			[["NBFE2",["NB","CR"],[0.3643267688713572,0.4997235493591621]],["NB6.33FE6.67",["NB","CR"],[0.9705115053178419,0.022510822391012764]]],
			[["NBFE2",["NB","CR"],[0.3641454824857406,0.5042299215101309]],["NB6.33FE6.67",["NB","CR"],[0.97047037822843,0.02273520749672242]]],
			[["NBFE2",["NB","CR"],[0.363964196100124,0.5087362936610997]],["NB6.33FE6.67",["NB","CR"],[0.9704292511390178,0.0229595926024323]]],
			[["NBFE2",["NB","CR"],[0.36378290971450744,0.5132426658120683]],["NB6.33FE6.67",["NB","CR"],[0.9703881240496056,0.02318397770814218]]],
			[["NBFE2",["NB","CR"],[0.36360162332889084,0.5177490379630372]],["NB6.33FE6.67",["NB","CR"],[0.9703469969601936,0.023408362813852057]]],
			[["NBFE2",["NB","CR"],[0.36342033694327425,0.522255410114006]],["NB6.33FE6.67",["NB","CR"],[0.9703058698707814,0.023632747919561936]]],
			[["NBFE2",["NB","CR"],[0.3632390505576577,0.5267617822649747]],["NB6.33FE6.67",["NB","CR"],[0.9702647427813693,0.023857133025271704]]],
			[["NBFE2",["NB","CR"],[0.3630577641720411,0.5312681544159435]],["NB6.33FE6.67",["NB","CR"],[0.9702236156919571,0.024081518130981583]]],
			[["NBFE2",["NB","CR"],[0.36287647778642457,0.5357745265669123]],["NB6.33FE6.67",["NB","CR"],[0.9701824886025451,0.024305903236691462]]],
			[["NBFE2",["NB","CR"],[0.36269519140080797,0.5402808987178811]],["NB6.33FE6.67",["NB","CR"],[0.9701413615131329,0.02453028834240134]]],
			[["NBFE2",["NB","CR"],[0.3625139050151914,0.5447872708688499]],["NB6.33FE6.67",["NB","CR"],[0.9701002344237208,0.02475467344811111]]],
			[["NBFE2",["NB","CR"],[0.3623326186295748,0.5492936430198186]],["NB6.33FE6.67",["NB","CR"],[0.9700591073343088,0.024979058553820876]]],
			[["NBFE2",["NB","CR"],[0.3621513322439582,0.5538000151707875]],["NB6.33FE6.67",["NB","CR"],[0.9700179802448967,0.025203443659530644]]],
			[["NBFE2",["NB","CR"],[0.3619700458583416,0.5583063873217562]],["NB6.33FE6.67",["NB","CR"],[0.9699768531554845,0.025427828765240634]]],
			[["NBFE2",["NB","CR"],[0.3612564323645525,0.5637604323645525]],["NBCR2RT",["NB","CR"],[0.35695917287607526,0.6136191728760753]],["NB6.33FE6.67",["NB","CR"],[0.9703446373912344,0.02595663739123455]]]],
	"reference": "C-A58757"
}