{
    "components": [
        "CR",
        "FE",
        "NB"
    ],
    "phases": [
        "(CR,FE)",
        "NBFE2",
        "NBFE2",
        "NBCR2RT"
    ],
    "conditions": {
        "P": [
            101325
        ],
        "T": [
            1273,
            1273,
            1273,
            1273,
            1273,
            1273,
            1273,
            1273,
            1273,
            1273,
            1273,
            1273,
            1273,
            1273,
            1273,
            1273,
            1273,
            1273,
            1273,
            1273,
            1273,
            1273,
            1273,
            1273,
            1273,
            1273,
            1273,
            1273,
            1273,
            1273,
            1273,
            1273,
            1273,
            1273,
            1273,
            1273,
            1273,
            1273,
            1273,
            1273,
            1273,
            1273
        ]
    },
    "broadcast_conditions": false,
    "output": "ZPF",
    "values":
			[[["NBFE2",["NB","CR"],[0.004515061186412039,0.11821506118641212]],["(CR,FE)",["NB","CR"],[0.004870263249144691,0.1340002632491446]],["NBFE2",["NB","CR"],[0.2739089332218435,0.006184933221843436]]],
			[["(CR,FE)",["NB","CR"],[0.005518486877706008,0.15488405561095364]],["NBFE2",["NB","CR"],[0.27331356678161967,0.021886709579213792]]],
			[["(CR,FE)",["NB","CR"],[0.005660104192330873,0.17557124165882598]],["NBFE2",["NB","CR"],[0.27317275730739715,0.03693674280822212]]],
			[["(CR,FE)",["NB","CR"],[0.005777502762033648,0.19627064156270446]],["NBFE2",["NB","CR"],[0.27317275730739715,0.03693674280822212]]],
			[["(CR,FE)",["NB","CR"],[0.0058746953877543695,0.2169802316102527]],["NBFE2",["NB","CR"],[0.273024978856684,0.05199020907831875]]],
			[["(CR,FE)",["NB","CR"],[0.005971888013475091,0.23768982165780117]],["NBFE2",["NB","CR"],[0.2728708978636365,0.06704678009225051]]],
			[["(CR,FE)",["NB","CR"],[0.00603817107882515,0.2584149570836056]],["NBFE2",["NB","CR"],[0.272716873467018,0.08210332324440506]]],
			[["(CR,FE)",["NB","CR"],[0.0061032286544263625,0.27914070884627984]],["NBFE2",["NB","CR"],[0.27256291977367153,0.09715983159014396]]],
			[["(CR,FE)",["NB","CR"],[0.0061616898693893085,0.2998697716276366]],["NBFE2",["NB","CR"],[0.272408966080325,0.11221633993588287]]],
			[["(CR,FE)",["NB","CR"],[0.00620436953240272,0.3206067559002841]],["NBFE2",["NB","CR"],[0.2722619870294174,0.12726941340592157]]],
			[["(CR,FE)",["NB","CR"],[0.006247049195416188,0.34134374017293156]],["NBFE2",["NB","CR"],[0.2721155723334587,0.1423222089421281]]],
			[["(CR,FE)",["NB","CR"],[0.006282394704315186,0.3620844011172841]],["NBFE2",["NB","CR"],[0.27196986045656407,0.1573746579835953]]],
			[["(CR,FE)",["NB","CR"],[0.006312131988509495,0.3828278735107511]],["NBFE2",["NB","CR"],[0.2718369361152506,0.17242080268012305]]],
			[["(CR,FE)",["NB","CR"],[0.0063418692727038595,0.40357134590421784]],["NBFE2",["NB","CR"],[0.2717040117739372,0.1874669473766507]]],
			[["(CR,FE)",["NB","CR"],[0.0063676570801786125,0.4243167969273861]],["NBFE2",["NB","CR"],[0.2715710874326238,0.20251309207317858]]],
			[["(CR,FE)",["NB","CR"],[0.0063924605624368636,0.44506274108299904]],["NBFE2",["NB","CR"],[0.2714548559066339,0.2175509937951028]]],
			[["(CR,FE)",["NB","CR"],[0.0064173326878951276,0.4658086508510366]],["NBFE2",["NB","CR"],[0.27134026454017646,0.23258808560011912]]],
			[["(CR,FE)",["NB","CR"],[0.006445733259597963,0.4865527930046474]],["NBFE2",["NB","CR"],[0.27122567317371915,0.24762517740513523]]],
			[["(CR,FE)",["NB","CR"],[0.006474133831300771,0.5072969351582581]],["NBFE2",["NB","CR"],[0.27112554511369347,0.262655111596763]]],
			[["(CR,FE)",["NB","CR"],[0.006505304257519495,0.5280396889773001]],["NBFE2",["NB","CR"],[0.27103564544406666,0.27767998395384996]]],
			[["(CR,FE)",["NB","CR"],[0.006544998817167885,0.5487781702437434]],["NBFE2",["NB","CR"],[0.27094574577443986,0.2927048563109371]]],
			[["(CR,FE)",["NB","CR"],[0.006584693376816331,0.5695166515101866]],["NBFE2",["NB","CR"],[0.27086102395557365,0.30772715893091296]]],
			[["(CR,FE)",["NB","CR"],[0.006634410124062379,0.5902501036940083]],["NBFE2",["NB","CR"],[0.2708028879888944,0.32273626714761994]]],
			[["(CR,FE)",["NB","CR"],[0.0066940731328940795,0.610978564894494]],["NBFE2",["NB","CR"],[0.27074475202221504,0.3377453753643269]]],
			[["(CR,FE)",["NB","CR"],[0.006753736141725752,0.6317070260949795]],["NBFE2",["NB","CR"],[0.2706866160555357,0.3527544835810341]]],
			[["(CR,FE)",["NB","CR"],[0.006837952798542907,0.6524231441276312]],["NBFE2",["NB","CR"],[0.2706586455177111,0.3677485655724073]]],
			[["(CR,FE)",["NB","CR"],[0.006927859652978846,0.6731364016865864]],["NBFE2",["NB","CR"],[0.27064197522481775,0.3827370186026451]]],
			[["(CR,FE)",["NB","CR"],[0.007025991946786381,0.6938455136342729]],["NBFE2",["NB","CR"],[0.27062530493192427,0.39772547163288263]]],
			[["(CR,FE)",["NB","CR"],[0.007157436650460203,0.7145378361685938]],["NBFE2",["NB","CR"],[0.2706284294176347,0.4127040168743412]]],
			[["(CR,FE)",["NB","CR"],[0.007288881354134025,0.7352301587029145]],["NBFE2",["NB","CR"],[0.27066608642268897,0.4276652777139627]]],
			[["(CR,FE)",["NB","CR"],[0.007458394024991252,0.7559032281386038]],["NBFE2",["NB","CR"],[0.2707037434277433,0.4426265385535839]]],
			[["(CR,FE)",["NB","CR"],[0.007645562933084091,0.776567367828312]],["NBFE2",["NB","CR"],[0.270753334547167,0.457581787389034]]],
			[["(CR,FE)",["NB","CR"],[0.007854201633853683,0.7972205987335343]],["NBFE2",["NB","CR"],[0.2708661265813622,0.4725051977359731]]],
			[["(CR,FE)",["NB","CR"],[0.008115348820992685,0.8178471501188322]],["NBFE2",["NB","CR"],[0.27097891861555734,0.48742860808291244]]],
			[["(CR,FE)",["NB","CR"],[0.008380618832956724,0.8384715938636099]],["NBFE2",["NB","CR"],[0.27111297316829275,0.5023412093769044]]],
			[["(CR,FE)",["NB","CR"],[0.008740105740786458,0.8590478727321599]],["NBFE2",["NB","CR"],[0.271334194153656,0.5172094985832326]]],
			[["(CR,FE)",["NB","CR"],[0.009099592648616178,0.8796241516007097]],["NBFE2",["NB","CR"],[0.2715554151390193,0.5320777877895608]]],
			[["(CR,FE)",["NB","CR"],[0.009586800607776065,0.9001346041591639]],["NBFE2",["NB","CR"],[0.2718711293481137,0.5468973852466609]]],
			[["(CR,FE)",["NB","CR"],[0.010092204289211468,0.9206356040665739]],["NBFE2",["NB","CR"],[0.2722607375408364,0.5616789056102061]]],
			[["(CR,FE)",["NB","CR"],[0.010768797602516304,0.9410473929975672]],["NBFE2",["NB","CR"],[0.27275102516308,0.5764073726444265]]],
			[["(CR,FE)",["NB","CR"],[0.01155063044044038,0.9614034792340548]],["NBFE2",["NB","CR"],[0.2734375484546857,0.5910324327002652]]],
			[["NBFE2",["NB","CR"],[0.27766891623659784,0.6187669162365979]],["NBCR2RT",["NB","CR"],[0.3308501058639854,0.6422501058639853]],["(CR,FE)",["NB","CR"],[0.0120363455711851,0.9829199455711851]]]],
	"reference": "C-A58757"
}