{
    "components": [
        "CR",
        "FE",
        "NB"
    ],
    "phases": [
        "NBCR2RT",
        "NB6.33FE6.67",
        "NBFE2"
    ],
    "conditions": {
        "P": [
            101325
        ],
        "T": [
            1273,
            1273,
            1273,
            1273,
            1273,
            1273,
            1273,
            1273,
            1273,
            1273,
            1273,
            1273,
            1273,
            1273,
            1273,
            1273,
            1273,
            1273,
            1273,
            1273,
            1273,
            1273,
            1273,
            1273,
            1273,
            1273,
            1273,
            1273,
            1273,
            1273,
            1273,
            1273,
            1273,
            1273,
            1273,
            1273,
            1273,
            1273,
            1273,
            1273,
            1273,
            1273
        ]
    },
    "broadcast_conditions": false,
    "output": "ZPF",
    "values":
			[[["NBFE2",["NB","CR"],[0.3612564323645525,0.5637604323645525]],["NBCR2RT",["NB","CR"],[0.35695917287607526,0.6136191728760753]],["NB6.33FE6.67",["NB","CR"],[0.9703446373912344,0.02595663739123455]]],
			[["NBCR2RT",["NB","CR"],[0.35875855706245974,0.6129994739380703]],["NB6.33FE6.67",["NB","CR"],[0.9696662816535672,0.027179988970640334]]],
			[["NBCR2RT",["NB","CR"],[0.3594368484326484,0.6129681059856552]],["NB6.33FE6.67",["NB","CR"],[0.969649849612228,0.027275264246374276]]],
			[["NBCR2RT",["NB","CR"],[0.36011154985947447,0.6129442735949651]],["NB6.33FE6.67",["NB","CR"],[0.969649849612228,0.027275264246374276]]],
			[["NBCR2RT",["NB","CR"],[0.36077982700382294,0.6129339262574522]],["NB6.33FE6.67",["NB","CR"],[0.9696334175708888,0.027370539522108328]]],
			[["NBCR2RT",["NB","CR"],[0.3614451606409461,0.6129294669570075]],["NB6.33FE6.67",["NB","CR"],[0.9696169855295497,0.02746581479784227]]],
			[["NBCR2RT",["NB","CR"],[0.36210316900893214,0.6129396607397429]],["NB6.33FE6.67",["NB","CR"],[0.9696005534882105,0.02756109007357621]]],
			[["NBCR2RT",["NB","CR"],[0.3627596651359871,0.6129527491340772]],["NB6.33FE6.67",["NB","CR"],[0.9695841214468712,0.027656365349310263]]],
			[["NBCR2RT",["NB","CR"],[0.36340760750521917,0.6129822104529224]],["NB6.33FE6.67",["NB","CR"],[0.9695676894055321,0.027751640625044316]]],
			[["NBCR2RT",["NB","CR"],[0.36405554987445116,0.6130116717717677]],["NB6.33FE6.67",["NB","CR"],[0.969551257364193,0.027846915900778146]]],
			[["NBCR2RT",["NB","CR"],[0.36469444998733164,0.6130577762188739]],["NB6.33FE6.67",["NB","CR"],[0.9695348253228537,0.0279421911765122]]],
			[["NBCR2RT",["NB","CR"],[0.36533285474778426,0.6131047924089865]],["NB6.33FE6.67",["NB","CR"],[0.9695183932815146,0.02803746645224625]]],
			[["NBCR2RT",["NB","CR"],[0.3659649590326191,0.6131630061140684]],["NB6.33FE6.67",["NB","CR"],[0.9695019612401754,0.028132741727980193]]],
			[["NBCR2RT",["NB","CR"],[0.3665940823860971,0.6132265176768861]],["NB6.33FE6.67",["NB","CR"],[0.9694855291988361,0.028228017003714245]]],
			[["NBCR2RT",["NB","CR"],[0.36722005641033767,0.6132954482936888]],["NB6.33FE6.67",["NB","CR"],[0.969469097157497,0.028323292279448298]]],
			[["NBCR2RT",["NB","CR"],[0.36783995867455,0.6133748265940762]],["NB6.33FE6.67",["NB","CR"],[0.9694526651161579,0.028418567555182128]]],
			[["NBCR2RT",["NB","CR"],[0.3684598609387623,0.6134542048944637]],["NB6.33FE6.67",["NB","CR"],[0.9694362330748187,0.02851384283091607]]],
			[["NBCR2RT",["NB","CR"],[0.3690714044475441,0.6135475413698128]],["NB6.33FE6.67",["NB","CR"],[0.9694198010334795,0.028609118106650233]]],
			[["NBCR2RT",["NB","CR"],[0.3696823808206792,0.6136418248974653]],["NB6.33FE6.67",["NB","CR"],[0.9694033689921403,0.028704393382384175]]],
			[["NBCR2RT",["NB","CR"],[0.3702893624031968,0.6137425979537059]],["NB6.33FE6.67",["NB","CR"],[0.9693869369508011,0.028799668658118116]]],
			[["NBCR2RT",["NB","CR"],[0.3708917114394285,0.6138508965712174]],["NB6.33FE6.67",["NB","CR"],[0.9693705049094619,0.02889494393385228]]],
			[["NBCR2RT",["NB","CR"],[0.37149406047566014,0.6139591951887291]],["NB6.33FE6.67",["NB","CR"],[0.9693540728681228,0.02899021920958611]]],
			[["NBCR2RT",["NB","CR"],[0.37208873986427066,0.6140796402478907]],["NB6.33FE6.67",["NB","CR"],[0.9693376408267836,0.02908549448532005]]],
			[["NBCR2RT",["NB","CR"],[0.37268275946150603,0.6142011302204351]],["NB6.33FE6.67",["NB","CR"],[0.9693212087854445,0.029180769761054104]]],
			[["NBCR2RT",["NB","CR"],[0.37327429864174955,0.6143264570664104]],["NB6.33FE6.67",["NB","CR"],[0.9693047767441052,0.029276045036788156]]],
			[["NBCR2RT",["NB","CR"],[0.37386029908459334,0.6144603515985609]],["NB6.33FE6.67",["NB","CR"],[0.969288344702766,0.029371320312522098]]],
			[["NBCR2RT",["NB","CR"],[0.3744462995274371,0.6145942461307115]],["NB6.33FE6.67",["NB","CR"],[0.9692719126614269,0.02946659558825615]]],
			[["NBCR2RT",["NB","CR"],[0.37502727182532636,0.6147357476836541]],["NB6.33FE6.67",["NB","CR"],[0.9692554806200877,0.029561870863990092]]],
			[["NBCR2RT",["NB","CR"],[0.3756052723399805,0.6148817452121629]],["NB6.33FE6.67",["NB","CR"],[0.9692390485787485,0.029657146139724033]]],
			[["NBCR2RT",["NB","CR"],[0.3761832728546346,0.6150277427406718]],["NB6.33FE6.67",["NB","CR"],[0.9692226165374094,0.029752421415458086]]],
			[["NBCR2RT",["NB","CR"],[0.37675472650367947,0.6151834419102842]],["NB6.33FE6.67",["NB","CR"],[0.9692061844960702,0.029847696691192027]]],
			[["NBCR2RT",["NB","CR"],[0.37732527505830094,0.6153404823173351]],["NB6.33FE6.67",["NB","CR"],[0.9691897524547309,0.02994297196692608]]],
			[["NBCR2RT",["NB","CR"],[0.37789538646558113,0.6154981581116877]],["NB6.33FE6.67",["NB","CR"],[0.9691733204133918,0.030038247242660132]]],
			[["NBCR2RT",["NB","CR"],[0.3784584964449824,0.6156660103796181]],["NB6.33FE6.67",["NB","CR"],[0.9691568883720527,0.030133522518393963]]],
			[["NBCR2RT",["NB","CR"],[0.3790216064243837,0.6158338626475486]],["NB6.33FE6.67",["NB","CR"],[0.9691404563307134,0.030228797794128015]]],
			[["NBCR2RT",["NB","CR"],[0.37958350117541084,0.6160034489487898]],["NB6.33FE6.67",["NB","CR"],[0.9691240242893743,0.030324073069862068]]],
			[["NBCR2RT",["NB","CR"],[0.38013944223367035,0.6161815306915472]],["NB6.33FE6.67",["NB","CR"],[0.9691075922480351,0.03041934834559601]]],
			[["NBCR2RT",["NB","CR"],[0.38069538329192987,0.6163596124343046]],["NB6.33FE6.67",["NB","CR"],[0.9690911602066958,0.03051462362133006]]],
			[["NBCR2RT",["NB","CR"],[0.3812498706744193,0.6165397328714053]],["NB6.33FE6.67",["NB","CR"],[0.9690747281653567,0.030609898897064114]]],
			[["NBCR2RT",["NB","CR"],[0.38179891378294617,0.6167274885809368]],["NB6.33FE6.67",["NB","CR"],[0.9690582961240176,0.030705174172797944]]],
			[["NBCR2RT",["NB","CR"],[0.3823479568914731,0.6169152442904684]],["NB6.33FE6.67",["NB","CR"],[0.9690418640826785,0.030800449448531886]]],
			[["NBCR2RT",["NB","CR"],[0.382897,0.617103]],["NB6.33FE6.67",["NB","CR"],[0.9690254320413392,0.03089572472426605]]]],
	"reference": "C-A58757"
}