{
    "components": [
        "CR",
        "FE",
        "NB"
    ],
    "phases": [
        "NBFE2",
        "(CR,FE)"
    ],
    "conditions": {
        "P": [
            101325
        ],
        "T": [
            1273,
            1273,
            1273,
            1273,
            1273,
            1273,
            1273,
            1273,
            1273,
            1273,
            1273,
            1273,
            1273,
            1273,
            1273,
            1273,
            1273,
            1273,
            1273,
            1273,
            1273,
            1273,
            1273,
            1273,
            1273,
            1273,
            1273,
            1273,
            1273,
            1273,
            1273,
            1273,
            1273,
            1273,
            1273,
            1273,
            1273,
            1273,
            1273,
            1273,
            1273
        ]
    },
    "broadcast_conditions": false,
    "output": "ZPF",
    "values":
			[[["NBFE2",["NB","CR"],[0.004515061186412039,0.11821506118641212]],["(CR,FE)",["NB","CR"],[0.004870263249144691,0.1340002632491446]],["NBFE2",["NB","CR"],[0.2739089332218435,0.006184933221843436]]],
			[["NBFE2",["NB","CR"],[0.003921485767544475,0.11893694918217856]],["(CR,FE)",["NB","CR"],[0.004247507946885554,0.13383911770298307]]],
			[["NBFE2",["NB","CR"],[0.0038218437066833144,0.11898477053595147]],["(CR,FE)",["NB","CR"],[0.00413975126340832,0.1338869707756034]]],
			[["NBFE2",["NB","CR"],[0.003722201645822043,0.11903259188972448]],["(CR,FE)",["NB","CR"],[0.00413975126340832,0.1338869707756034]]],
			[["NBFE2",["NB","CR"],[0.0036225595849609382,0.1190804132434975]],["(CR,FE)",["NB","CR"],[0.004031994579931086,0.13393482384822375]]],
			[["NBFE2",["NB","CR"],[0.0035229175240997224,0.1191282345972704]],["(CR,FE)",["NB","CR"],[0.003924237896453853,0.1339826769208441]]],
			[["NBFE2",["NB","CR"],[0.003423275463238562,0.1191760559510433]],["(CR,FE)",["NB","CR"],[0.003816481212976619,0.13403052999346443]]],
			[["NBFE2",["NB","CR"],[0.0033236334023772907,0.11922387730481632]],["(CR,FE)",["NB","CR"],[0.003708724529499441,0.13407838306608477]]],
			[["NBFE2",["NB","CR"],[0.0032239913415161303,0.11927169865858933]],["(CR,FE)",["NB","CR"],[0.0036009678460221517,0.1341262361387051]]],
			[["NBFE2",["NB","CR"],[0.0031243492806549145,0.11931952001236223]],["(CR,FE)",["NB","CR"],[0.0034932111625449735,0.13417408921132545]]],
			[["NBFE2",["NB","CR"],[0.003024707219793754,0.11936734136613514]],["(CR,FE)",["NB","CR"],[0.0033854544790676844,0.1342219422839458]]],
			[["NBFE2",["NB","CR"],[0.0029250651589325383,0.11941516271990815]],["(CR,FE)",["NB","CR"],[0.0032776977955905062,0.13426979535656614]]],
			[["NBFE2",["NB","CR"],[0.002825423098071378,0.11946298407368117]],["(CR,FE)",["NB","CR"],[0.0031699411121132726,0.13431764842918636]]],
			[["NBFE2",["NB","CR"],[0.002725781037210162,0.11951080542745407]],["(CR,FE)",["NB","CR"],[0.003062184428636039,0.13436550150180682]]],
			[["NBFE2",["NB","CR"],[0.0026261389763490017,0.11955862678122697]],["(CR,FE)",["NB","CR"],[0.0029544277451588052,0.13441335457442705]]],
			[["NBFE2",["NB","CR"],[0.0025264969154877304,0.11960644813499988]],["(CR,FE)",["NB","CR"],[0.002846671061681627,0.1344612076470475]]],
			[["NBFE2",["NB","CR"],[0.00242685485462657,0.11965426948877289]],["(CR,FE)",["NB","CR"],[0.002738914378204338,0.13450906071966773]]],
			[["NBFE2",["NB","CR"],[0.002327212793765354,0.1197020908425458]],["(CR,FE)",["NB","CR"],[0.0026311576947271598,0.13455691379228818]]],
			[["NBFE2",["NB","CR"],[0.0022275707329042493,0.11974991219631881]],["(CR,FE)",["NB","CR"],[0.0025234010112498706,0.1346047668649084]]],
			[["NBFE2",["NB","CR"],[0.002127928672042978,0.11979773355009171]],["(CR,FE)",["NB","CR"],[0.0024156443277726924,0.13465261993752886]]],
			[["NBFE2",["NB","CR"],[0.0020282866111818176,0.11984555490386473]],["(CR,FE)",["NB","CR"],[0.002307887644295459,0.1347004730101491]]],
			[["NBFE2",["NB","CR"],[0.0019286445503206018,0.11989337625763763]],["(CR,FE)",["NB","CR"],[0.002200130960818225,0.13474832608276954]]],
			[["NBFE2",["NB","CR"],[0.0018290024894594414,0.11994119761141064]],["(CR,FE)",["NB","CR"],[0.002092374277340936,0.13479617915538977]]],
			[["NBFE2",["NB","CR"],[0.00172936042859817,0.11998901896518355]],["(CR,FE)",["NB","CR"],[0.0019846175938637023,0.1348440322280101]]],
			[["NBFE2",["NB","CR"],[0.0016297183677370652,0.12003684031895656]],["(CR,FE)",["NB","CR"],[0.0018768609103864686,0.13489188530063045]]],
			[["NBFE2",["NB","CR"],[0.0015300763068758494,0.12008466167272946]],["(CR,FE)",["NB","CR"],[0.0017691042269092905,0.13493973837325068]]],
			[["NBFE2",["NB","CR"],[0.001430434246014689,0.12013248302650248]],["(CR,FE)",["NB","CR"],[0.0016613475434320013,0.13498759144587114]]],
			[["NBFE2",["NB","CR"],[0.0013307921851534177,0.12018030438027538]],["(CR,FE)",["NB","CR"],[0.0015535908599548232,0.13503544451849137]]],
			[["NBFE2",["NB","CR"],[0.0012311501242922573,0.12022812573404829]],["(CR,FE)",["NB","CR"],[0.001445834176477534,0.13508329759111182]]],
			[["NBFE2",["NB","CR"],[0.0011315080634310415,0.12027594708782119]],["(CR,FE)",["NB","CR"],[0.0013380774930003558,0.13513115066373205]]],
			[["NBFE2",["NB","CR"],[0.0010318660025698811,0.1203237684415942]],["(CR,FE)",["NB","CR"],[0.0012303208095231222,0.1351790037363524]]],
			[["NBFE2",["NB","CR"],[0.0009322239417086653,0.12037158979536722]],["(CR,FE)",["NB","CR"],[0.0011225641260458885,0.13522685680897273]]],
			[["NBFE2",["NB","CR"],[0.000832581880847505,0.12041941114914012]],["(CR,FE)",["NB","CR"],[0.0010148074425686548,0.13527470988159307]]],
			[["NBFE2",["NB","CR"],[0.0007329398199862891,0.12046723250291302]],["(CR,FE)",["NB","CR"],[0.0009070507590914767,0.1353225629542134]]],
			[["NBFE2",["NB","CR"],[0.0006332977591251288,0.12051505385668604]],["(CR,FE)",["NB","CR"],[0.0007992940756141875,0.13537041602683375]]],
			[["NBFE2",["NB","CR"],[0.0005336556982638574,0.12056287521045905]],["(CR,FE)",["NB","CR"],[0.0006915373921370094,0.1354182690994541]]],
			[["NBFE2",["NB","CR"],[0.00043401363740269705,0.12061069656423196]],["(CR,FE)",["NB","CR"],[0.0005837807086597202,0.13546612217207443]]],
			[["NBFE2",["NB","CR"],[0.0003343715765414812,0.12065851791800486]],["(CR,FE)",["NB","CR"],[0.00047602402518254205,0.13551397524469477]]],
			[["NBFE2",["NB","CR"],[0.00023472951568037637,0.12070633927177787]],["(CR,FE)",["NB","CR"],[0.0003682673417053084,0.135561828317315]]],
			[["NBFE2",["NB","CR"],[0.000135087454819105,0.12075416062555089]],["(CR,FE)",["NB","CR"],[0.00026051065822807473,0.13560968138993545]]],
			[["NBFE2",["NB","CR"],[0,0.12080198197932379]],["(CR,FE)",["NB","CR"],[0.00015275397475089658,0.1356575344625558]]]],
	"reference": "C-A58757"
}