{
    "components": [
        "CR",
        "FE",
        "NB"
    ],
    "phases": [
        "NBFE2",
        "NBCR2RT",
        "NB6.33FE6.67",
        "(CR,FE)"
    ],
    "conditions": {
        "P": [
            101325
        ],
        "T": [
            1273,
            1273,
            1273,
            1273,
            1273,
            1273,
            1273,
            1273,
            1273,
            1273,
            1273,
            1273,
            1273,
            1273,
            1273,
            1273,
            1273,
            1273,
            1273,
            1273,
            1273,
            1273,
            1273,
            1273,
            1273,
            1273,
            1273,
            1273,
            1273,
            1273,
            1273,
            1273,
            1273,
            1273,
            1273,
            1273,
            1273,
            1273,
            1273,
            1273,
            1273,
            1273
        ]
    },
    "broadcast_conditions": false,
    "output": "ZPF",
    "values":
			[[["NBFE2",["NB","CR"],[0.3612564323645525,0.5637604323645525]],["NBCR2RT",["NB","CR"],[0.35695917287607526,0.6136191728760753]],["NB6.33FE6.67",["NB","CR"],[0.9703446373912344,0.02595663739123455]]],
			[["NBFE2",["NB","CR"],[0.35929767349485964,0.5691830644909679]],["NBCR2RT",["NB","CR"],[0.35563953149915273,0.6133041749915614]]],
			[["NBFE2",["NB","CR"],[0.358046747973171,0.5712540903735162]],["NBCR2RT",["NB","CR"],[0.35476763487492996,0.6134109218597474]]],
			[["NBFE2",["NB","CR"],[0.3565143038178634,0.57324054524876]],["NBCR2RT",["NB","CR"],[0.35476763487492996,0.6134109218597474]]],
			[["NBFE2",["NB","CR"],[0.35494863620677686,0.5752170194662931]],["NBCR2RT",["NB","CR"],[0.35387252485311915,0.6135804460702057]]],
			[["NBFE2",["NB","CR"],[0.35324909544144395,0.5771068041970545]],["NBCR2RT",["NB","CR"],[0.35297504329734036,0.6137563837580127]]],
			[["NBFE2",["NB","CR"],[0.3514942425309045,0.5789607715788695]],["NBCR2RT",["NB","CR"],[0.3520718894634391,0.6139513692766091]]],
			[["NBFE2",["NB","CR"],[0.3497056041098885,0.5807798576245271]],["NBCR2RT",["NB","CR"],[0.3511505080035939,0.614207564194176]]],
			[["NBFE2",["NB","CR"],[0.34783433747653303,0.5825136354297576]],["NBCR2RT",["NB","CR"],[0.35022912654374866,0.614463759111743]]],
			[["NBFE2",["NB","CR"],[0.34596307084317757,0.5842474132349882]],["NBCR2RT",["NB","CR"],[0.3492936753871675,0.6147869482397932]]],
			[["NBFE2",["NB","CR"],[0.3440429747647655,0.5859090778740655]],["NBCR2RT",["NB","CR"],[0.34835321079923276,0.6151340093020894]]],
			[["NBFE2",["NB","CR"],[0.3420968449412852,0.5875322948965153]],["NBCR2RT",["NB","CR"],[0.3474087822488319,0.6155203459717222]]],
			[["NBFE2",["NB","CR"],[0.3401507151178051,0.5891555119189649]],["NBCR2RT",["NB","CR"],[0.346458157481817,0.6159680757985277]]],
			[["NBFE2",["NB","CR"],[0.33816324467105996,0.5906952690038034]],["NBCR2RT",["NB","CR"],[0.3455082603585128,0.6164344405479472]]],
			[["NBFE2",["NB","CR"],[0.33616692715576224,0.5922171653083459]],["NBCR2RT",["NB","CR"],[0.3445618354169065,0.616989727714059]]],
			[["NBFE2",["NB","CR"],[0.3341706096404645,0.5937390616128881]],["NBCR2RT",["NB","CR"],[0.3436167626851654,0.617551011311171]]],
			[["NBFE2",["NB","CR"],[0.33214490963185234,0.5951807056737336]],["NBCR2RT",["NB","CR"],[0.34269462629545755,0.618214007072898]]],
			[["NBFE2",["NB","CR"],[0.33011372346649964,0.5966073654246029]],["NBCR2RT",["NB","CR"],[0.3417726272386096,0.6188772851135563]]],
			[["NBFE2",["NB","CR"],[0.32808253730114695,0.5980340251754723]],["NBCR2RT",["NB","CR"],[0.3408987279777802,0.6196394292159754]]],
			[["NBFE2",["NB","CR"],[0.32603279560623044,0.5993906489839957]],["NBCR2RT",["NB","CR"],[0.3400248287169508,0.6204015733183944]]],
			[["NBFE2",["NB","CR"],[0.3239770387933574,0.6007245693470067]],["NBCR2RT",["NB","CR"],[0.33922079330771077,0.6212431556213885]]],
			[["NBFE2",["NB","CR"],[0.3219212819804843,0.6020584897100175]],["NBCR2RT",["NB","CR"],[0.33841865519353587,0.6220868952303786]]],
			[["NBFE2",["NB","CR"],[0.3198552326386533,0.603335007973152]],["NBCR2RT",["NB","CR"],[0.33769931096394995,0.6229843776104305]]],
			[["NBFE2",["NB","CR"],[0.317782596148349,0.6045747892830937]],["NBCR2RT",["NB","CR"],[0.33698693440441135,0.623886382811196]]],
			[["NBFE2",["NB","CR"],[0.3157099596580446,0.6058145705930355]],["NBCR2RT",["NB","CR"],[0.33635412404671955,0.6248159164143782]]],
			[["NBFE2",["NB","CR"],[0.31363267676702655,0.6070086790297811]],["NBCR2RT",["NB","CR"],[0.33574072054872284,0.6257521644243176]]],
			[["NBFE2",["NB","CR"],[0.31154985461971096,0.6081483380623396]],["NBCR2RT",["NB","CR"],[0.33518458496328546,0.626696358896006]]],
			[["NBFE2",["NB","CR"],[0.3094670324723954,0.6092879970948982]],["NBCR2RT",["NB","CR"],[0.33467122178643294,0.6276464884418664]]],
			[["NBFE2",["NB","CR"],[0.30738317264382686,0.6103891364925773]],["NBCR2RT",["NB","CR"],[0.33417570152224313,0.6285964039401188]]],
			[["NBFE2",["NB","CR"],[0.305297336461665,0.6114169119178529]],["NBCR2RT",["NB","CR"],[0.3337566909668221,0.6295454016106334]]],
			[["NBFE2",["NB","CR"],[0.3032115002795031,0.6124446873431284]],["NBCR2RT",["NB","CR"],[0.333337680411401,0.630494399281148]]],
			[["NBFE2",["NB","CR"],[0.30112776318639717,0.6134300029846471]],["NBCR2RT",["NB","CR"],[0.33297134374296156,0.6314367356558721]]],
			[["NBFE2",["NB","CR"],[0.2990484186179387,0.6143264678715257]],["NBCR2RT",["NB","CR"],[0.3326378392915357,0.632374919971169]]],
			[["NBFE2",["NB","CR"],[0.2969690740494802,0.615222932758404]],["NBCR2RT",["NB","CR"],[0.3323043348401097,0.6333131042864663]]],
			[["NBFE2",["NB","CR"],[0.2948991082797389,0.6160482211871936]],["NBCR2RT",["NB","CR"],[0.3320333891281469,0.6342377290990902]]],
			[["NBFE2",["NB","CR"],[0.29284110667784113,0.6167827125835745]],["NBCR2RT",["NB","CR"],[0.3317760535892148,0.6351594039293589]]],
			[["NBFE2",["NB","CR"],[0.2907831050759434,0.6175172039799551]],["NBCR2RT",["NB","CR"],[0.33151871805028277,0.6360810787596274]]],
			[["NBFE2",["NB","CR"],[0.2887598667281672,0.618097523019322]],["NBCR2RT",["NB","CR"],[0.33131305470625927,0.6369877788788204]]],
			[["NBFE2",["NB","CR"],[0.2867492518916,0.6186218577578501]],["NBCR2RT",["NB","CR"],[0.331121984090184,0.6378902499946738]]],
			[["NBFE2",["NB","CR"],[0.28476147336513014,0.6190786077254993]],["NBCR2RT",["NB","CR"],[0.3309309134741087,0.6387927211105273]]],
			[["NBFE2",["NB","CR"],[0.2828464548862629,0.6193200220664474]],["NBCR2RT",["NB","CR"],[0.33076685334603173,0.6396857369532074]]],
			[["NBFE2",["NB","CR"],[0.27766891623659784,0.6187669162365979]],["NBCR2RT",["NB","CR"],[0.3308501058639854,0.6422501058639853]],["(CR,FE)",["NB","CR"],[0.0120363455711851,0.9829199455711851]]]],
	"reference": "C-A58757"
}