{
    "components": [
        "FE",
        "NB",
        "NI"
    ],
    "phases": [
        "NBFE2",
        "NBNI3",
        "FE",
        "NBFE2"
    ],
    "conditions": {
        "P": [
            101325
        ],
        "T": [
            1073,
            1073,
            1073,
            1073,
            1073,
            1073,
            1073,
            1073,
            1073,
            1073,
            1073,
            1073,
            1073,
            1073,
            1073,
            1073,
            1073,
            1073,
            1073,
            1073,
            1073,
            1073,
            1073,
            1073,
            1073,
            1073,
            1073,
            1073,
            1073,
            1073,
            1073,
            1073,
            1073,
            1073,
            1073,
            1073,
            1073,
            1073,
            1073,
            1073,
            1073,
            1073
        ]
    },
    "broadcast_conditions": false,
    "output": "ZPF",
    "values":
			[[["NBFE2",["NI","FE"],[0.23452812087849448,0.4320821208784945]],["FE",["NI","FE"],[0.2992394938534063,0.23707549385340632]],["NBNI3",["NI","FE"],[0.7314606744239831,0.01534467442398324]]],
			[["NBFE2",["NI","FE"],[0.23244880906552837,0.43470552240848104]],["NBNI3",["NI","FE"],[0.7304871682696152,0.017058970511183547]]],
			[["NBFE2",["NI","FE"],[0.23014661783465717,0.4370460445205626]],["NBNI3",["NI","FE"],[0.7302503209667323,0.01767530151807717]]],
			[["NBFE2",["NI","FE"],[0.227844426603786,0.4393865666326441]],["NBNI3",["NI","FE"],[0.7302503209667323,0.01767530151807717]]],
			[["NBFE2",["NI","FE"],[0.22554223537291485,0.44172708874472566]],["NBNI3",["NI","FE"],[0.7299822745657908,0.018295710823136302]]],
			[["NBFE2",["NI","FE"],[0.22324004414204363,0.4440676108568071]],["NBNI3",["NI","FE"],[0.7296880443975147,0.018917291620468624]]],
			[["NBFE2",["NI","FE"],[0.22094374994776414,0.4464136961424914]],["NBNI3",["NI","FE"],[0.7293773831221014,0.01953960756468831]]],
			[["NBFE2",["NI","FE"],[0.21864850701753838,0.4487607731745116]],["NBNI3",["NI","FE"],[0.729038742988853,0.020160824735246385]]],
			[["NBFE2",["NI","FE"],[0.21635326408731254,0.45110785020653177]],["NBNI3",["NI","FE"],[0.7286918870700284,0.020781719259009845]]],
			[["NBFE2",["NI","FE"],[0.21405802115708678,0.45345492723855196]],["NBNI3",["NI","FE"],[0.7283193327952476,0.02139950337848706]]],
			[["NBFE2",["NI","FE"],[0.21176459051117785,0.4558036793515956]],["NBNI3",["NI","FE"],[0.7279412172757685,0.02201661439189595]]],
			[["NBFE2",["NI","FE"],[0.20947874543495854,0.4581594427507385]],["NBNI3",["NI","FE"],[0.7275422646508184,0.022629503008643637]]],
			[["NBFE2",["NI","FE"],[0.20719290035873927,0.4605152061498812]],["NBNI3",["NI","FE"],[0.7271365219172745,0.02324101568899295]]],
			[["NBFE2",["NI","FE"],[0.20490705528251996,0.46287096954902396]],["NBNI3",["NI","FE"],[0.7267178216384029,0.023848857786759048]]],
			[["NBFE2",["NI","FE"],[0.20262138522810358,0.46522689048262933]],["NBNI3",["NI","FE"],[0.7262889439299116,0.024453816846499055]]],
			[["NBFE2",["NI","FE"],[0.20034757139737683,0.46759348302283565]],["NBNI3",["NI","FE"],[0.7258553104751662,0.025057055507377024]]],
			[["NBFE2",["NI","FE"],[0.19807375756665016,0.469960075563042]],["NBNI3",["NI","FE"],[0.725406503815197,0.025654805236842604]]],
			[["NBFE2",["NI","FE"],[0.19579994373592344,0.4723266681032484]],["NBNI3",["NI","FE"],[0.7249576971552277,0.026252554966308406]]],
			[["NBFE2",["NI","FE"],[0.19353056232623014,0.4746971167079088]],["NBNI3",["NI","FE"],[0.7244952287563416,0.02684429558174084]]],
			[["NBFE2",["NI","FE"],[0.19127253220330673,0.47707744056879875]],["NBNI3",["NI","FE"],[0.7240289306212484,0.027434351688215508]]],
			[["NBFE2",["NI","FE"],[0.1890145020803833,0.47945776442968857]],["NBNI3",["NI","FE"],[0.7235598170186632,0.028022950836883886]]],
			[["NBFE2",["NI","FE"],[0.1867564719574598,0.4818380882905785]],["NBNI3",["NI","FE"],[0.7230784809546746,0.02860522506416452]]],
			[["NBFE2",["NI","FE"],[0.18451827781193822,0.4842349253852324]],["NBNI3",["NI","FE"],[0.722597144890686,0.02918749929144504]]],
			[["NBFE2",["NI","FE"],[0.18228096996376822,0.4866325003127169]],["NBNI3",["NI","FE"],[0.722109926646547,0.029766280927770783]]],
			[["NBFE2",["NI","FE"],[0.18004394884603142,0.48903030067486597]],["NBNI3",["NI","FE"],[0.7216156096579254,0.030340847628453904]]],
			[["NBFE2",["NI","FE"],[0.177834091445586,0.4914494578334707]],["NBNI3",["NI","FE"],[0.7211212926693036,0.030915414329137136]]],
			[["NBFE2",["NI","FE"],[0.1756242340451406,0.49386861499207546]],["NBNI3",["NI","FE"],[0.72062037270644,0.03148556064564456]]],
			[["NBFE2",["NI","FE"],[0.173428673095164,0.4962982200709445]],["NBNI3",["NI","FE"],[0.720114579701426,0.03205244468705892]]],
			[["NBFE2",["NI","FE"],[0.17125399090224538,0.4987430834539245]],["NBNI3",["NI","FE"],[0.7196087866964119,0.032619328728473396]]],
			[["NBFE2",["NI","FE"],[0.1690845129933375,0.5011914087121201]],["NBNI3",["NI","FE"],[0.7190974890165259,0.03318211332235599]]],
			[["NBFE2",["NI","FE"],[0.16695654600842524,0.5036673469212336]],["NBNI3",["NI","FE"],[0.7185817086166559,0.033741559540076294]]],
			[["NBFE2",["NI","FE"],[0.16483400451887983,0.506146481975423]],["NBNI3",["NI","FE"],[0.7180659282167862,0.03430100575779638]]],
			[["NBFE2",["NI","FE"],[0.16276598017913138,0.5086577399732503]],["NBNI3",["NI","FE"],[0.717546713648532,0.034857634689908434]]],
			[["NBFE2",["NI","FE"],[0.16072165183939208,0.5111809462805699]],["NBNI3",["NI","FE"],[0.7170218452066675,0.035409625358845176]]],
			[["NBFE2",["NI","FE"],[0.15873041974233695,0.513730925475306]],["NBNI3",["NI","FE"],[0.7164969767648028,0.03596161602778192]]],
			[["NBFE2",["NI","FE"],[0.15680874708206494,0.5163095824007713]],["NBNI3",["NI","FE"],[0.7159716619735518,0.036513206804263953]]],
			[["NBFE2",["NI","FE"],[0.15494887166747015,0.5189102951248799]],["NBNI3",["NI","FE"],[0.7154389777900052,0.03705819520945164]]],
			[["NBFE2",["NI","FE"],[0.15317073507632353,0.5215365458958446]],["NBNI3",["NI","FE"],[0.7149062936064585,0.037603183614639435]]],
			[["NBFE2",["NI","FE"],[0.15151497136399442,0.5241902518495742]],["NBNI3",["NI","FE"],[0.7143736094229121,0.03814817201982701]]],
			[["NBFE2",["NI","FE"],[0.14997009180168283,0.5268593041933217]],["NBNI3",["NI","FE"],[0.7138368897336268,0.038689246789636145]]],
			[["NBFE2",["NI","FE"],[0.14853009034153877,0.5295367067388553]],["NBNI3",["NI","FE"],[0.7132973050246648,0.03922754306200449]]],
			[["NBFE2",["NI","FE"],[0.153443,0.846557]],["NBFE2",["NI","FE"],[0.14602008788568105,0.5337040878856811]],["NBNI3",["NI","FE"],[0.7124428603241076,0.04058286032410774]]]],
	"reference": "C-A58757"
}