{
    "components": [
        "FE",
        "NB",
        "NI"
    ],
    "phases": [
        "FE",
        "(1073K)"
    ],
    "conditions": {
        "P": [
            101325
        ],
        "T": [
            1073,
            1073,
            1073,
            1073,
            1073,
            1073,
            1073,
            1073,
            1073,
            1073,
            1073,
            1073,
            1073,
            1073,
            1073,
            1073,
            1073,
            1073,
            1073,
            1073,
            1073,
            1073,
            1073,
            1073,
            1073,
            1073,
            1073,
            1073,
            1073,
            1073,
            1073,
            1073,
            1073,
            1073,
            1073,
            1073,
            1073,
            1073,
            1073,
            1073
        ]
    },
    "broadcast_conditions": false,
    "output": "ZPF",
    "values":
			[[["FE",["NI","FE"],[0.012493071598633054,0.5101844539774025]],["(1073K)",["NI","FE"],[0.00023007645488948292,0.006081588650011405]]],
			[["FE",["NI","FE"],[0.025021569160614432,0.4984603339181535]],["(1073K)",["NI","FE"],[0.0005323334488672171,0.00593135783911114]]],
			[["FE",["NI","FE"],[0.03754973331624842,0.48673582058077725]],["(1073K)",["NI","FE"],[0.0005323334488672171,0.00593135783911114]]],
			[["FE",["NI","FE"],[0.04995159635958782,0.474862325482005]],["(1073K)",["NI","FE"],[0.0008345904428448958,0.005781127028210653]]],
			[["FE",["NI","FE"],[0.06235345940292725,0.4629888303832328]],["(1073K)",["NI","FE"],[0.00113684743682263,0.005630896217310388]]],
			[["FE",["NI","FE"],[0.07474438843365919,0.4511033056970257]],["(1073K)",["NI","FE"],[0.0014391044308003087,0.005480665406410012]]],
			[["FE",["NI","FE"],[0.0870108286144668,0.4390808185288284]],["(1073K)",["NI","FE"],[0.0017413614247779874,0.005330434595509637]]],
			[["FE",["NI","FE"],[0.0992772687952744,0.4270583313606311]],["(1073K)",["NI","FE"],[0.0020436184187557216,0.005180203784609372]]],
			[["FE",["NI","FE"],[0.1115074655048896,0.4149987185879074]],["(1073K)",["NI","FE"],[0.0023458754127334003,0.005029972973708885]]],
			[["FE",["NI","FE"],[0.12362906616227834,0.40282786663318926]],["(1073K)",["NI","FE"],[0.0026481324067111345,0.00487974216280862]]],
			[["FE",["NI","FE"],[0.13575066681966713,0.39065701467847114]],["(1073K)",["NI","FE"],[0.002950389400688813,0.004729511351908244]]],
			[["FE",["NI","FE"],[0.1477941485022393,0.378411802474531]],["(1073K)",["NI","FE"],[0.0032526463946664363,0.0045792805410078685]]],
			[["FE",["NI","FE"],[0.15976171625716185,0.36609432897181304]],["(1073K)",["NI","FE"],[0.0035549033886441705,0.004429049730107604]]],
			[["FE",["NI","FE"],[0.17172928401208437,0.353776855469095]],["(1073K)",["NI","FE"],[0.0038571603826218492,0.004278818919207228]]],
			[["FE",["NI","FE"],[0.18355789300124334,0.3413367269558649]],["(1073K)",["NI","FE"],[0.0041594173765995834,0.004128588108306852]]],
			[["FE",["NI","FE"],[0.19536146492031364,0.3288744989221184]],["(1073K)",["NI","FE"],[0.004461674370577318,0.003978357297406476]]],
			[["FE",["NI","FE"],[0.20711882285529257,0.3163745320664142]],["(1073K)",["NI","FE"],[0.004763931364554941,0.0038281264865061004]]],
			[["FE",["NI","FE"],[0.21874914282898608,0.30377082468504246]],["(1073K)",["NI","FE"],[0.0050661883585327305,0.0036778956756058356]]],
			[["FE",["NI","FE"],[0.23037946280267954,0.29116711730367084]],["(1073K)",["NI","FE"],[0.005368445352510354,0.00352766486470546]]],
			[["FE",["NI","FE"],[0.24187079831853445,0.27845865700436667]],["(1073K)",["NI","FE"],[0.005670702346488088,0.003377434053805084]]],
			[["FE",["NI","FE"],[0.2533185662549424,0.26571735971634225]],["(1073K)",["NI","FE"],[0.005972959340465767,0.003227203242904819]]],
			[["FE",["NI","FE"],[0.26470348047906117,0.2529324597033682]],["(1073K)",["NI","FE"],[0.00627521633444339,0.0030769724320044434]]],
			[["FE",["NI","FE"],[0.27595904610033906,0.2400578282911362]],["(1073K)",["NI","FE"],[0.0065774733284211795,0.0029267416211040675]]],
			[["FE",["NI","FE"],[0.28721461172161694,0.2271831968789042]],["(1073K)",["NI","FE"],[0.006879730322398803,0.0027765108102038027]]],
			[["FE",["NI","FE"],[0.29827775665642753,0.2141860637494215]],["(1073K)",["NI","FE"],[0.007181987316376537,0.002626279999303316]]],
			[["FE",["NI","FE"],[0.3093328721448596,0.20118381879444858]],["(1073K)",["NI","FE"],[0.0074842443103542156,0.002476049188403051]]],
			[["FE",["NI","FE"],[0.3202510034966554,0.18810179223994639]],["(1073K)",["NI","FE"],[0.00778650130433195,0.0023258183775025643]]],
			[["FE",["NI","FE"],[0.3310973120945103,0.17497793504481163]],["(1073K)",["NI","FE"],[0.008088758298309628,0.0021755875666022995]]],
			[["FE",["NI","FE"],[0.34185489086898124,0.1618069636275996]],["(1073K)",["NI","FE"],[0.008391015292287363,0.0020253567557019236]]],
			[["FE",["NI","FE"],[0.35248561390695266,0.1485686336931119]],["(1073K)",["NI","FE"],[0.008693272286264986,0.0018751259448015478]]],
			[["FE",["NI","FE"],[0.3630667851661875,0.13530640775662994]],["(1073K)",["NI","FE"],[0.008995529280242776,0.001724895133901283]]],
			[["FE",["NI","FE"],[0.37347502012139255,0.12196078448565495]],["(1073K)",["NI","FE"],[0.009297786274220399,0.0015746643230009072]]],
			[["FE",["NI","FE"],[0.38386381395606767,0.10860668138995333]],["(1073K)",["NI","FE"],[0.009600043268198188,0.0014244335121005314]]],
			[["FE",["NI","FE"],[0.39404546385086114,0.09516222628492621]],["(1073K)",["NI","FE"],[0.009902300262175812,0.0012742027012002666]]],
			[["FE",["NI","FE"],[0.4042271137456547,0.0817177711798992]],["(1073K)",["NI","FE"],[0.010204557256153546,0.0011239718902997797]]],
			[["FE",["NI","FE"],[0.4141778615709456,0.0681826451874018]],["(1073K)",["NI","FE"],[0.010506814250131224,0.0009737410793995149]]],
			[["FE",["NI","FE"],[0.42412793643947366,0.0546472549374768]],["(1073K)",["NI","FE"],[0.010809071244108959,0.0008235102684990281]]],
			[["FE",["NI","FE"],[0.43385579151822046,0.04103371663181021]],["(1073K)",["NI","FE"],[0.011111328238086637,0.0006732794575987633]]],
			[["FE",["NI","FE"],[0.44357275485634745,0.027416348026628512]],["(1073K)",["NI","FE"],[0.011413585232064372,0.0005230486466983875]]],
			[["FE",["NI","FE"],[0.45306754035603886,0.013729390660806029]],["(1073K)",["NI","FE"],[0.011715842226041995,0.00037281783579801164]]]],
	"reference": "C-A58757"
}