{
    "components": [
        "FE",
        "NB",
        "NI"
    ],
    "phases": [
        "NBFE2",
        "NBNI3",
        "NBFE2"
    ],
    "conditions": {
        "P": [
            101325
        ],
        "T": [
            1073,
            1073,
            1073,
            1073,
            1073,
            1073,
            1073,
            1073,
            1073,
            1073,
            1073,
            1073,
            1073,
            1073,
            1073,
            1073,
            1073,
            1073,
            1073,
            1073,
            1073,
            1073,
            1073,
            1073,
            1073,
            1073,
            1073,
            1073,
            1073,
            1073,
            1073,
            1073,
            1073,
            1073,
            1073,
            1073,
            1073,
            1073,
            1073,
            1073,
            1073,
            1073
        ]
    },
    "broadcast_conditions": false,
    "output": "ZPF",
    "values":
			[[["NBFE2",["NI","FE"],[0.153443,0.846557]],["NBFE2",["NI","FE"],[0.14602008788568105,0.5337040878856811]],["NBNI3",["NI","FE"],[0.7124428603241076,0.04058286032410774]]],
			[["NBFE2",["NI","FE"],[0.154904,0.8450960000000001]],["NBNI3",["NI","FE"],[0.7841015205015759,0]]],
			[["NBFE2",["NI","FE"],[0.154904,0.8450960000000001]],["NBNI3",["NI","FE"],[0.7894989824890365,0]]],
			[["NBFE2",["NI","FE"],[0.154904,0.8450960000000001]],["NBNI3",["NI","FE"],[0.7894989824890365,0]]],
			[["NBFE2",["NI","FE"],[0.154904,0.8450960000000001]],["NBNI3",["NI","FE"],[0.794896444476497,0]]],
			[["NBFE2",["NI","FE"],[0.154904,0.8450960000000001]],["NBNI3",["NI","FE"],[0.8002939064639576,0]]],
			[["NBFE2",["NI","FE"],[0.154904,0.8450960000000001]],["NBNI3",["NI","FE"],[0.8056913684514183,0]]],
			[["NBFE2",["NI","FE"],[0.154904,0.8450960000000001]],["NBNI3",["NI","FE"],[0.8110888304388789,0]]],
			[["NBFE2",["NI","FE"],[0.154904,0.8450960000000001]],["NBNI3",["NI","FE"],[0.8164862924263395,0]]],
			[["NBFE2",["NI","FE"],[0.154904,0.8450960000000001]],["NBNI3",["NI","FE"],[0.8218837544138001,0]]],
			[["NBFE2",["NI","FE"],[0.154904,0.8450960000000001]],["NBNI3",["NI","FE"],[0.8272812164012607,0]]],
			[["NBFE2",["NI","FE"],[0.154904,0.8450960000000001]],["NBNI3",["NI","FE"],[0.8326786783887212,0]]],
			[["NBFE2",["NI","FE"],[0.154904,0.8450960000000001]],["NBNI3",["NI","FE"],[0.8380761403761819,0]]],
			[["NBFE2",["NI","FE"],[0.154904,0.8450960000000001]],["NBNI3",["NI","FE"],[0.8434736023636425,0]]],
			[["NBFE2",["NI","FE"],[0.154904,0.8450960000000001]],["NBNI3",["NI","FE"],[0.8488710643511032,0]]],
			[["NBFE2",["NI","FE"],[0.154904,0.8450960000000001]],["NBNI3",["NI","FE"],[0.8542685263385638,0]]],
			[["NBFE2",["NI","FE"],[0.154904,0.8450960000000001]],["NBNI3",["NI","FE"],[0.8596659883260243,0]]],
			[["NBFE2",["NI","FE"],[0.154904,0.8450960000000001]],["NBNI3",["NI","FE"],[0.8650634503134849,0]]],
			[["NBFE2",["NI","FE"],[0.154904,0.8450960000000001]],["NBNI3",["NI","FE"],[0.8704609123009455,0]]],
			[["NBFE2",["NI","FE"],[0.154904,0.8450960000000001]],["NBNI3",["NI","FE"],[0.8758583742884062,0]]],
			[["NBFE2",["NI","FE"],[0.154904,0.8450960000000001]],["NBNI3",["NI","FE"],[0.8812558362758668,0]]],
			[["NBFE2",["NI","FE"],[0.154904,0.8450960000000001]],["NBNI3",["NI","FE"],[0.8866532982633274,0]]],
			[["NBFE2",["NI","FE"],[0.154904,0.8450960000000001]],["NBNI3",["NI","FE"],[0.8920507602507879,0]]],
			[["NBFE2",["NI","FE"],[0.154904,0.8450960000000001]],["NBNI3",["NI","FE"],[0.8974482222382485,0]]],
			[["NBFE2",["NI","FE"],[0.154904,0.8450960000000001]],["NBNI3",["NI","FE"],[0.9028456842257091,0]]],
			[["NBFE2",["NI","FE"],[0.154904,0.8450960000000001]],["NBNI3",["NI","FE"],[0.9082431462131698,0]]],
			[["NBFE2",["NI","FE"],[0.154904,0.8450960000000001]],["NBNI3",["NI","FE"],[0.9136406082006304,0]]],
			[["NBFE2",["NI","FE"],[0.154904,0.8450960000000001]],["NBNI3",["NI","FE"],[0.919038070188091,0]]],
			[["NBFE2",["NI","FE"],[0.154904,0.8450960000000001]],["NBNI3",["NI","FE"],[0.9244355321755515,0]]],
			[["NBFE2",["NI","FE"],[0.154904,0.8450960000000001]],["NBNI3",["NI","FE"],[0.9298329941630121,0]]],
			[["NBFE2",["NI","FE"],[0.154904,0.8450960000000001]],["NBNI3",["NI","FE"],[0.9352304561504727,0]]],
			[["NBFE2",["NI","FE"],[0.154904,0.8450960000000001]],["NBNI3",["NI","FE"],[0.9406279181379333,0]]],
			[["NBFE2",["NI","FE"],[0.154904,0.8450960000000001]],["NBNI3",["NI","FE"],[0.9460253801253939,0]]],
			[["NBFE2",["NI","FE"],[0.154904,0.8450960000000001]],["NBNI3",["NI","FE"],[0.9514228421128547,0]]],
			[["NBFE2",["NI","FE"],[0.154904,0.8450960000000001]],["NBNI3",["NI","FE"],[0.9568203041003152,0]]],
			[["NBFE2",["NI","FE"],[0.154904,0.8450960000000001]],["NBNI3",["NI","FE"],[0.9622177660877758,0]]],
			[["NBFE2",["NI","FE"],[0.154904,0.8450960000000001]],["NBNI3",["NI","FE"],[0.9676152280752364,0]]],
			[["NBFE2",["NI","FE"],[0.154904,0.8450960000000001]],["NBNI3",["NI","FE"],[0.973012690062697,0]]],
			[["NBFE2",["NI","FE"],[0.154904,0.8450960000000001]],["NBNI3",["NI","FE"],[0.9784101520501576,0]]],
			[["NBFE2",["NI","FE"],[0.154904,0.8450960000000001]],["NBNI3",["NI","FE"],[0.9838076140376182,0]]],
			[["NBFE2",["NI","FE"],[0.154904,0.8450960000000001]],["NBNI3",["NI","FE"],[0.9892050760250788,0]]],
			[["NBFE2",["NI","FE"],[0.153443,0.846557]],["NBFE2",["NI","FE"],[0.14602008788568105,0.5337040878856811]],["NBNI3",["NI","FE"],[0.7124428603241076,0.04058286032410774]]]],
	"reference": "C-A58757"
}