{
    "components": [
        "FE",
        "NB",
        "NI"
    ],
    "phases": [
        "FE",
        "NBFE2"
    ],
    "conditions": {
        "P": [
            101325
        ],
        "T": [
            1073,
            1073,
            1073,
            1073,
            1073,
            1073,
            1073,
            1073,
            1073,
            1073,
            1073,
            1073,
            1073,
            1073,
            1073,
            1073,
            1073,
            1073,
            1073,
            1073,
            1073,
            1073,
            1073,
            1073,
            1073,
            1073,
            1073,
            1073,
            1073,
            1073,
            1073,
            1073,
            1073,
            1073,
            1073,
            1073,
            1073,
            1073,
            1073,
            1073
        ]
    },
    "broadcast_conditions": false,
    "output": "ZPF",
    "values":
			[[["FE",["NI","FE"],[0,1.0]],["NBFE2",["NI","FE"],[0.009783659199212147,0.6695023943153633]]],
			[["FE",["NI","FE"],[0,1.0]],["NBFE2",["NI","FE"],[0.019591109930648304,0.6597625801629505]]],
			[["FE",["NI","FE"],[0,1.0]],["NBFE2",["NI","FE"],[0.019591109930648304,0.6597625801629505]]],
			[["FE",["NI","FE"],[0,1.0]],["NBFE2",["NI","FE"],[0.02939856066208449,0.6500227660105378]]],
			[["FE",["NI","FE"],[0,1.0]],["NBFE2",["NI","FE"],[0.039206011393520646,0.640282951858125]]],
			[["FE",["NI","FE"],[0,1.0]],["NBFE2",["NI","FE"],[0.04901346212495683,0.6305431377057122]]],
			[["FE",["NI","FE"],[0,1.0]],["NBFE2",["NI","FE"],[0.058362235261036566,0.6216415792734695]]],
			[["FE",["NI","FE"],[0,1.0]],["NBFE2",["NI","FE"],[0.05720343139643552,0.6319431312942275]]],
			[["FE",["NI","FE"],[0,1.0]],["NBFE2",["NI","FE"],[0.05604462753183448,0.6422446833149855]]],
			[["FE",["NI","FE"],[0,1.0]],["NBFE2",["NI","FE"],[0.05488582366723341,0.6525462353357435]]],
			[["FE",["NI","FE"],[0,1.0]],["NBFE2",["NI","FE"],[0.05372701980263239,0.6628477873565015]]],
			[["FE",["NI","FE"],[0,1.0]],["NBFE2",["NI","FE"],[0.05256821593803132,0.6731493393772596]]],
			[["FE",["NI","FE"],[0,1.0]],["NBFE2",["NI","FE"],[0.051409412073430305,0.6834508913980176]]],
			[["FE",["NI","FE"],[0,1.0]],["NBFE2",["NI","FE"],[0.050250608208829234,0.6937524434187756]]],
			[["FE",["NI","FE"],[0,1.0]],["NBFE2",["NI","FE"],[0.049091804344228204,0.7040539954395337]]],
			[["FE",["NI","FE"],[0,1.0]],["NBFE2",["NI","FE"],[0.04793300047962715,0.7143555474602916]]],
			[["FE",["NI","FE"],[0,1.0]],["NBFE2",["NI","FE"],[0.04677419661502612,0.7246570994810497]]],
			[["FE",["NI","FE"],[0,1.0]],["NBFE2",["NI","FE"],[0.04561539275042509,0.7349586515018076]]],
			[["FE",["NI","FE"],[0,1.0]],["NBFE2",["NI","FE"],[0.04445658888582402,0.7452602035225657]]],
			[["FE",["NI","FE"],[0,1.0]],["NBFE2",["NI","FE"],[0.04329778502122299,0.7555617555433237]]],
			[["FE",["NI","FE"],[0,1.0]],["NBFE2",["NI","FE"],[0.04213898115662196,0.7658633075640817]]],
			[["FE",["NI","FE"],[0,1.0]],["NBFE2",["NI","FE"],[0.04098017729202087,0.7761648595848397]]],
			[["FE",["NI","FE"],[0,1.0]],["NBFE2",["NI","FE"],[0.03982137342741987,0.7864664116055977]]],
			[["FE",["NI","FE"],[0,1.0]],["NBFE2",["NI","FE"],[0.0386625695628188,0.7967679636263558]]],
			[["FE",["NI","FE"],[0,1.0]],["NBFE2",["NI","FE"],[0.03750376569821774,0.8070695156471137]]],
			[["FE",["NI","FE"],[0,1.0]],["NBFE2",["NI","FE"],[0.03634496183361671,0.8173710676678718]]],
			[["FE",["NI","FE"],[0,1.0]],["NBFE2",["NI","FE"],[0.03518615796901567,0.8276726196886298]]],
			[["FE",["NI","FE"],[0,1.0]],["NBFE2",["NI","FE"],[0.03402735410441461,0.8379741717093878]]],
			[["FE",["NI","FE"],[0,1.0]],["NBFE2",["NI","FE"],[0.03286855023981357,0.8482757237301458]]],
			[["FE",["NI","FE"],[0,1.0]],["NBFE2",["NI","FE"],[0.031709746375212525,0.8585772757509038]]],
			[["FE",["NI","FE"],[0,1.0]],["NBFE2",["NI","FE"],[0.030550942510611474,0.8688788277716619]]],
			[["FE",["NI","FE"],[0,1.0]],["NBFE2",["NI","FE"],[0.02939213864601045,0.8791803797924198]]],
			[["FE",["NI","FE"],[0,1.0]],["NBFE2",["NI","FE"],[0.02823333478140938,0.8894819318131779]]],
			[["FE",["NI","FE"],[0,1.0]],["NBFE2",["NI","FE"],[0.027074530916808344,0.8997834838339358]]],
			[["FE",["NI","FE"],[0,1.0]],["NBFE2",["NI","FE"],[0.025915727052207314,0.9100850358546939]]],
			[["FE",["NI","FE"],[0,1.0]],["NBFE2",["NI","FE"],[0.024756923187606264,0.9203865878754519]]],
			[["FE",["NI","FE"],[0,1.0]],["NBFE2",["NI","FE"],[0.023598119323005214,0.9306881398962099]]],
			[["FE",["NI","FE"],[0,1.0]],["NBFE2",["NI","FE"],[0.02243931545840418,0.9409896919169679]]],
			[["FE",["NI","FE"],[0,1.0]],["NBFE2",["NI","FE"],[0.02128051159380312,0.9512912439377259]]],
			[["FE",["NI","FE"],[0,1.0]],["NBFE2",["NI","FE"],[0.020121707729202055,0.961592795958484]]]],
	"reference": "C-A58757"
}