{
    "components": [
        "FE",
        "NB",
        "NI"
    ],
    "phases": [
        "NBNI3",
        "FE",
        "NBFE2"
    ],
    "conditions": {
        "P": [
            101325
        ],
        "T": [
            1073,
            1073,
            1073,
            1073,
            1073,
            1073,
            1073,
            1073,
            1073,
            1073,
            1073,
            1073,
            1073,
            1073,
            1073,
            1073,
            1073,
            1073,
            1073,
            1073,
            1073,
            1073,
            1073,
            1073,
            1073,
            1073,
            1073,
            1073,
            1073,
            1073,
            1073,
            1073,
            1073,
            1073,
            1073,
            1073,
            1073,
            1073,
            1073,
            1073,
            1073
        ]
    },
    "broadcast_conditions": false,
    "output": "ZPF",
    "values":
			[[["NBFE2",["NI","FE"],[0.23452812087849448,0.4320821208784945]],["FE",["NI","FE"],[0.2992394938534063,0.23707549385340632]],["NBNI3",["NI","FE"],[0.7314606744239831,0.01534467442398324]]],
			[["NBNI3",["NI","FE"],[0.7314095851956504,0.014677877878577217]],["FE",["NI","FE"],[0.30661070551659075,0.23031072003013286]]],
			[["NBNI3",["NI","FE"],[0.7316228202489513,0.01431140561480504]],["FE",["NI","FE"],[0.3119984907564862,0.2250005197835706]]],
			[["NBNI3",["NI","FE"],[0.7318360553022523,0.013944933351032862]],["FE",["NI","FE"],[0.3119984907564862,0.2250005197835706]]],
			[["NBNI3",["NI","FE"],[0.7320492903555533,0.013578461087260574]],["FE",["NI","FE"],[0.31733211134023653,0.21963598725595057]]],
			[["NBNI3",["NI","FE"],[0.7322625254088542,0.013211988823488507]],["FE",["NI","FE"],[0.3226479323676771,0.21425360008722416]]],
			[["NBNI3",["NI","FE"],[0.7324757604621551,0.012845516559716219]],["FE",["NI","FE"],[0.3279487574306127,0.2088573330118837]]],
			[["NBNI3",["NI","FE"],[0.7326889955154561,0.012479044295944042]],["FE",["NI","FE"],[0.3331905978466204,0.20340647115601151]]],
			[["NBNI3",["NI","FE"],[0.732902230568757,0.012112572032171753]],["FE",["NI","FE"],[0.33843243826262825,0.19795560930013933]]],
			[["NBNI3",["NI","FE"],[0.733115465622058,0.011746099768399576]],["FE",["NI","FE"],[0.34362315106653396,0.1924610592056979]]],
			[["NBNI3",["NI","FE"],[0.733328700675359,0.011379627504627288]],["FE",["NI","FE"],[0.3487889725769343,0.18694523964991727]]],
			[["NBNI3",["NI","FE"],[0.73354193572866,0.011013155240855]],["FE",["NI","FE"],[0.35394219359819784,0.18141947828896154]]],
			[["NBNI3",["NI","FE"],[0.7337551707819608,0.010646682977083044]],["FE",["NI","FE"],[0.35903018700273637,0.1758422522387797]]],
			[["NBNI3",["NI","FE"],[0.7339684058352618,0.010280210713310756]],["FE",["NI","FE"],[0.36411818040727484,0.17026502618859785]]],
			[["NBNI3",["NI","FE"],[0.7341816408885629,0.009913738449538467]],["FE",["NI","FE"],[0.3691527678165354,0.1646489013026704]]],
			[["NBNI3",["NI","FE"],[0.7343948759418637,0.00954726618576629]],["FE",["NI","FE"],[0.37416099135385283,0.1590135740047478]]],
			[["NBNI3",["NI","FE"],[0.7346081109951648,0.009180793921994002]],["FE",["NI","FE"],[0.37915342893036197,0.1533676369633925]]],
			[["NBNI3",["NI","FE"],[0.7348213460484657,0.008814321658221824]],["FE",["NI","FE"],[0.38408060024622537,0.14767783447167404]]],
			[["NBNI3",["NI","FE"],[0.7350345811017666,0.008447849394449758]],["FE",["NI","FE"],[0.38900777156208854,0.14198803197995558]]],
			[["NBNI3",["NI","FE"],[0.7352478161550676,0.008081377130677359]],["FE",["NI","FE"],[0.39387380245843623,0.13626034237550955]]],
			[["NBNI3",["NI","FE"],[0.7354610512083686,0.007714904866905181]],["FE",["NI","FE"],[0.39871805769342283,0.13051915896543953]]],
			[["NBNI3",["NI","FE"],[0.7356742862616694,0.007348432603133115]],["FE",["NI","FE"],[0.40353756030949517,0.1247638469556136]]],
			[["NBNI3",["NI","FE"],[0.7358875213149705,0.0069819603393608265]],["FE",["NI","FE"],[0.40829832632784346,0.11897500855881682]]],
			[["NBNI3",["NI","FE"],[0.7361007563682714,0.006615488075588649]],["FE",["NI","FE"],[0.41305909234619165,0.11318617016202004]]],
			[["NBNI3",["NI","FE"],[0.7363139914215724,0.006249015811816361]],["FE",["NI","FE"],[0.41774561294853685,0.10735834841351988]]],
			[["NBNI3",["NI","FE"],[0.7365272264748733,0.0058825435480441834]],["FE",["NI","FE"],[0.42242119135444967,0.10152478134746501]]],
			[["NBNI3",["NI","FE"],[0.7367404615281743,0.005516071284271895]],["FE",["NI","FE"],[0.42705712277261487,0.09567210069802501]]],
			[["NBNI3",["NI","FE"],[0.7369536965814752,0.005149599020499718]],["FE",["NI","FE"],[0.4316469616569666,0.08979719910473749]]],
			[["NBNI3",["NI","FE"],[0.7371669316347762,0.00478312675672754]],["FE",["NI","FE"],[0.43623084386987476,0.08391966627356395]]],
			[["NBNI3",["NI","FE"],[0.7373801666880772,0.004416654492955363]],["FE",["NI","FE"],[0.4407339259582544,0.07800644163852488]]],
			[["NBNI3",["NI","FE"],[0.7375934017413781,0.004050182229183186]],["FE",["NI","FE"],[0.445237008046634,0.07209321700348592]]],
			[["NBNI3",["NI","FE"],[0.7378066367946791,0.0036837099654108973]],["FE",["NI","FE"],[0.4496800221341667,0.06615574221457132]]],
			[["NBNI3",["NI","FE"],[0.73801987184798,0.00331723770163872]],["FE",["NI","FE"],[0.4540960351704114,0.0602073667857268]]],
			[["NBNI3",["NI","FE"],[0.7382331069012811,0.0029507654378664316]],["FE",["NI","FE"],[0.4584832738881341,0.05424840975701972]]],
			[["NBNI3",["NI","FE"],[0.7384463419545819,0.0025842931740942543]],["FE",["NI","FE"],[0.4628110290973465,0.04826757799007941]]],
			[["NBNI3",["NI","FE"],[0.738659577007883,0.002217820910321966]],["FE",["NI","FE"],[0.467138784306559,0.042286746223139104]]],
			[["NBNI3",["NI","FE"],[0.7388728120611839,0.0018513486465497886]],["FE",["NI","FE"],[0.4713807698207616,0.03627728899930893]]],
			[["NBNI3",["NI","FE"],[0.7390860471144848,0.0014848763827777223]],["FE",["NI","FE"],[0.47562072865629357,0.030267155375697907]]],
			[["NBNI3",["NI","FE"],[0.7392992821677858,0.0011184041190053229]],["FE",["NI","FE"],[0.47980359731973143,0.024239807195904683]]],
			[["NBNI3",["NI","FE"],[0.7395125172210868,0.0007519318552331455]],["FE",["NI","FE"],[0.4839546726114133,0.01820287227352102]]],
			[["NBNI3",["NI","FE"],[0.7397257522743876,0.0003854595914609682]],["FE",["NI","FE"],[0.488077225955187,0.012158210841448525]]]],
	"reference": "C-A58757"
}