{
    "components": [
        "FE",
        "NB",
        "NI"
    ],
    "phases": [
        "FE",
        "NBFE2",
        "NBNI3"
    ],
    "conditions": {
        "P": [
            101325
        ],
        "T": [
            1073,
            1073,
            1073,
            1073,
            1073,
            1073,
            1073,
            1073,
            1073,
            1073,
            1073,
            1073,
            1073,
            1073,
            1073,
            1073,
            1073,
            1073,
            1073,
            1073,
            1073,
            1073,
            1073,
            1073,
            1073,
            1073,
            1073,
            1073,
            1073,
            1073,
            1073,
            1073,
            1073,
            1073,
            1073,
            1073,
            1073,
            1073,
            1073,
            1073,
            1073
        ]
    },
    "broadcast_conditions": false,
    "output": "ZPF",
    "values":
			[[["NBFE2",["NI","FE"],[0.23452812087849448,0.4320821208784945]],["FE",["NI","FE"],[0.2992394938534063,0.23707549385340632]],["NBNI3",["NI","FE"],[0.7314606744239831,0.01534467442398324]]],
			[["FE",["NI","FE"],[0.291044003214152,0.24579834467756667]],["NBFE2",["NI","FE"],[0.22840273762454247,0.4377040546977131]]],
			[["FE",["NI","FE"],[0.28376705580672357,0.25309573873355284]],["NBFE2",["NI","FE"],[0.2226920790879571,0.4434147132342985]]],
			[["FE",["NI","FE"],[0.2764901083992951,0.260393132789539]],["NBFE2",["NI","FE"],[0.2226920790879571,0.4434147132342985]]],
			[["FE",["NI","FE"],[0.26921316099186654,0.2676905268455252]],["NBFE2",["NI","FE"],[0.21698142055137173,0.44912537177088385]]],
			[["FE",["NI","FE"],[0.2619362135844381,0.27498792090151114]],["NBFE2",["NI","FE"],[0.21127076201478637,0.4548360303074692]]],
			[["FE",["NI","FE"],[0.25465926617700957,0.2822853149574973]],["NBFE2",["NI","FE"],[0.205560103478201,0.4605466888440546]]],
			[["FE",["NI","FE"],[0.24738231876958103,0.2895827090134836]],["NBFE2",["NI","FE"],[0.19984944494161563,0.46625734738063995]]],
			[["FE",["NI","FE"],[0.2401053713621526,0.29688010306946966]],["NBFE2",["NI","FE"],[0.19413878640503027,0.4719680059172253]]],
			[["FE",["NI","FE"],[0.2328284239547241,0.30417749712545583]],["NBFE2",["NI","FE"],[0.1884281278684449,0.4776786644538107]]],
			[["FE",["NI","FE"],[0.22555147654729563,0.311474891181442]],["NBFE2",["NI","FE"],[0.18271746933185953,0.48338932299039605]]],
			[["FE",["NI","FE"],[0.21827452913986703,0.31877228523742807]],["NBFE2",["NI","FE"],[0.17700681079527417,0.4890999815269814]]],
			[["FE",["NI","FE"],[0.2109975817324386,0.3260696792934141]],["NBFE2",["NI","FE"],[0.1712961522586888,0.4948106400635668]]],
			[["FE",["NI","FE"],[0.20372063432501006,0.3333670733494004]],["NBFE2",["NI","FE"],[0.16558549372210343,0.5005212986001522]]],
			[["FE",["NI","FE"],[0.19644368691758163,0.3406644674053865]],["NBFE2",["NI","FE"],[0.15987483518551807,0.5062319571367375]]],
			[["FE",["NI","FE"],[0.1891667395101531,0.34796186146137265]],["NBFE2",["NI","FE"],[0.1541641766489327,0.5119426156733229]]],
			[["FE",["NI","FE"],[0.18188979210272466,0.3552592555173588]],["NBFE2",["NI","FE"],[0.14845351811234733,0.5176532742099083]]],
			[["FE",["NI","FE"],[0.17461284469529612,0.362556649573345]],["NBFE2",["NI","FE"],[0.14274285957576197,0.5233639327464936]]],
			[["FE",["NI","FE"],[0.16733589728786763,0.36985404362933094]],["NBFE2",["NI","FE"],[0.1370322010391766,0.529074591283079]]],
			[["FE",["NI","FE"],[0.1600589498804391,0.3771514376853172]],["NBFE2",["NI","FE"],[0.13132154250259123,0.5347852498196644]]],
			[["FE",["NI","FE"],[0.15278200247301066,0.3844488317413033]],["NBFE2",["NI","FE"],[0.12561088396600587,0.5404959083562497]]],
			[["FE",["NI","FE"],[0.14550505506558212,0.39174622579728946]],["NBFE2",["NI","FE"],[0.1199002254294205,0.5462065668928351]]],
			[["FE",["NI","FE"],[0.1382281076581537,0.39904361985327563]],["NBFE2",["NI","FE"],[0.11418956689283513,0.5519172254294205]]],
			[["FE",["NI","FE"],[0.13095116025072515,0.4063410139092618]],["NBFE2",["NI","FE"],[0.10847890835624976,0.5576278839660058]]],
			[["FE",["NI","FE"],[0.12367421284329666,0.41363840796524776]],["NBFE2",["NI","FE"],[0.1027682498196644,0.5633385425025912]]],
			[["FE",["NI","FE"],[0.11639726543586812,0.42093580202123404]],["NBFE2",["NI","FE"],[0.09705759128307903,0.5690492010391766]]],
			[["FE",["NI","FE"],[0.10912031802843969,0.4282331960772201]],["NBFE2",["NI","FE"],[0.09134693274649366,0.5747598595757619]]],
			[["FE",["NI","FE"],[0.10184337062101115,0.4355305901332063]],["NBFE2",["NI","FE"],[0.0856362742099083,0.5804705181123473]]],
			[["FE",["NI","FE"],[0.09456642321358266,0.44282798418919245]],["NBFE2",["NI","FE"],[0.07992561567332293,0.5861811766489327]]],
			[["FE",["NI","FE"],[0.08728947580615418,0.4501253782451786]],["NBFE2",["NI","FE"],[0.07421495713673756,0.591891835185518]]],
			[["FE",["NI","FE"],[0.08001252839872569,0.4574227723011648]],["NBFE2",["NI","FE"],[0.0685042986001522,0.5976024937221034]]],
			[["FE",["NI","FE"],[0.07273558099129715,0.46472016635715085]],["NBFE2",["NI","FE"],[0.06279364006356683,0.6033131522586888]]],
			[["FE",["NI","FE"],[0.06545863358386866,0.4720175604131369]],["NBFE2",["NI","FE"],[0.05708298152698146,0.6090238107952741]]],
			[["FE",["NI","FE"],[0.05818168617644018,0.4793149544691231]],["NBFE2",["NI","FE"],[0.051372322990396097,0.6147344693318595]]],
			[["FE",["NI","FE"],[0.05090473876901169,0.48661234852510926]],["NBFE2",["NI","FE"],[0.04566166445381073,0.6204451278684449]]],
			[["FE",["NI","FE"],[0.04362779136158321,0.49390974258109543]],["NBFE2",["NI","FE"],[0.03995100591722536,0.6261557864050302]]],
			[["FE",["NI","FE"],[0.03635084395415472,0.5012071366370816]],["NBFE2",["NI","FE"],[0.034240347380639996,0.6318664449416156]]],
			[["FE",["NI","FE"],[0.029073896546726208,0.5085045306930677]],["NBFE2",["NI","FE"],[0.02852968884405463,0.637577103478201]]],
			[["FE",["NI","FE"],[0.021796949139297694,0.5158019247490537]],["NBFE2",["NI","FE"],[0.022819030307469262,0.6432877620147863]]],
			[["FE",["NI","FE"],[0.014520001731869181,0.5230993188050399]],["NBFE2",["NI","FE"],[0.017108371770883896,0.6489984205513717]]],
			[["FE",["NI","FE"],[0.007243054324440723,0.5303967128610261]],["NBFE2",["NI","FE"],[0.011397713234298529,0.6547090790879571]]]],
	"reference": "C-A58757"
}