{
    "components": [
        "CR",
        "NB",
        "NI"
    ],
    "phases": [
        "NBNI3",
        "NB7NI6",
        "NBCR2HT"
    ],
    "conditions": {
        "P": [
            101325
        ],
        "T": [
            1373,
            1373,
            1373,
            1373,
            1373,
            1373,
            1373,
            1373,
            1373,
            1373,
            1373,
            1373,
            1373,
            1373,
            1373,
            1373,
            1373,
            1373,
            1373,
            1373,
            1373,
            1373,
            1373,
            1373,
            1373,
            1373,
            1373,
            1373,
            1373,
            1373,
            1373,
            1373,
            1373,
            1373,
            1373,
            1373,
            1373,
            1373,
            1373,
            1373,
            1373
        ]
    },
    "broadcast_conditions": false,
    "output": "ZPF",
    "values":
			[[["NB7NI6",["NI","CR"],[0.4575277457391577,0.058779745739157674]],["NBCR2HT",["NI","CR"],[0.5049464102708099,0.12366841027080988]],["NBNI3",["NI","CR"],[0.7181095036600037,0.008689503660003761]]],
			[["NBNI3",["NI","CR"],[0.7179421034336564,0.008074298555607595]],["NB7NI6",["NI","CR"],[0.4592643167107022,0.0567380240277755]]],
			[["NBNI3",["NI","CR"],[0.718030566363439,0.007872956607341441]],["NB7NI6",["NI","CR"],[0.46016307788244687,0.0553204925165931]]],
			[["NBNI3",["NI","CR"],[0.7181190292932217,0.007671614659075288]],["NB7NI6",["NI","CR"],[0.46016307788244687,0.0553204925165931]]],
			[["NBNI3",["NI","CR"],[0.7182074922230044,0.007470272710809023]],["NB7NI6",["NI","CR"],[0.4610618390541914,0.05390296100541092]]],
			[["NBNI3",["NI","CR"],[0.7182959551527869,0.007268930762543091]],["NB7NI6",["NI","CR"],[0.461960600225936,0.05248542949422874]]],
			[["NBNI3",["NI","CR"],[0.7183844180825696,0.007067588814276826]],["NB7NI6",["NI","CR"],[0.46285936139768047,0.05106789798304656]]],
			[["NBNI3",["NI","CR"],[0.7184728810123522,0.006866246866010783]],["NB7NI6",["NI","CR"],[0.46375812256942517,0.04965036647186416]]],
			[["NBNI3",["NI","CR"],[0.7185613439421348,0.0066649049177445185]],["NB7NI6",["NI","CR"],[0.46465688374116965,0.04823283496068187]]],
			[["NBNI3",["NI","CR"],[0.7186498068719175,0.006463562969478365]],["NB7NI6",["NI","CR"],[0.4655556449129142,0.04681530344949958]]],
			[["NBNI3",["NI","CR"],[0.7187382698017001,0.006262221021212211]],["NB7NI6",["NI","CR"],[0.4664544060846587,0.0453977719383174]]],
			[["NBNI3",["NI","CR"],[0.7188267327314828,0.006060879072946057]],["NB7NI6",["NI","CR"],[0.4673531672564034,0.043980240427135]]],
			[["NBNI3",["NI","CR"],[0.7189151956612654,0.005859537124679903]],["NB7NI6",["NI","CR"],[0.4682519284281479,0.04256270891595282]]],
			[["NBNI3",["NI","CR"],[0.719003658591048,0.0056581951764138605]],["NB7NI6",["NI","CR"],[0.4691506895998924,0.04114517740477064]]],
			[["NBNI3",["NI","CR"],[0.7190921215208306,0.005456853228147707]],["NB7NI6",["NI","CR"],[0.47004945077163707,0.03972764589358824]]],
			[["NBNI3",["NI","CR"],[0.7191805844506133,0.005255511279881553]],["NB7NI6",["NI","CR"],[0.4709482119433816,0.03831011438240606]]],
			[["NBNI3",["NI","CR"],[0.7192690473803959,0.005054169331615399]],["NB7NI6",["NI","CR"],[0.47184697311512613,0.03689258287122388]]],
			[["NBNI3",["NI","CR"],[0.7193575103101786,0.004852827383349245]],["NB7NI6",["NI","CR"],[0.4727457342868707,0.035475051360041476]]],
			[["NBNI3",["NI","CR"],[0.7194459732399611,0.0046514854350832024]],["NB7NI6",["NI","CR"],[0.4736444954586153,0.0340575198488593]]],
			[["NBNI3",["NI","CR"],[0.7195344361697438,0.004450143486816938]],["NB7NI6",["NI","CR"],[0.47454325663035984,0.032639988337676895]]],
			[["NBNI3",["NI","CR"],[0.7196228990995265,0.004248801538550673]],["NB7NI6",["NI","CR"],[0.4754420178021044,0.031222456826494716]]],
			[["NBNI3",["NI","CR"],[0.719711362029309,0.004047459590284741]],["NB7NI6",["NI","CR"],[0.4763407789738489,0.029804925315312536]]],
			[["NBNI3",["NI","CR"],[0.7197998249590917,0.003846117642018587]],["NB7NI6",["NI","CR"],[0.47723954014559355,0.028387393804130134]]],
			[["NBNI3",["NI","CR"],[0.7198882878888744,0.0036447756937523224]],["NB7NI6",["NI","CR"],[0.47813830131733814,0.026969862292947955]]],
			[["NBNI3",["NI","CR"],[0.719976750818657,0.0034434337454861685]],["NB7NI6",["NI","CR"],[0.4790370624890826,0.025552330781765775]]],
			[["NBNI3",["NI","CR"],[0.7200652137484396,0.0032420917972200147]],["NB7NI6",["NI","CR"],[0.47993582366082715,0.024134799270583374]]],
			[["NBNI3",["NI","CR"],[0.7201536766782222,0.003040749848953972]],["NB7NI6",["NI","CR"],[0.4808345848325718,0.022717267759401083]]],
			[["NBNI3",["NI","CR"],[0.7202421396080049,0.002839407900687707]],["NB7NI6",["NI","CR"],[0.48173334600431633,0.021299736248218792]]],
			[["NBNI3",["NI","CR"],[0.7203306025377876,0.0026380659524215533]],["NB7NI6",["NI","CR"],[0.48263210717606086,0.019882204737036613]]],
			[["NBNI3",["NI","CR"],[0.7204190654675701,0.0024367240041555105]],["NB7NI6",["NI","CR"],[0.48353086834780556,0.01846467322585421]]],
			[["NBNI3",["NI","CR"],[0.7205075283973528,0.0022353820558893567]],["NB7NI6",["NI","CR"],[0.48442962951955004,0.01704714171467203]]],
			[["NBNI3",["NI","CR"],[0.7205959913271354,0.002034040107623203]],["NB7NI6",["NI","CR"],[0.4853283906912946,0.015629610203489852]]],
			[["NBNI3",["NI","CR"],[0.720684454256918,0.001832698159357049]],["NB7NI6",["NI","CR"],[0.4862271518630391,0.014212078692307561]]],
			[["NBNI3",["NI","CR"],[0.7207729171867007,0.0016313562110908952]],["NB7NI6",["NI","CR"],[0.48712591303478375,0.012794547181125271]]],
			[["NBNI3",["NI","CR"],[0.7208613801164834,0.0014300142628246304]],["NB7NI6",["NI","CR"],[0.4880246742065283,0.01137701566994298]]],
			[["NBNI3",["NI","CR"],[0.7209498430462659,0.0012286723145586986]],["NB7NI6",["NI","CR"],[0.4889234353782728,0.00995948415876069]]],
			[["NBNI3",["NI","CR"],[0.7210383059760486,0.0010273303662924338]],["NB7NI6",["NI","CR"],[0.48982219655001735,0.00854195264757851]]],
			[["NBNI3",["NI","CR"],[0.7211267689058312,0.000825988418026391]],["NB7NI6",["NI","CR"],[0.490720957721762,0.0071244211363961085]]],
			[["NBNI3",["NI","CR"],[0.7212152318356138,0.0006246464697601262]],["NB7NI6",["NI","CR"],[0.49161971889350653,0.005706889625213929]]],
			[["NBNI3",["NI","CR"],[0.7213036947653965,0.00042330452149397235]],["NB7NI6",["NI","CR"],[0.49251848006525106,0.004289358114031749]]],
			[["NBNI3",["NI","CR"],[0.7213921576951791,0.00022196257322781854]],["NB7NI6",["NI","CR"],[0.4934172412369956,0.002871826602849459]]]],
	"reference": "C-A58757"
}