{
    "components": [
        "CR",
        "NB",
        "NI"
    ],
    "phases": [
        "NBCR2RT",
        "NBCR2RT",
        "NBCR2HT"
    ],
    "conditions": {
        "P": [
            101325
        ],
        "T": [
            1373,
            1373,
            1373,
            1373,
            1373,
            1373,
            1373,
            1373,
            1373,
            1373,
            1373,
            1373,
            1373,
            1373,
            1373,
            1373,
            1373,
            1373,
            1373,
            1373,
            1373,
            1373,
            1373,
            1373,
            1373,
            1373,
            1373,
            1373,
            1373,
            1373,
            1373,
            1373,
            1373,
            1373,
            1373,
            1373,
            1373,
            1373,
            1373,
            1373,
            1373
        ]
    },
    "broadcast_conditions": false,
    "output": "ZPF",
    "values":
			[[["NBCR2RT",["NI","CR"],[0.01876635362449186,0.9625719536244919]],["NBCR2RT",["NI","CR"],[0.05654467585834472,0.6142686758583447]],["NBCR2HT",["NI","CR"],[0.10012686175846927,0.5769068617584693]]],
			[["NBCR2RT",["NI","CR"],[0.05468423750982296,0.6169483092143614]],["NBCR2RT",["NI","CR"],[0.01786041103656527,0.9628302281376471]]],
			[["NBCR2RT",["NI","CR"],[0.0534314685109053,0.6183735746045127]],["NBCR2RT",["NI","CR"],[0.017423307379809412,0.9631763319169205]]],
			[["NBCR2RT",["NI","CR"],[0.05216664914045441,0.6197905977704106]],["NBCR2RT",["NI","CR"],[0.017423307379809412,0.9631763319169205]]],
			[["NBCR2RT",["NI","CR"],[0.050901829770003515,0.6212076209363083]],["NBCR2RT",["NI","CR"],[0.016985452799774443,0.9635208730575756]]],
			[["NBCR2RT",["NI","CR"],[0.04962076990003103,0.6226127172402577]],["NBCR2RT",["NI","CR"],[0.016547598219739473,0.9638654141982307]]],
			[["NBCR2RT",["NI","CR"],[0.04833844213902319,0.6240168824175922]],["NBCR2RT",["NI","CR"],[0.016108624252605272,0.964207547731673]]],
			[["NBCR2RT",["NI","CR"],[0.047047841811871854,0.625414541373376]],["NBCR2RT",["NI","CR"],[0.01566958936277573,0.9645495502309801]]],
			[["NBCR2RT",["NI","CR"],[0.04574901420495667,0.6268057297245163]],["NBCR2RT",["NI","CR"],[0.015229935102908165,0.9648901736208848]]],
			[["NBCR2RT",["NI","CR"],[0.04444918163238901,0.6281960734910993]],["NBCR2RT",["NI","CR"],[0.014789752790979542,0.9652296212329546]]],
			[["NBCR2RT",["NI","CR"],[0.04313451995855133,0.6295739547124191]],["NBCR2RT",["NI","CR"],[0.014349437456093033,0.9655687616986764]]],
			[["NBCR2RT",["NI","CR"],[0.0418198582847136,0.6309518359337388]],["NBCR2RT",["NI","CR"],[0.013908067164556845,0.9659054662985337]]],
			[["NBCR2RT",["NI","CR"],[0.04049626185870567,0.632321715682227]],["NBCR2RT",["NI","CR"],[0.013466696873020665,0.9662421708983909]]],
			[["NBCR2RT",["NI","CR"],[0.0391670949660087,0.6336866068269998]],["NBCR2RT",["NI","CR"],[0.013024535484270485,0.9665769768535947]]],
			[["NBCR2RT",["NI","CR"],[0.03783566163129354,0.6350493391771097]],["NBCR2RT",["NI","CR"],[0.012581979535095454,0.9669108358581231]]],
			[["NBCR2RT",["NI","CR"],[0.03649228069250643,0.6364006913887922]],["NBCR2RT",["NI","CR"],[0.012139174934745962,0.9672440732290911]]],
			[["NBCR2RT",["NI","CR"],[0.03514889975371932,0.6377520436004747]],["NBCR2RT",["NI","CR"],[0.011695423376704662,0.967574943184411]]],
			[["NBCR2RT",["NI","CR"],[0.03379627588528031,0.6390940416576153]],["NBCR2RT",["NI","CR"],[0.01125167181866336,0.9679058131397308]]],
			[["NBCR2RT",["NI","CR"],[0.03243963144255918,0.6404319707588513]],["NBCR2RT",["NI","CR"],[0.010807044749301933,0.9682343977127816]]],
			[["NBCR2RT",["NI","CR"],[0.031080099975591302,0.6417668009496056]],["NBCR2RT",["NI","CR"],[0.010362104558102572,0.9685621649313563]]],
			[["NBCR2RT",["NI","CR"],[0.02971084548750197,0.643091194521374]],["NBCR2RT",["NI","CR"],[0.009916859368047263,0.9688890986644353]]],
			[["NBCR2RT",["NI","CR"],[0.028341590999412608,0.6444155880931424]],["NBCR2RT",["NI","CR"],[0.009470723875707207,0.9692135994243191]]],
			[["NBCR2RT",["NI","CR"],[0.02696306749460256,0.6457294335967381]],["NBCR2RT",["NI","CR"],[0.00902458838336715,0.9695381001842029]]],
			[["NBCR2RT",["NI","CR"],[0.025581583913292683,0.6470399105565436]],["NBCR2RT",["NI","CR"],[0.00857754020973436,0.9698599816940783]]],
			[["NBCR2RT",["NI","CR"],[0.024196767913578776,0.6483463677356586]],["NBCR2RT",["NI","CR"],[0.008130213309567577,0.9701810633031751]]],
			[["NBCR2RT",["NI","CR"],[0.02280363836563179,0.6496427965700086]],["NBCR2RT",["NI","CR"],[0.007682558206704467,0.9705011519199499]]],
			[["NBCR2RT",["NI","CR"],[0.02141050881768483,0.6509392254043587]],["NBCR2RT",["NI","CR"],[0.007234023820411177,0.9708185802243479]]],
			[["NBCR2RT",["NI","CR"],[0.02000831969185632,0.6522240753970678]],["NBCR2RT",["NI","CR"],[0.0067854894341178845,0.9711360085287457]]],
			[["NBCR2RT",["NI","CR"],[0.01860406539291845,0.6535062859387223]],["NBCR2RT",["NI","CR"],[0.006336046593164448,0.9714505279523462]]],
			[["NBCR2RT",["NI","CR"],[0.017196205169784762,0.6547836166162789]],["NBCR2RT",["NI","CR"],[0.005886338545623523,0.9717641981818333]]],
			[["NBCR2RT",["NI","CR"],[0.015781497281406404,0.656051680411348]],["NBCR2RT",["NI","CR"],[0.005436305800804781,0.9720767632257372]]],
			[["NBCR2RT",["NI","CR"],[0.014366789393028045,0.6573197442064169]],["NBCR2RT",["NI","CR"],[0.004985417647992964,0.9723864166819987]]],
			[["NBCR2RT",["NI","CR"],[0.012942959249569758,0.6585747286569925]],["NBCR2RT",["NI","CR"],[0.00453452949518115,0.9726960701382602]]],
			[["NBCR2RT",["NI","CR"],[0.011517889057321595,0.6598279351453022]],["NBCR2RT",["NI","CR"],[0.004082742567348117,0.9730024534116317]]],
			[["NBCR2RT",["NI","CR"],[0.010088698744480151,0.6610748769407433]],["NBCR2RT",["NI","CR"],[0.0036306983578504384,0.9733079005685361]]],
			[["NBCR2RT",["NI","CR"],[0.008653848706239614,0.6623132130557086]],["NBCR2RT",["NI","CR"],[0.0031783305492040885,0.9736120810576769]]],
			[["NBCR2RT",["NI","CR"],[0.007218998667999077,0.6635515491706738]],["NBCR2RT",["NI","CR"],[0.002725142471725733,0.9739130507593631]]],
			[["NBCR2RT",["NI","CR"],[0.0057750651808351205,0.6647752365265267]],["NBCR2RT",["NI","CR"],[0.002271954394247379,0.9742140204610492]]],
			[["NBCR2RT",["NI","CR"],[0.004330860669046421,0.6659984868045168]],["NBCR2RT",["NI","CR"],[0.001817889281542348,0.974511269178547]]],
			[["NBCR2RT",["NI","CR"],[0.0028819434789696674,0.667213672124194]],["NBCR2RT",["NI","CR"],[0.0013635955595075952,0.9748075479786741]]],
			[["NBCR2RT",["NI","CR"],[0.0014288554778710272,0.6684217198004831]],["NBCR2RT",["NI","CR"],[0.0009089666821812323,0.9751022715079194]]]],
	"reference": "C-A58757"
}