{
    "components": [
        "CR",
        "NB",
        "NI"
    ],
    "phases": [
        "NB7NI6",
        "NBCR2HT",
        "NBNI3",
        "NB7NI6"
    ],
    "conditions": {
        "P": [
            101325
        ],
        "T": [
            1373,
            1373,
            1373,
            1373,
            1373,
            1373,
            1373,
            1373,
            1373,
            1373,
            1373,
            1373,
            1373,
            1373,
            1373,
            1373,
            1373,
            1373,
            1373,
            1373,
            1373,
            1373,
            1373,
            1373,
            1373,
            1373,
            1373,
            1373,
            1373,
            1373,
            1373,
            1373,
            1373,
            1373,
            1373,
            1373,
            1373,
            1373,
            1373,
            1373,
            1373,
            1373
        ]
    },
    "broadcast_conditions": false,
    "output": "ZPF",
    "values":
			[[["NB7NI6",["NI","CR"],[0.4575277457391577,0.058779745739157674]],["NBCR2HT",["NI","CR"],[0.5049464102708099,0.12366841027080988]],["NBNI3",["NI","CR"],[0.7181095036600037,0.008689503660003761]]],
			[["NB7NI6",["NI","CR"],[0.45095748725546625,0.06446832307473249]],["NBCR2HT",["NI","CR"],[0.4957488399975226,0.13379146121856855]]],
			[["NB7NI6",["NI","CR"],[0.444660258828666,0.06949653123799915]],["NBCR2HT",["NI","CR"],[0.48717928162868107,0.1437345240707728]]],
			[["NB7NI6",["NI","CR"],[0.4383957124745347,0.07458898493839339]],["NBCR2HT",["NI","CR"],[0.48717928162868107,0.1437345240707728]]],
			[["NB7NI6",["NI","CR"],[0.43214008545903804,0.07969779490504814]],["NBCR2HT",["NI","CR"],[0.47857540524659137,0.1536553921733974]]],
			[["NB7NI6",["NI","CR"],[0.4259154783971655,0.08486348920378717]],["NBCR2HT",["NI","CR"],[0.4699463818377274,0.16355999674823885]]],
			[["NB7NI6",["NI","CR"],[0.4196996778404767,0.09004430867028113]],["NBCR2HT",["NI","CR"],[0.4613098022573143,0.17345954291318555]]],
			[["NB7NI6",["NI","CR"],[0.4135156764758543,0.09527974323146382]],["NBCR2HT",["NI","CR"],[0.452618901586919,0.18332272432155405]]],
			[["NB7NI6",["NI","CR"],[0.40733786526380067,0.10052516836422187]],["NBCR2HT",["NI","CR"],[0.4439280009165236,0.19318590572992234]]],
			[["NB7NI6",["NI","CR"],[0.4011948305411836,0.10582672087074063]],["NBCR2HT",["NI","CR"],[0.43519422369710736,0.20301933578013598]]],
			[["NB7NI6",["NI","CR"],[0.39505278665551097,0.11112978096836046]],["NBCR2HT",["NI","CR"],[0.42643955772969266,0.2128382714590138]]],
			[["NB7NI6",["NI","CR"],[0.3889507669067507,0.11649373911078209]],["NBCR2HT",["NI","CR"],[0.4176698962809171,0.22264640798121915]]],
			[["NB7NI6",["NI","CR"],[0.38284874715799033,0.12185769725320372]],["NBCR2HT",["NI","CR"],[0.4088494534233603,0.23241797372744943]]],
			[["NB7NI6",["NI","CR"],[0.3767806605793861,0.12727048448617695]],["NBCR2HT",["NI","CR"],[0.4000290105658034,0.24218953947367983]]],
			[["NB7NI6",["NI","CR"],[0.3707193353091682,0.13269300109421045]],["NBCR2HT",["NI","CR"],[0.3911551140881561,0.2519210961571119]]],
			[["NB7NI6",["NI","CR"],[0.36468173365646284,0.13814788517775745]],["NBCR2HT",["NI","CR"],[0.38226692008882124,0.26164195140550417]]],
			[["NB7NI6",["NI","CR"],[0.35866145365295,0.14362640216871325]],["NBCR2HT",["NI","CR"],[0.37335411500942534,0.2713436354532148]]],
			[["NB7NI6",["NI","CR"],[0.3526514318797855,0.14911822178775935]],["NBCR2HT",["NI","CR"],[0.3643966345927109,0.28101051892106077]]],
			[["NB7NI6",["NI","CR"],[0.34667141384028466,0.15464894953195873]],["NBCR2HT",["NI","CR"],[0.35543915417599653,0.2906774023889065]]],
			[["NB7NI6",["NI","CR"],[0.34069139580078395,0.16017967727615834]],["NBCR2HT",["NI","CR"],[0.3464161444415281,0.30029109345314997]]],
			[["NB7NI6",["NI","CR"],[0.33474585547017277,0.1657530070876756]],["NBCR2HT",["NI","CR"],[0.33738794907670167,0.309900575162674]]],
			[["NB7NI6",["NI","CR"],[0.3288058316916843,0.1713331533766349]],["NBCR2HT",["NI","CR"],[0.3283232714187331,0.31947915179617836]]],
			[["NB7NI6",["NI","CR"],[0.3228815863554784,0.176931913250161]],["NBCR2HT",["NI","CR"],[0.31922257411118926,0.32902721527076517]]],
			[["NB7NI6",["NI","CR"],[0.3169812201892021,0.1825588430114944]],["NBCR2HT",["NI","CR"],[0.31011564145855564,0.33856975803194733]]],
			[["NB7NI6",["NI","CR"],[0.3110808540229258,0.18818577277282755]],["NBCR2HT",["NI","CR"],[0.30094132042300115,0.34805263577963896]]],
			[["NB7NI6",["NI","CR"],[0.3052142056135818,0.1938507467895898]],["NBCR2HT",["NI","CR"],[0.29176699938744666,0.3575355135273305]]],
			[["NB7NI6",["NI","CR"],[0.29935305112449556,0.19952191967972355]],["NBCR2HT",["NI","CR"],[0.28254264378299176,0.3669720254526083]]],
			[["NB7NI6",["NI","CR"],[0.2935012810353259,0.20520324077388374]],["NBCR2HT",["NI","CR"],[0.27329374803049467,0.37638579661742533]]],
			[["NB7NI6",["NI","CR"],[0.28767821753841094,0.21091560491370354]],["NBCR2HT",["NI","CR"],[0.26402506552276517,0.3857803475797341]]],
			[["NB7NI6",["NI","CR"],[0.2818551540414959,0.21662796905352333]],["NBCR2HT",["NI","CR"],[0.2547005719955444,0.3951206855554156]]],
			[["NB7NI6",["NI","CR"],[0.2760531626872835,0.2223622097130522]],["NBCR2HT",["NI","CR"],[0.24537607846832377,0.40446102353109714]]],
			[["NB7NI6",["NI","CR"],[0.27026805468184933,0.2281139782015028]],["NBCR2HT",["NI","CR"],[0.23598611574631495,0.41373458869872937]]],
			[["NB7NI6",["NI","CR"],[0.26448294667641514,0.2338657466899534]],["NBCR2HT",["NI","CR"],[0.2265852097276908,0.4229969926683862]]],
			[["NB7NI6",["NI","CR"],[0.2587268185282925,0.23964644126708556]],["NBCR2HT",["NI","CR"],[0.2171492089708961,0.4322217487977327]]],
			[["NB7NI6",["NI","CR"],[0.2529786551621876,0.245435085848543]],["NBCR2HT",["NI","CR"],[0.20767129215616376,0.4414015395237756]]],
			[["NB7NI6",["NI","CR"],[0.2472304917960827,0.25122373043000057]],["NBCR2HT",["NI","CR"],[0.19818889789599406,0.45057626978024945]]],
			[["NB7NI6",["NI","CR"],[0.24151598413832565,0.2570447279355492]],["NBCR2HT",["NI","CR"],[0.18863405443646666,0.45966911696885127]]],
			[["NB7NI6",["NI","CR"],[0.23580393291520735,0.2628680867892108]],["NBCR2HT",["NI","CR"],[0.17907921097693927,0.4687619641574531]]],
			[["NB7NI6",["NI","CR"],[0.23009188169208905,0.2686914456428725]],["NBCR2HT",["NI","CR"],[0.16947320392480708,0.4777937795303717]]],
			[["NB7NI6",["NI","CR"],[0.22441532981968343,0.2745477124675175]],["NBCR2HT",["NI","CR"],[0.15984128431091416,0.48679468443331064]]],
			[["NB7NI6",["NI","CR"],[0.21873891522466543,0.2804041065485825]],["NBCR2HT",["NI","CR"],[0.15018837101919777,0.49576910174023314]]],
			[["NBCR2HT",["NI","CR"],[0.12984503498327327,0.5149090349832732]],["NB7NI6",["NI","CR"],[0.21265250796308838,0.2861705079630883]],["NB7NI6",["NI","CR"],[0.018134035835771112,0.027596035835771082]]]],
	"reference": "C-A58757"
}