{
    "components": [
        "CR",
        "NB",
        "NI"
    ],
    "phases": [
        "NBNI3",
        "NBCR2RT",
        "NBCR2HT"
    ],
    "conditions": {
        "P": [
            101325
        ],
        "T": [
            1373,
            1373,
            1373,
            1373,
            1373,
            1373,
            1373,
            1373,
            1373,
            1373,
            1373,
            1373,
            1373,
            1373,
            1373,
            1373,
            1373,
            1373,
            1373,
            1373,
            1373,
            1373,
            1373,
            1373,
            1373,
            1373,
            1373,
            1373,
            1373,
            1373,
            1373,
            1373,
            1373,
            1373,
            1373,
            1373,
            1373,
            1373,
            1373,
            1373,
            1373,
            1373
        ]
    },
    "broadcast_conditions": false,
    "output": "ZPF",
    "values":
			[[["NBNI3",["NI","CR"],[0.5466787570820294,0.4091047570820293]],["NBNI3",["NI","CR"],[0.7123685833474142,0.05040858334741394]],["NBCR2RT",["NI","CR"],[0.05628701017682703,0.937492410176827]]],
			[["NBNI3",["NI","CR"],[0.7117249884540939,0.050296159185801215]],["NBCR2RT",["NI","CR"],[0.05578785365556719,0.9373629756067867]]],
			[["NBNI3",["NI","CR"],[0.7116396623074128,0.05004000377082751]],["NBCR2RT",["NI","CR"],[0.05552250438663388,0.9375287482890728]]],
			[["NBNI3",["NI","CR"],[0.7115543361607317,0.04978384835585381]],["NBCR2RT",["NI","CR"],[0.05552250438663388,0.9375287482890728]]],
			[["NBNI3",["NI","CR"],[0.7114690100140507,0.049527692940879886]],["NBCR2RT",["NI","CR"],[0.05525715511770057,0.9376945209713591]]],
			[["NBNI3",["NI","CR"],[0.7113836838673696,0.049271537525906184]],["NBCR2RT",["NI","CR"],[0.05499180584876726,0.9378602936536453]]],
			[["NBNI3",["NI","CR"],[0.7112983577206884,0.04901538211093259]],["NBCR2RT",["NI","CR"],[0.05472645657983395,0.9380260663359316]]],
			[["NBNI3",["NI","CR"],[0.7112130315740074,0.04875922669595878]],["NBCR2RT",["NI","CR"],[0.05446110731090064,0.9381918390182177]]],
			[["NBNI3",["NI","CR"],[0.7111277054273263,0.048503071280984966]],["NBCR2RT",["NI","CR"],[0.05419575804196733,0.9383576117005039]]],
			[["NBNI3",["NI","CR"],[0.7110423792806453,0.04824691586601115]],["NBCR2RT",["NI","CR"],[0.053930408773034025,0.9385233843827901]]],
			[["NBNI3",["NI","CR"],[0.7109570531339642,0.04799076045103745]],["NBCR2RT",["NI","CR"],[0.053665059504100714,0.9386891570650763]]],
			[["NBNI3",["NI","CR"],[0.7108717269872831,0.04773460503606375]],["NBCR2RT",["NI","CR"],[0.0533997102351674,0.9388549297473625]]],
			[["NBNI3",["NI","CR"],[0.7107864008406021,0.047478449621089824]],["NBCR2RT",["NI","CR"],[0.05313436096623409,0.9390207024296487]]],
			[["NBNI3",["NI","CR"],[0.710701074693921,0.04722229420611612]],["NBCR2RT",["NI","CR"],[0.05286901169730078,0.939186475111935]]],
			[["NBNI3",["NI","CR"],[0.7106157485472399,0.04696613879114242]],["NBCR2RT",["NI","CR"],[0.052603662428367476,0.9393522477942211]]],
			[["NBNI3",["NI","CR"],[0.7105304224005589,0.04670998337616861]],["NBCR2RT",["NI","CR"],[0.052338313159434165,0.9395180204765073]]],
			[["NBNI3",["NI","CR"],[0.7104450962538776,0.046453827961194905]],["NBCR2RT",["NI","CR"],[0.052072963890500854,0.9396837931587936]]],
			[["NBNI3",["NI","CR"],[0.7103597701071966,0.04619767254622109]],["NBCR2RT",["NI","CR"],[0.05180761462156755,0.9398495658410797]]],
			[["NBNI3",["NI","CR"],[0.7102744439605155,0.04594151713124739]],["NBCR2RT",["NI","CR"],[0.05154226535263424,0.9400153385233659]]],
			[["NBNI3",["NI","CR"],[0.7101891178138344,0.045685361716273576]],["NBCR2RT",["NI","CR"],[0.05127691608370093,0.9401811112056522]]],
			[["NBNI3",["NI","CR"],[0.7101037916671534,0.04542920630129976]],["NBCR2RT",["NI","CR"],[0.051011566814767616,0.9403468838879383]]],
			[["NBNI3",["NI","CR"],[0.7100184655204723,0.04517305088632606]],["NBCR2RT",["NI","CR"],[0.050746217545834305,0.9405126565702245]]],
			[["NBNI3",["NI","CR"],[0.7099331393737912,0.04491689547135236]],["NBCR2RT",["NI","CR"],[0.050480868276901,0.9406784292525108]]],
			[["NBNI3",["NI","CR"],[0.7098478132271102,0.044660740056378545]],["NBCR2RT",["NI","CR"],[0.050215519007967696,0.9408442019347969]]],
			[["NBNI3",["NI","CR"],[0.7097624870804291,0.04440458464140473]],["NBCR2RT",["NI","CR"],[0.049950169739034385,0.9410099746170831]]],
			[["NBNI3",["NI","CR"],[0.709677160933748,0.04414842922643103]],["NBCR2RT",["NI","CR"],[0.049684820470101074,0.9411757472993694]]],
			[["NBNI3",["NI","CR"],[0.7095918347870669,0.04389227381145733]],["NBCR2RT",["NI","CR"],[0.04941947120116776,0.9413415199816556]]],
			[["NBNI3",["NI","CR"],[0.7095065086403858,0.043636118396483514]],["NBCR2RT",["NI","CR"],[0.04915412193223446,0.9415072926639417]]],
			[["NBNI3",["NI","CR"],[0.7094211824937047,0.04337996298150981]],["NBCR2RT",["NI","CR"],[0.04888877266330115,0.941673065346228]]],
			[["NBNI3",["NI","CR"],[0.7093358563470237,0.043123807566536]],["NBCR2RT",["NI","CR"],[0.048623423394367836,0.9418388380285142]]],
			[["NBNI3",["NI","CR"],[0.7092505302003426,0.0428676521515623]],["NBCR2RT",["NI","CR"],[0.04835807412543453,0.9420046107108003]]],
			[["NBNI3",["NI","CR"],[0.7091652040536616,0.04261149673658848]],["NBCR2RT",["NI","CR"],[0.04809272485650122,0.9421703833930866]]],
			[["NBNI3",["NI","CR"],[0.7090798779069805,0.04235534132161467]],["NBCR2RT",["NI","CR"],[0.04782737558756791,0.9423361560753728]]],
			[["NBNI3",["NI","CR"],[0.7089945517602994,0.04209918590664097]],["NBCR2RT",["NI","CR"],[0.0475620263186346,0.942501928757659]]],
			[["NBNI3",["NI","CR"],[0.7089092256136184,0.041843030491667044]],["NBCR2RT",["NI","CR"],[0.047296677049701294,0.9426677014399452]]],
			[["NBNI3",["NI","CR"],[0.7088238994669372,0.04158687507669334]],["NBCR2RT",["NI","CR"],[0.04703132778076798,0.9428334741222314]]],
			[["NBNI3",["NI","CR"],[0.708738573320256,0.04133071966171975]],["NBCR2RT",["NI","CR"],[0.04676597851183467,0.9429992468045176]]],
			[["NBNI3",["NI","CR"],[0.708653247173575,0.04107456424674594]],["NBCR2RT",["NI","CR"],[0.04650062924290136,0.9431650194868038]]],
			[["NBNI3",["NI","CR"],[0.7085679210268939,0.040818408831772235]],["NBCR2RT",["NI","CR"],[0.046235279973968056,0.94333079216909]]],
			[["NBNI3",["NI","CR"],[0.7084825948802129,0.04056225341679842]],["NBCR2RT",["NI","CR"],[0.045969930705034745,0.9434965648513762]]],
			[["NBNI3",["NI","CR"],[0.7083972687335318,0.04030609800182461]],["NBCR2RT",["NI","CR"],[0.045704581436101434,0.9436623375336624]]],
			[["NBCR2HT",["NI","CR"],[0.43326593975181926,0.2889939397518193]],["NBNI3",["NI","CR"],[0.7085879854199533,0.0390579854199532]],["NBCR2RT",["NI","CR"],[0.04374258014640015,0.9453293801464001]]]],
	"reference": "C-A58757"
}