{
    "components": [
        "CR",
        "NB",
        "NI"
    ],
    "phases": [
        "NB7NI6",
        "NBCR2HT",
        "NB7NI6"
    ],
    "conditions": {
        "P": [
            101325
        ],
        "T": [
            1373,
            1373,
            1373,
            1373,
            1373,
            1373,
            1373,
            1373,
            1373,
            1373,
            1373,
            1373,
            1373,
            1373,
            1373,
            1373,
            1373,
            1373,
            1373,
            1373,
            1373,
            1373,
            1373,
            1373,
            1373,
            1373,
            1373,
            1373,
            1373,
            1373,
            1373,
            1373,
            1373,
            1373,
            1373,
            1373,
            1373,
            1373,
            1373,
            1373,
            1373
        ]
    },
    "broadcast_conditions": false,
    "output": "ZPF",
    "values":
			[[["NBCR2HT",["NI","CR"],[0.12984503498327327,0.5149090349832732]],["NB7NI6",["NI","CR"],[0.21265250796308838,0.2861705079630883]],["NB7NI6",["NI","CR"],[0.018134035835771112,0.027596035835771082]]],
			[["NB7NI6",["NI","CR"],[0.21898599716637113,0.2787143303745193]],["NB7NI6",["NI","CR"],[0.018942698538208735,0.026623308604399876]]],
			[["NB7NI6",["NI","CR"],[0.22511672774751895,0.2720093941638153]],["NB7NI6",["NI","CR"],[0.019202302729540432,0.025937522861922746]]],
			[["NB7NI6",["NI","CR"],[0.23121452428288303,0.2652798850018506]],["NB7NI6",["NI","CR"],[0.019202302729540432,0.025937522861922746]]],
			[["NB7NI6",["NI","CR"],[0.23729081437242205,0.25853432931925724]],["NB7NI6",["NI","CR"],[0.01948738203459205,0.02524849369000015]]],
			[["NB7NI6",["NI","CR"],[0.24335939851298638,0.2517832802969435]],["NB7NI6",["NI","CR"],[0.019775116061890086,0.024559126525305786]]],
			[["NB7NI6",["NI","CR"],[0.24938111046249645,0.24499881749655505]],["NB7NI6",["NI","CR"],[0.020077493945640568,0.02386857708963963]]],
			[["NB7NI6",["NI","CR"],[0.2554028224120066,0.23821435469616659]],["NB7NI6",["NI","CR"],[0.020393114911443244,0.02317695847444845]]],
			[["NB7NI6",["NI","CR"],[0.26138730701381246,0.23140452491621533]],["NB7NI6",["NI","CR"],[0.020712843733173836,0.022485206786317935]]],
			[["NB7NI6",["NI","CR"],[0.2673548479272838,0.22458314958649495]],["NB7NI6",["NI","CR"],[0.02105509083224072,0.02179272562436796]]],
			[["NB7NI6",["NI","CR"],[0.27330932798550867,0.21775326288470598]],["NB7NI6",["NI","CR"],[0.02139733793130766,0.021100244462417983]]],
			[["NB7NI6",["NI","CR"],[0.2792229279969785,0.21089673586866886]],["NB7NI6",["NI","CR"],[0.021760482520867264,0.020408142926904294]]],
			[["NB7NI6",["NI","CR"],[0.2851365280084484,0.20404020885263185]],["NB7NI6",["NI","CR"],[0.022129169641281643,0.019716142077702004]]],
			[["NB7NI6",["NI","CR"],[0.2910064740722884,0.19715647121390112]],["NB7NI6",["NI","CR"],[0.022508598459583418,0.01902490594361983]]],
			[["NB7NI6",["NI","CR"],[0.29686585873008203,0.19026615038050765]],["NB7NI6",["NI","CR"],[0.02290228711909903,0.018334684985751193]]],
			[["NB7NI6",["NI","CR"],[0.30270536305435286,0.18336397058114118]],["NB7NI6",["NI","CR"],[0.023297577232733513,0.017644666719770496]]],
			[["NB7NI6",["NI","CR"],[0.30851184716840196,0.1764420936499841]],["NB7NI6",["NI","CR"],[0.023715539266948638,0.016957517979886205]]],
			[["NB7NI6",["NI","CR"],[0.31431833128245096,0.169520216718827]],["NB7NI6",["NI","CR"],[0.024133501301163873,0.016270369240001914]]],
			[["NB7NI6",["NI","CR"],[0.3200741668307846,0.16256941308508732]],["NB7NI6",["NI","CR"],[0.02456737750805038,0.015586155620357367]]],
			[["NB7NI6",["NI","CR"],[0.32582752353730243,0.15561719372083416]],["NB7NI6",["NI","CR"],[0.025007996013772682,0.01490318551227865]]],
			[["NB7NI6",["NI","CR"],[0.33155299180576925,0.14864971961879092]],["NB7NI6",["NI","CR"],[0.02545576609138256,0.014221966532234953]]],
			[["NB7NI6",["NI","CR"],[0.33725439197842727,0.1416690804735854]],["NB7NI6",["NI","CR"],[0.025918078560215607,0.013544308390195825]]],
			[["NB7NI6",["NI","CR"],[0.34294931551645397,0.13468504649949842]],["NB7NI6",["NI","CR"],[0.026380391029048544,0.012866650248156919]]],
			[["NB7NI6",["NI","CR"],[0.34859923050235986,0.12767742059204623]],["NB7NI6",["NI","CR"],[0.0268621502097251,0.012194996891873311]]],
			[["NB7NI6",["NI","CR"],[0.35424914548826575,0.12066979468459405]],["NB7NI6",["NI","CR"],[0.02734495675872456,0.011523666943600075]]],
			[["NB7NI6",["NI","CR"],[0.3598627180129322,0.11364390663641899]],["NB7NI6",["NI","CR"],[0.027838408586935648,0.010856341341111131]]],
			[["NB7NI6",["NI","CR"],[0.36546214329875165,0.10661090957972186]],["NB7NI6",["NI","CR"],[0.028340429398819922,0.010192239061652009]]],
			[["NB7NI6",["NI","CR"],[0.3710458916078177,0.09957035544613624]],["NB7NI6",["NI","CR"],[0.028845145746313916,0.00952934519203641]]],
			[["NB7NI6",["NI","CR"],[0.376596000371413,0.09251358539059074]],["NB7NI6",["NI","CR"],[0.029365622685500914,0.008873516802866743]]],
			[["NB7NI6",["NI","CR"],[0.38214610913500835,0.08545681533504512]],["NB7NI6",["NI","CR"],[0.02988609962468808,0.008217688413697077]]],
			[["NB7NI6",["NI","CR"],[0.38765161674049164,0.078379409134396]],["NB7NI6",["NI","CR"],[0.030418560846242504,0.007568145349143074]]],
			[["NB7NI6",["NI","CR"],[0.39315323697136323,0.07130020431617834]],["NB7NI6",["NI","CR"],[0.03095560872833847,0.006921007822903613]]],
			[["NB7NI6",["NI","CR"],[0.3986299804285315,0.06420994668918689]],["NB7NI6",["NI","CR"],[0.031497127401546476,0.006276577491952207]]],
			[["NB7NI6",["NI","CR"],[0.40408420861194183,0.05710968547337414]],["NB7NI6",["NI","CR"],[0.03205018031582796,0.0056391314826353955]]],
			[["NB7NI6",["NI","CR"],[0.4095323301204116,0.050006817043275475]],["NB7NI6",["NI","CR"],[0.03260323323010961,0.0050016854733185845]]],
			[["NB7NI6",["NI","CR"],[0.41494056813633945,0.04288692055575849]],["NB7NI6",["NI","CR"],[0.03316830216924571,0.00437257370489208]]],
			[["NB7NI6",["NI","CR"],[0.4203488061522673,0.035767024068241726]],["NB7NI6",["NI","CR"],[0.03373607152147606,0.0037453349263689706]]],
			[["NB7NI6",["NI","CR"],[0.42572401298848805,0.028633564593447458]],["NB7NI6",["NI","CR"],[0.03430829059710683,0.0031215994034969885]]],
			[["NB7NI6",["NI","CR"],[0.4310877730624346,0.02149540494468194]],["NB7NI6",["NI","CR"],[0.03488949652927248,0.002504939209383661]]],
			[["NB7NI6",["NI","CR"],[0.4364360732498927,0.01435113651933384]],["NB7NI6",["NI","CR"],[0.0354707024614383,0.0018882790152701112]]],
			[["NB7NI6",["NI","CR"],[0.4417562067544694,0.007195738389189854]],["NB7NI6",["NI","CR"],[0.03606237010178098,0.0012809203852788276]]]],
	"reference": "C-A58757"
}