{
    "components": [
        "CR",
        "NB",
        "NI"
    ],
    "phases": [
        "NBCR2HT",
        "NBCR2RT",
        "NBNI3",
        "NBCR2RT"
    ],
    "conditions": {
        "P": [
            101325
        ],
        "T": [
            1373,
            1373,
            1373,
            1373,
            1373,
            1373,
            1373,
            1373,
            1373,
            1373,
            1373,
            1373,
            1373,
            1373,
            1373,
            1373,
            1373,
            1373,
            1373,
            1373,
            1373,
            1373,
            1373,
            1373,
            1373,
            1373,
            1373,
            1373,
            1373,
            1373,
            1373,
            1373,
            1373,
            1373,
            1373,
            1373,
            1373,
            1373,
            1373,
            1373,
            1373,
            1373
        ]
    },
    "broadcast_conditions": false,
    "output": "ZPF",
    "values":
			[[["NBCR2HT",["NI","CR"],[0.43326593975181926,0.2889939397518193]],["NBNI3",["NI","CR"],[0.7085879854199533,0.0390579854199532]],["NBCR2RT",["NI","CR"],[0.04374258014640015,0.9453293801464001]]],
			[["NBCR2HT",["NI","CR"],[0.4236079449453797,0.2971333052672813]],["NBCR2RT",["NI","CR"],[0.0428614538570922,0.9455768940113845]]],
			[["NBCR2HT",["NI","CR"],[0.4153005740958699,0.3037372947396728]],["NBCR2RT",["NI","CR"],[0.0422940291199425,0.946034709428527]]],
			[["NBCR2HT",["NI","CR"],[0.40701210026203927,0.31037918698029676]],["NBCR2RT",["NI","CR"],[0.0422940291199425,0.946034709428527]]],
			[["NBCR2HT",["NI","CR"],[0.39873052854464425,0.3170349231698282]],["NBCR2RT",["NI","CR"],[0.04172426537401781,0.9464878221556945]]],
			[["NBCR2HT",["NI","CR"],[0.39045655410045754,0.3237053569204552]],["NBCR2RT",["NI","CR"],[0.041153572299894185,0.9469390664236874]]],
			[["NBCR2HT",["NI","CR"],[0.38220143708669674,0.330412271949061]],["NBCR2RT",["NI","CR"],[0.04058228686779151,0.9473890356046588]]],
			[["NBCR2HT",["NI","CR"],[0.37394632007293593,0.33711918697766685]],["NBCR2RT",["NI","CR"],[0.040008502601269966,0.9478336258906889]]],
			[["NBCR2HT",["NI","CR"],[0.36571397673980893,0.34386862480177793]],["NBCR2RT",["NI","CR"],[0.03943471833474842,0.948278216176719]]],
			[["NBCR2HT",["NI","CR"],[0.35748577680160026,0.3506257991326769]],["NBCR2RT",["NI","CR"],[0.038858978564230415,0.9487182929320179]]],
			[["NBCR2HT",["NI","CR"],[0.3492688249845689,0.35740325738367584]],["NBCR2RT",["NI","CR"],[0.038282300073898615,0.9491562030127738]]],
			[["NBCR2HT",["NI","CR"],[0.34106814282466397,0.3642100549723297]],["NBCR2RT",["NI","CR"],[0.037705170970121306,0.9495929962355137]]],
			[["NBCR2HT",["NI","CR"],[0.33286746066475903,0.3710168525609836]],["NBCR2RT",["NI","CR"],[0.03712579188805939,0.950024212824205]]],
			[["NBCR2HT",["NI","CR"],[0.32469376597238975,0.37787068846489547]],["NBCR2RT",["NI","CR"],[0.03654641280599747,0.9504554294128963]]],
			[["NBCR2HT",["NI","CR"],[0.3165207659548985,0.3847257351654805]],["NBCR2RT",["NI","CR"],[0.035965355846588644,0.9508821719761689]]],
			[["NBCR2HT",["NI","CR"],[0.3083633467130418,0.39160704340061026]],["NBCR2RT",["NI","CR"],[0.03538345125875437,0.9513066543556874]]],
			[["NBCR2HT",["NI","CR"],[0.3002189606718864,0.3985103192102999]],["NBCR2RT",["NI","CR"],[0.03480115302667929,0.9517300049183136]]],
			[["NBCR2HT",["NI","CR"],[0.29207794146738775,0.40541908543123006]],["NBCR2RT",["NI","CR"],[0.03421689860621763,0.9521477309935706]]],
			[["NBCR2HT",["NI","CR"],[0.28396229191721334,0.41236922278164423]],["NBCR2RT",["NI","CR"],[0.03363264418575595,0.9525654570688277]]],
			[["NBCR2HT",["NI","CR"],[0.2758466423670388,0.4193193601320584]],["NBCR2RT",["NI","CR"],[0.033046927987712534,0.9529786408371413]]],
			[["NBCR2HT",["NI","CR"],[0.2677511558638894,0.42630133367301615]],["NBCR2RT",["NI","CR"],[0.03246050943167878,0.9533896421081888]]],
			[["NBCR2HT",["NI","CR"],[0.2596646074330301,0.4332974198712607]],["NBCR2RT",["NI","CR"],[0.03187371765920915,0.9537993868837525]]],
			[["NBCR2HT",["NI","CR"],[0.25158611724951985,0.44030583069684703]],["NBCR2RT",["NI","CR"],[0.03128530580474146,0.9542036773826077]]],
			[["NBCR2HT",["NI","CR"],[0.2435292891203332,0.44734737239263855]],["NBCR2RT",["NI","CR"],[0.03069689395027377,0.9546079678814628]]],
			[["NBCR2HT",["NI","CR"],[0.2354724609911465,0.45438891408842996]],["NBCR2RT",["NI","CR"],[0.030107191758863533,0.9550075365145035]]],
			[["NBCR2HT",["NI","CR"],[0.22744139464883537,0.46146863373658575]],["NBCR2RT",["NI","CR"],[0.02951694313341884,0.9554051055239559]]],
			[["NBCR2HT",["NI","CR"],[0.21941480098054628,0.4685549817112853]],["NBCR2RT",["NI","CR"],[0.028926330223394397,0.9558012210342484]]],
			[["NBCR2HT",["NI","CR"],[0.21140128928307286,0.47566012756318865]],["NBCR2RT",["NI","CR"],[0.028334427738725847,0.9561921911286596]]],
			[["NBCR2HT",["NI","CR"],[0.20340475542670122,0.4827896693854481]],["NBCR2RT",["NI","CR"],[0.027742525254057307,0.9565831612230709]]],
			[["NBCR2HT",["NI","CR"],[0.19540885716203327,0.4899200971676606]],["NBCR2RT",["NI","CR"],[0.02714949706884887,0.9569692146372195]]],
			[["NBCR2HT",["NI","CR"],[0.18744323754541248,0.4970927307707611]],["NBCR2RT",["NI","CR"],[0.026556073331342293,0.9573535404123485]]],
			[["NBCR2HT",["NI","CR"],[0.1794776179287917,0.5042653643738616]],["NBCR2RT",["NI","CR"],[0.025962292787107967,0.9577361516261476]]],
			[["NBCR2HT",["NI","CR"],[0.17153089254018986,0.5114635527768577]],["NBCR2RT",["NI","CR"],[0.0253675021024167,0.9581139088177812]]],
			[["NBCR2HT",["NI","CR"],[0.1635963626647171,0.5186782358414687]],["NBCR2RT",["NI","CR"],[0.024772711417725433,0.9584916660094149]]],
			[["NBCR2HT",["NI","CR"],[0.15566799354674057,0.5259010082313658]],["NBCR2RT",["NI","CR"],[0.024176967570532365,0.9588643593230706]]],
			[["NBCR2HT",["NI","CR"],[0.14776477126303925,0.5331567994379427]],["NBCR2RT",["NI","CR"],[0.02358095924081055,0.9592356475171894]]],
			[["NBCR2HT",["NI","CR"],[0.13986154897933797,0.5404125906445197]],["NBCR2RT",["NI","CR"],[0.0229846210012885,0.9596049863571158]]],
			[["NBCR2HT",["NI","CR"],[0.13198325081233261,0.5477001656728744]],["NBCR2RT",["NI","CR"],[0.02238752938212777,0.9599698736658775]]],
			[["NBCR2HT",["NI","CR"],[0.12411168792824914,0.5549963296929522]],["NBCR2RT",["NI","CR"],[0.02179043776296704,0.9603347609746393]]],
			[["NBCR2HT",["NI","CR"],[0.11625225062021402,0.5623075159241137]],["NBCR2RT",["NI","CR"],[0.021192556119926098,0.9606944174522413]]],
			[["NBCR2HT",["NI","CR"],[0.10841267132477467,0.5696433039767246]],["NBCR2RT",["NI","CR"],[0.020594508184823265,0.9610529728926206]]],
			[["NBCR2RT",["NI","CR"],[0.01876635362449186,0.9625719536244919]],["NBCR2RT",["NI","CR"],[0.05654467585834472,0.6142686758583447]],["NBCR2HT",["NI","CR"],[0.10012686175846927,0.5769068617584693]]]],
	"reference": "C-A58757"
}