{
    "components": [
        "CR",
        "NB",
        "NI"
    ],
    "phases": [
        "NBCR2RT",
        "NBNI3",
        "NBNI3"
    ],
    "conditions": {
        "P": [
            101325
        ],
        "T": [
            1373,
            1373,
            1373,
            1373,
            1373,
            1373,
            1373,
            1373,
            1373,
            1373,
            1373,
            1373,
            1373,
            1373,
            1373,
            1373,
            1373,
            1373,
            1373,
            1373,
            1373,
            1373,
            1373,
            1373,
            1373,
            1373,
            1373,
            1373,
            1373,
            1373,
            1373,
            1373,
            1373,
            1373,
            1373,
            1373,
            1373,
            1373,
            1373,
            1373,
            1373
        ]
    },
    "broadcast_conditions": false,
    "output": "ZPF",
    "values":
			[[["NBNI3",["NI","CR"],[0.5466787570820294,0.4091047570820293]],["NBNI3",["NI","CR"],[0.7123685833474142,0.05040858334741394]],["NBCR2RT",["NI","CR"],[0.05628701017682703,0.937492410176827]]],
			[["NBCR2RT",["NI","CR"],[0.05811090262024126,0.9362132879860949]],["NBNI3",["NI","CR"],[0.5457734594065939,0.41165233745537433]]],
			[["NBCR2RT",["NI","CR"],[0.058374457554735235,0.9360916282864425]],["NBNI3",["NI","CR"],[0.5455521979214291,0.41293795401899]]],
			[["NBCR2RT",["NI","CR"],[0.0586380124892292,0.9359699685867902]],["NBNI3",["NI","CR"],[0.5455521979214291,0.41293795401899]]],
			[["NBCR2RT",["NI","CR"],[0.05890156742372317,0.9358483088871378]],["NBNI3",["NI","CR"],[0.5453309364362642,0.4142235705826057]]],
			[["NBCR2RT",["NI","CR"],[0.05916512235821714,0.9357266491874854]],["NBNI3",["NI","CR"],[0.5451096749510994,0.4155091871462212]]],
			[["NBCR2RT",["NI","CR"],[0.059428677292711105,0.9356049894878331]],["NBNI3",["NI","CR"],[0.5448884134659345,0.4167948037098369]]],
			[["NBCR2RT",["NI","CR"],[0.05969223222720507,0.9354833297881807]],["NBNI3",["NI","CR"],[0.5446671519807696,0.4180804202734526]]],
			[["NBCR2RT",["NI","CR"],[0.059955787161699046,0.9353616700885283]],["NBNI3",["NI","CR"],[0.5444458904956049,0.4193660368370682]]],
			[["NBCR2RT",["NI","CR"],[0.060219342096193014,0.9352400103888759]],["NBNI3",["NI","CR"],[0.54422462901044,0.4206516534006839]]],
			[["NBCR2RT",["NI","CR"],[0.060482897030686975,0.9351183506892236]],["NBNI3",["NI","CR"],[0.5440033675252752,0.42193726996429937]]],
			[["NBCR2RT",["NI","CR"],[0.06074645196518094,0.9349966909895712]],["NBNI3",["NI","CR"],[0.5437821060401102,0.4232228865279152]]],
			[["NBCR2RT",["NI","CR"],[0.06101000689967491,0.9348750312899188]],["NBNI3",["NI","CR"],[0.5435608445549455,0.42450850309153076]]],
			[["NBCR2RT",["NI","CR"],[0.06127356183416888,0.9347533715902665]],["NBNI3",["NI","CR"],[0.5433395830697806,0.42579411965514646]]],
			[["NBCR2RT",["NI","CR"],[0.061537116768662845,0.9346317118906141]],["NBNI3",["NI","CR"],[0.5431183215846157,0.42707973621876205]]],
			[["NBCR2RT",["NI","CR"],[0.06180067170315681,0.9345100521909617]],["NBNI3",["NI","CR"],[0.5428970600994509,0.42836535278237764]]],
			[["NBCR2RT",["NI","CR"],[0.062064226637650786,0.9343883924913093]],["NBNI3",["NI","CR"],[0.542675798614286,0.42965096934599334]]],
			[["NBCR2RT",["NI","CR"],[0.062327781572144754,0.934266732791657]],["NBNI3",["NI","CR"],[0.5424545371291213,0.4309365859096089]]],
			[["NBCR2RT",["NI","CR"],[0.06259133650663871,0.9341450730920046]],["NBNI3",["NI","CR"],[0.5422332756439564,0.4322222024732245]]],
			[["NBCR2RT",["NI","CR"],[0.06285489144113268,0.9340234133923522]],["NBNI3",["NI","CR"],[0.5420120141587915,0.4335078190368402]]],
			[["NBCR2RT",["NI","CR"],[0.06311844637562666,0.9339017536926998]],["NBNI3",["NI","CR"],[0.5417907526736266,0.4347934356004559]]],
			[["NBCR2RT",["NI","CR"],[0.06338200131012063,0.9337800939930474]],["NBNI3",["NI","CR"],[0.5415694911884618,0.4360790521640716]]],
			[["NBCR2RT",["NI","CR"],[0.0636455562446146,0.9336584342933951]],["NBNI3",["NI","CR"],[0.541348229703297,0.4373646687276872]]],
			[["NBCR2RT",["NI","CR"],[0.06390911117910857,0.9335367745937427]],["NBNI3",["NI","CR"],[0.5411269682181321,0.4386502852913028]]],
			[["NBCR2RT",["NI","CR"],[0.06417266611360253,0.9334151148940903]],["NBNI3",["NI","CR"],[0.5409057067329673,0.4399359018549184]]],
			[["NBCR2RT",["NI","CR"],[0.0644362210480965,0.933293455194438]],["NBNI3",["NI","CR"],[0.5406844452478025,0.4412215184185341]]],
			[["NBCR2RT",["NI","CR"],[0.06469977598259047,0.9331717954947856]],["NBNI3",["NI","CR"],[0.5404631837626376,0.4425071349821498]]],
			[["NBCR2RT",["NI","CR"],[0.06496333091708444,0.9330501357951332]],["NBNI3",["NI","CR"],[0.5402419222774728,0.44379275154576525]]],
			[["NBCR2RT",["NI","CR"],[0.0652268858515784,0.9329284760954808]],["NBNI3",["NI","CR"],[0.5400206607923079,0.44507836810938095]]],
			[["NBCR2RT",["NI","CR"],[0.06549044078607237,0.9328068163958285]],["NBNI3",["NI","CR"],[0.539799399307143,0.44636398467299665]]],
			[["NBCR2RT",["NI","CR"],[0.06575399572056634,0.9326851566961761]],["NBNI3",["NI","CR"],[0.5395781378219782,0.44764960123661235]]],
			[["NBCR2RT",["NI","CR"],[0.0660175506550603,0.9325634969965237]],["NBNI3",["NI","CR"],[0.5393568763368133,0.44893521780022794]]],
			[["NBCR2RT",["NI","CR"],[0.06628110558955427,0.9324418372968714]],["NBNI3",["NI","CR"],[0.5391356148516485,0.4502208343638435]]],
			[["NBCR2RT",["NI","CR"],[0.06654466052404824,0.932320177597219]],["NBNI3",["NI","CR"],[0.5389143533664836,0.4515064509274592]]],
			[["NBCR2RT",["NI","CR"],[0.06680821545854222,0.9321985178975666]],["NBNI3",["NI","CR"],[0.5386930918813189,0.4527920674910748]]],
			[["NBCR2RT",["NI","CR"],[0.06707177039303619,0.9320768581979142]],["NBNI3",["NI","CR"],[0.538471830396154,0.4540776840546905]]],
			[["NBCR2RT",["NI","CR"],[0.06733532532753016,0.9319551984982619]],["NBNI3",["NI","CR"],[0.5382505689109892,0.455363300618306]]],
			[["NBCR2RT",["NI","CR"],[0.06759888026202412,0.9318335387986095]],["NBNI3",["NI","CR"],[0.5380293074258243,0.4566489171819217]]],
			[["NBCR2RT",["NI","CR"],[0.06786243519651809,0.9317118790989571]],["NBNI3",["NI","CR"],[0.5378080459406593,0.4579345337455375]]],
			[["NBCR2RT",["NI","CR"],[0.06812599013101206,0.9315902193993048]],["NBNI3",["NI","CR"],[0.5375867844554946,0.4592201503091531]]],
			[["NBCR2RT",["NI","CR"],[0.06838954506550603,0.9314685596996524]],["NBNI3",["NI","CR"],[0.5373655229703297,0.4605057668727687]]]],
	"reference": "C-A58757"
}