{
    "components": [
        "CR",
        "NB",
        "NI"
    ],
    "phases": [
        "NBCR2RT",
        "NBCR2HT",
        "NB7NI6",
        "NBCR2RT"
    ],
    "conditions": {
        "P": [
            101325
        ],
        "T": [
            1373,
            1373,
            1373,
            1373,
            1373,
            1373,
            1373,
            1373,
            1373,
            1373,
            1373,
            1373,
            1373,
            1373,
            1373,
            1373,
            1373,
            1373,
            1373,
            1373,
            1373,
            1373,
            1373,
            1373,
            1373,
            1373,
            1373,
            1373,
            1373,
            1373,
            1373,
            1373,
            1373,
            1373,
            1373,
            1373,
            1373,
            1373,
            1373,
            1373,
            1373,
            1373
        ]
    },
    "broadcast_conditions": false,
    "output": "ZPF",
    "values":
			[[["NBCR2RT",["NI","CR"],[0.049775965250660054,0.5830419652506601]],["NBCR2HT",["NI","CR"],[0.09448977314272469,0.5462297731427247]],["NB7NI6",["NI","CR"],[0.009767431700499318,0.03495343170049936]]],
			[["NBCR2RT",["NI","CR"],[0.051067735736953085,0.5833482984389026]],["NBCR2HT",["NI","CR"],[0.094596028303155,0.5474861880370976]]],
			[["NBCR2RT",["NI","CR"],[0.0516012840832675,0.5838124094871664]],["NBCR2HT",["NI","CR"],[0.09497428266613872,0.548052602134024]]],
			[["NBCR2RT",["NI","CR"],[0.052106710194238376,0.584305413217262]],["NBCR2HT",["NI","CR"],[0.09497428266613872,0.548052602134024]]],
			[["NBCR2RT",["NI","CR"],[0.05261167300560837,0.5847988929396748]],["NBCR2HT",["NI","CR"],[0.09534226571671042,0.5486279425938017]]],
			[["NBCR2RT",["NI","CR"],[0.053104482367680644,0.5853043566472198]],["NBCR2HT",["NI","CR"],[0.09570956894556226,0.5492038738578604]]],
			[["NBCR2RT",["NI","CR"],[0.053576709061550626,0.5858301160242226]],["NBCR2HT",["NI","CR"],[0.0960711188254493,0.5497847191906371]]],
			[["NBCR2RT",["NI","CR"],[0.05404893575542058,0.5863558754012254]],["NBCR2HT",["NI","CR"],[0.09642359113651797,0.5503733178853668]]],
			[["NBCR2RT",["NI","CR"],[0.05449293419934634,0.586908247737419]],["NBCR2HT",["NI","CR"],[0.09677606344758663,0.5509619165800964]]],
			[["NBCR2RT",["NI","CR"],[0.054929581634968444,0.5874675504389163]],["NBCR2HT",["NI","CR"],[0.09711329590152751,0.5515632495261206]]],
			[["NBCR2RT",["NI","CR"],[0.055356298888492805,0.588035769512962]],["NBCR2HT",["NI","CR"],[0.09744795188934063,0.5521667353379391]]],
			[["NBCR2RT",["NI","CR"],[0.05575317404262442,0.5886307839945031]],["NBCR2HT",["NI","CR"],[0.09777521539122205,0.5527762362792279]]],
			[["NBCR2RT",["NI","CR"],[0.05615004919675609,0.5892257984760443]],["NBCR2HT",["NI","CR"],[0.09808817888147997,0.5533973728762533]]],
			[["NBCR2RT",["NI","CR"],[0.05651467266323104,0.5898482603549293]],["NBCR2HT",["NI","CR"],[0.09840114237173797,0.5540185094732788]]],
			[["NBCR2RT",["NI","CR"],[0.05686774502943587,0.590480552653923]],["NBCR2HT",["NI","CR"],[0.0986918091349901,0.5546572109749904]]],
			[["NBCR2RT",["NI","CR"],[0.05720876239552755,0.5911225177644341]],["NBCR2HT",["NI","CR"],[0.09897850036800485,0.5552990443179663]]],
			[["NBCR2RT",["NI","CR"],[0.057513768022690065,0.5917933783340759]],["NBCR2HT",["NI","CR"],[0.0992539782706896,0.555949381326538]]],
			[["NBCR2RT",["NI","CR"],[0.05781877364985255,0.5924642389037175]],["NBCR2HT",["NI","CR"],[0.09951088086459445,0.5566138049810532]]],
			[["NBCR2RT",["NI","CR"],[0.058082939503089626,0.5931658237108695]],["NBCR2HT",["NI","CR"],[0.09976778345849927,0.5572782286355682]]],
			[["NBCR2RT",["NI","CR"],[0.058336301887474185,0.5938755360934476]],["NBCR2HT",["NI","CR"],[0.09999223260396051,0.5579661920922278]]],
			[["NBCR2RT",["NI","CR"],[0.058570033297887764,0.5945990033336916]],["NBCR2HT",["NI","CR"],[0.10021414407323107,0.5586559962283312]]],
			[["NBCR2RT",["NI","CR"],[0.05876725857908602,0.595348049366513]],["NBCR2HT",["NI","CR"],[0.10041649451321558,0.5593592708271055]]],
			[["NBCR2RT",["NI","CR"],[0.058964483860284245,0.5960970953993344]],["NBCR2HT",["NI","CR"],[0.10059925019677529,0.5600760391143307]]],
			[["NBCR2RT",["NI","CR"],[0.05910649821495384,0.5968818754567624]],["NBCR2HT",["NI","CR"],[0.10077801273152501,0.5607953978878164]]],
			[["NBCR2RT",["NI","CR"],[0.0592438009941125,0.5976697049749734]],["NBCR2HT",["NI","CR"],[0.10091707322404359,0.5615405126748669]]],
			[["NBCR2RT",["NI","CR"],[0.05934987783886678,0.5984760360469448]],["NBCR2HT",["NI","CR"],[0.10105613371656225,0.5622856274619172]]],
			[["NBCR2RT",["NI","CR"],[0.0594245684668476,0.5993009636409433]],["NBCR2HT",["NI","CR"],[0.10116154164723823,0.5630511198937971]]],
			[["NBCR2RT",["NI","CR"],[0.05949444343198229,0.6001284731770784]],["NBCR2HT",["NI","CR"],[0.10125244873635028,0.5638253930241717]]],
			[["NBCR2RT",["NI","CR"],[0.05950300287279883,0.6009888573435432]],["NBCR2HT",["NI","CR"],[0.10132663874928188,0.5646090093717318]]],
			[["NBCR2RT",["NI","CR"],[0.059511562313615374,0.6018492415100081]],["NBCR2HT",["NI","CR"],[0.10136473337114216,0.5654127995268724]]],
			[["NBCR2RT",["NI","CR"],[0.0594774639752402,0.6027300290442911]],["NBCR2HT",["NI","CR"],[0.10140282799300249,0.566216589682013]]],
			[["NBCR2RT",["NI","CR"],[0.05941891965267174,0.6036225091799384]],["NBCR2HT",["NI","CR"],[0.10138752272121379,0.5670475507320366]]],
			[["NBCR2RT",["NI","CR"],[0.05934853334155782,0.6045199572151891]],["NBCR2HT",["NI","CR"],[0.10136878552767509,0.5678802580099782]]],
			[["NBCR2RT",["NI","CR"],[0.059222395529114985,0.6054407938781413]],["NBCR2HT",["NI","CR"],[0.10131654249551353,0.5687282271921239]]],
			[["NBCR2RT",["NI","CR"],[0.05909625771667218,0.6063616305410935]],["NBCR2HT",["NI","CR"],[0.10123773509216125,0.5695882964411539]]],
			[["NBCR2RT",["NI","CR"],[0.05892378370739401,0.6072991088032118]],["NBCR2HT",["NI","CR"],[0.10114870925327835,0.5704524430409358]]],
			[["NBCR2RT",["NI","CR"],[0.058729543137509777,0.6082444045039974]],["NBCR2HT",["NI","CR"],[0.10100737594071432,0.5713374613207813]]],
			[["NBCR2RT",["NI","CR"],[0.05852604413946724,0.6091924516145446]],["NBCR2HT",["NI","CR"],[0.10086604262815033,0.572222479600627]]],
			[["NBCR2RT",["NI","CR"],[0.05826519705394892,0.6101575413682919]],["NBCR2HT",["NI","CR"],[0.10067762347663167,0.5731234873067436]]],
			[["NBCR2RT",["NI","CR"],[0.05800434996843057,0.6111226311220392]],["NBCR2HT",["NI","CR"],[0.10047276840779859,0.5740300763276235]]],
			[["NBCR2RT",["NI","CR"],[0.057709524479430896,0.6120956923349739]],["NBCR2HT",["NI","CR"],[0.10025001587624635,0.5749416249931307]]],
			[["NBCR2RT",["NI","CR"],[0.01876635362449186,0.9625719536244919]],["NBCR2RT",["NI","CR"],[0.05654467585834472,0.6142686758583447]],["NBCR2HT",["NI","CR"],[0.10012686175846927,0.5769068617584693]]]],
	"reference": "C-A58757"
}