{
    "components": [
        "CR",
        "NB",
        "NI"
    ],
    "phases": [
        "NBNI3",
        "NBNI3",
        "NBCR2RT"
    ],
    "conditions": {
        "P": [
            101325
        ],
        "T": [
            1373,
            1373,
            1373,
            1373,
            1373,
            1373,
            1373,
            1373,
            1373,
            1373,
            1373,
            1373,
            1373,
            1373,
            1373,
            1373,
            1373,
            1373,
            1373,
            1373,
            1373,
            1373,
            1373,
            1373,
            1373,
            1373,
            1373,
            1373,
            1373,
            1373,
            1373,
            1373,
            1373,
            1373,
            1373,
            1373,
            1373,
            1373,
            1373,
            1373,
            1373
        ]
    },
    "broadcast_conditions": false,
    "output": "ZPF",
    "values":
			[[["NBNI3",["NI","CR"],[0.5466787570820294,0.4091047570820293]],["NBNI3",["NI","CR"],[0.7123685833474142,0.05040858334741394]],["NBCR2RT",["NI","CR"],[0.05628701017682703,0.937492410176827]]],
			[["NBNI3",["NI","CR"],[0.5578321956337116,0.39790833802187564]],["NBNI3",["NI","CR"],[0.7139128531073085,0.049404323291544316]]],
			[["NBNI3",["NI","CR"],[0.5677897223294086,0.38835400710573686]],["NBNI3",["NI","CR"],[0.7150830887487594,0.0482660291172311]]],
			[["NBNI3",["NI","CR"],[0.5777084629352858,0.3787565000218269]],["NBNI3",["NI","CR"],[0.7150830887487594,0.0482660291172311]]],
			[["NBNI3",["NI","CR"],[0.5876141461724562,0.3691444576458949]],["NBNI3",["NI","CR"],[0.7162533243902104,0.047127734942917776]]],
			[["NBNI3",["NI","CR"],[0.5975021231106352,0.3595133509556899]],["NBNI3",["NI","CR"],[0.7174132877015511,0.045978646259802414]]],
			[["NBNI3",["NI","CR"],[0.6073564364338736,0.349845998761267]],["NBNI3",["NI","CR"],[0.7185709770551563,0.04482716802567721]]],
			[["NBNI3",["NI","CR"],[0.6172107497571121,0.3401786465668438]],["NBNI3",["NI","CR"],[0.7197286664087617,0.043675689791551786]]],
			[["NBNI3",["NI","CR"],[0.6270175746956762,0.3304617932398498]],["NBNI3",["NI","CR"],[0.7208773205458778,0.042515348039804834]]],
			[["NBNI3",["NI","CR"],[0.6368210509866823,0.32074144933620563]],["NBNI3",["NI","CR"],[0.7220212849982555,0.04135040572277293]]],
			[["NBNI3",["NI","CR"],[0.6465984832320997,0.31099479970274524]],["NBNI3",["NI","CR"],[0.723165249450633,0.04018546340574103]]],
			[["NBNI3",["NI","CR"],[0.6563516121595625,0.3012236025575097]],["NBNI3",["NI","CR"],[0.7242997133275907,0.03901185571256083]]],
			[["NBNI3",["NI","CR"],[0.6660999943669856,0.29144775604333983]],["NBNI3",["NI","CR"],[0.7254286190505745,0.03783317848487944]]],
			[["NBNI3",["NI","CR"],[0.6758032525896618,0.2816277109981573]],["NBNI3",["NI","CR"],[0.7265575247735585,0.036654501257197936]]],
			[["NBNI3",["NI","CR"],[0.685506510812338,0.27180766595297456]],["NBNI3",["NI","CR"],[0.7276741977718404,0.0354655040367341]]],
			[["NBNI3",["NI","CR"],[0.6951767302498101,0.26195621578012995]],["NBNI3",["NI","CR"],[0.7287863669131057,0.034272707190836194]]],
			[["NBNI3",["NI","CR"],[0.704830592017732,0.25208921676984164]],["NBNI3",["NI","CR"],[0.7298985360543708,0.03307991034493862]]],
			[["NBNI3",["NI","CR"],[0.7144727632521033,0.2422114261997047]],["NBNI3",["NI","CR"],[0.7309932367666365,0.03187356128607732]]],
			[["NBNI3",["NI","CR"],[0.7240777185188134,0.23229928147964007]],["NBNI3",["NI","CR"],[0.732087067282029,0.03066653711823264]]],
			[["NBNI3",["NI","CR"],[0.7336826737855235,0.22238713675957533]],["NBNI3",["NI","CR"],[0.7331749937109325,0.029455328745567666]]],
			[["NBNI3",["NI","CR"],[0.7432485045137733,0.21243989714746803]],["NBNI3",["NI","CR"],[0.7342484694863145,0.0282338792468233]]],
			[["NBNI3",["NI","CR"],[0.7528049793584883,0.2024842652645371]],["NBNI3",["NI","CR"],[0.7353219452616964,0.027012429748078937]]],
			[["NBNI3",["NI","CR"],[0.7623435171644563,0.1925129896463882]],["NBNI3",["NI","CR"],[0.7363792070338477,0.025780556891921935]]],
			[["NBNI3",["NI","CR"],[0.7718519747203696,0.18251547962724557]],["NBNI3",["NI","CR"],[0.7374307228056238,0.024544990153708257]]],
			[["NBNI3",["NI","CR"],[0.7813604322762832,0.17251796960810262]],["NBNI3",["NI","CR"],[0.7384751602677755,0.023305329724392365]]],
			[["NBNI3",["NI","CR"],[0.7908240812657858,0.16248244337226003]],["NBNI3",["NI","CR"],[0.7395023984300026,0.02205572219968155]]],
			[["NBNI3",["NI","CR"],[0.8002848566652034,0.15244447914225423]],["NBNI3",["NI","CR"],[0.7405296365922298,0.020806114674970955]]],
			[["NBNI3",["NI","CR"],[0.8097217173227479,0.14238676784565785]],["NBNI3",["NI","CR"],[0.7415322614126756,0.019543824722460745]]],
			[["NBNI3",["NI","CR"],[0.819135291406714,0.13230982817847947]],["NBNI3",["NI","CR"],[0.7425334385512123,0.018280788828117567]]],
			[["NBNI3",["NI","CR"],[0.8285453410413288,0.12223005484634808]],["NBNI3",["NI","CR"],[0.7435143338617163,0.017008566813051407]]],
			[["NBNI3",["NI","CR"],[0.8379119927149606,0.11211538945908361]],["NBNI3",["NI","CR"],[0.7444861650533403,0.015732239443668083]]],
			[["NBNI3",["NI","CR"],[0.8472786443885926,0.10200072407181904]],["NBNI3",["NI","CR"],[0.745441983830472,0.014449629513382356]]],
			[["NBNI3",["NI","CR"],[0.856615212457906,0.09186249870181051]],["NBNI3",["NI","CR"],[0.7463833616520091,0.013161353592933134]]],
			[["NBNI3",["NI","CR"],[0.8659353258017591,0.08171138680917023]],["NBNI3",["NI","CR"],[0.7473096806675357,0.011868056133224392]]],
			[["NBNI3",["NI","CR"],[0.8752451855107778,0.07155245032215274]],["NBNI3",["NI","CR"],[0.7482169941445531,0.010568421049025]]],
			[["NBNI3",["NI","CR"],[0.8845189886649117,0.06136599891763039]],["NBNI3",["NI","CR"],[0.7491087368999819,0.009264492136826674]]],
			[["NBNI3",["NI","CR"],[0.8937927918190458,0.05117954751310794]],["NBNI3",["NI","CR"],[0.7499802369262394,0.007954981030071528]]],
			[["NBNI3",["NI","CR"],[0.9030297991362143,0.040965726826402316]],["NBNI3",["NI","CR"],[0.7508327136114634,0.00664127953297422]]],
			[["NBNI3",["NI","CR"],[0.912257682105259,0.030745119315992775]],["NBNI3",["NI","CR"],[0.7516659480468061,0.005323339425113316]]],
			[["NBNI3",["NI","CR"],[0.921467847322843,0.020511662629283944]],["NBNI3",["NI","CR"],[0.7524737247603485,0.004001164453639183]]],
			[["NBNI3",["NI","CR"],[0.9306499387860607,0.010257846439281071]],["NBNI3",["NI","CR"],[0.7532662055945928,0.0026764450297125375]]]],
	"reference": "C-A58757"
}