{
    "components": [
        "CR",
        "NB",
        "NI"
    ],
    "phases": [
        "NB7NI6",
        "NBCR2RT",
        "NBCR2HT"
    ],
    "conditions": {
        "P": [
            101325
        ],
        "T": [
            1373,
            1373,
            1373,
            1373,
            1373,
            1373,
            1373,
            1373,
            1373,
            1373,
            1373,
            1373,
            1373,
            1373,
            1373,
            1373,
            1373,
            1373,
            1373,
            1373,
            1373,
            1373,
            1373,
            1373,
            1373,
            1373,
            1373,
            1373,
            1373,
            1373,
            1373,
            1373,
            1373,
            1373,
            1373,
            1373,
            1373,
            1373,
            1373,
            1373,
            1373
        ]
    },
    "broadcast_conditions": false,
    "output": "ZPF",
    "values":
			[[["NBCR2RT",["NI","CR"],[0.049775965250660054,0.5830419652506601]],["NBCR2HT",["NI","CR"],[0.09448977314272469,0.5462297731427247]],["NB7NI6",["NI","CR"],[0.009767431700499318,0.03495343170049936]]],
			[["NB7NI6",["NI","CR"],[0.009068637460614981,0.03550641501733609]],["NBCR2RT",["NI","CR"],[0.0480389197411937,0.5832104212784899]]],
			[["NB7NI6",["NI","CR"],[0.008851898331775576,0.03553536429436377]],["NBCR2RT",["NI","CR"],[0.046843672302297495,0.5836336304925527]]],
			[["NB7NI6",["NI","CR"],[0.008634707913557305,0.03556543115330779]],["NBCR2RT",["NI","CR"],[0.046843672302297495,0.5836336304925527]]],
			[["NB7NI6",["NI","CR"],[0.008416023025771824,0.03559951293023522]],["NBCR2RT",["NI","CR"],[0.045643429853338774,0.5840870805926841]]],
			[["NB7NI6",["NI","CR"],[0.008195646568330384,0.03563813913789582]],["NBCR2RT",["NI","CR"],[0.04444318740438005,0.5845405306928156]]],
			[["NB7NI6",["NI","CR"],[0.007975084069548055,0.03567731202738289]],["NBCR2RT",["NI","CR"],[0.04324011310702139,0.5850148410490887]]],
			[["NB7NI6",["NI","CR"],[0.007751953421949287,0.03572403141313951]],["NBCR2RT",["NI","CR"],[0.042035406552613036,0.5855011751069648]]],
			[["NB7NI6",["NI","CR"],[0.007528822774350519,0.035770750798896245]],["NBCR2RT",["NI","CR"],[0.04083003699021415,0.5859937725080548]]],
			[["NB7NI6",["NI","CR"],[0.007303820122235127,0.03582358151011156]],["NBCR2RT",["NI","CR"],[0.039622001626648085,0.5865115533577434]]],
			[["NB7NI6",["NI","CR"],[0.007077847951406535,0.03587957730150748]],["NBCR2RT",["NI","CR"],[0.03841396626308205,0.5870293342074319]]],
			[["NB7NI6",["NI","CR"],[0.006851225981674536,0.03593799817542609]],["NBCR2RT",["NI","CR"],[0.03720416094329848,0.5875703858794117]]],
			[["NB7NI6",["NI","CR"],[0.006622624979595981,0.036003804898611436]],["NBCR2RT",["NI","CR"],[0.03599382746391491,0.5881183816260929]]],
			[["NB7NI6",["NI","CR"],[0.006394023977517538,0.03606961162179678]],["NBCR2RT",["NI","CR"],[0.0347830180743299,0.5886768090858201]]],
			[["NB7NI6",["NI","CR"],[0.006163585252407455,0.03614349862496413]],["NBCR2RT",["NI","CR"],[0.033571305735626084,0.589255028737591]]],
			[["NB7NI6",["NI","CR"],[0.005932784859915996,0.0362189758425715]],["NBCR2RT",["NI","CR"],[0.032359593396922265,0.5898332483893619]]],
			[["NB7NI6",["NI","CR"],[0.005701197727192631,0.03629871934180673]],["NBCR2RT",["NI","CR"],[0.031147493620095612,0.5904377898754747]]],
			[["NB7NI6",["NI","CR"],[0.005468521694026396,0.03638436765659003]],["NBCR2RT",["NI","CR"],[0.029935361389555964,0.5910445362072353]]],
			[["NB7NI6",["NI","CR"],[0.005235844880676743,0.03647002166964619]],["NBCR2RT",["NI","CR"],[0.02872345131188328,0.5916650499212479]]],
			[["NB7NI6",["NI","CR"],[0.0050017106205061945,0.03656632052429032]],["NBCR2RT",["NI","CR"],[0.02751176308726269,0.5922993124372107]]],
			[["NB7NI6",["NI","CR"],[0.004767576360335701,0.03666261937893456]],["NBCR2RT",["NI","CR"],[0.02630017179712943,0.5929356193251838]]],
			[["NB7NI6",["NI","CR"],[0.004532913148152851,0.036765136660087405]],["NBCR2RT",["NI","CR"],[0.025089748139111384,0.5935965518596079]]],
			[["NB7NI6",["NI","CR"],[0.004297866067894118,0.03687216674271232]],["NBCR2RT",["NI","CR"],[0.02387932448109334,0.594257484394032]]],
			[["NB7NI6",["NI","CR"],[0.004062771202537119,0.03698084163522375]],["NBCR2RT",["NI","CR"],[0.022670216881288036,0.5949350514415493]]],
			[["NB7NI6",["NI","CR"],[0.003827412040077971,0.037098613892863286]],["NBCR2RT",["NI","CR"],[0.021461819369756413,0.5956215937551838]]],
			[["NB7NI6",["NI","CR"],[0.0035920528776188787,0.037216386150502934]],["NBCR2RT",["NI","CR"],[0.020254001968650404,0.5963133723838435]]],
			[["NB7NI6",["NI","CR"],[0.0033569793215783017,0.03734245293090821]],["NBCR2RT",["NI","CR"],[0.019048267981466194,0.5970239567624811]]],
			[["NB7NI6",["NI","CR"],[0.003122018070950583,0.037471781261975035]],["NBCR2RT",["NI","CR"],[0.01784253399428204,0.5977345411411186]]],
			[["NB7NI6",["NI","CR"],[0.0028873610875084776,0.0376040106190072]],["NBCR2RT",["NI","CR"],[0.016639395239286814,0.5984633253132294]]],
			[["NB7NI6",["NI","CR"],[0.002653530262494319,0.0377441169577335]],["NBCR2RT",["NI","CR"],[0.015436984921361252,0.5991972178545573]]],
			[["NB7NI6",["NI","CR"],[0.002419699437480105,0.03788422329645991]],["NBCR2RT",["NI","CR"],[0.01423589533352737,0.599938656345429]]],
			[["NB7NI6",["NI","CR"],[0.0021874903801975543,0.03803318708546577]],["NBCR2RT",["NI","CR"],[0.013037416134354246,0.6006950092092275]]],
			[["NB7NI6",["NI","CR"],[0.001955705150318343,0.03818446565116851]],["NBCR2RT",["NI","CR"],[0.011838936935181121,0.6014513620730261]]],
			[["NB7NI6",["NI","CR"],[0.0017247488412679979,0.0383388036040917]],["NBCR2RT",["NI","CR"],[0.010644219006436306,0.602225868973054]]],
			[["NB7NI6",["NI","CR"],[0.0014957532579657484,0.03850037821833152]],["NBCR2RT",["NI","CR"],[0.00944999664407195,0.6030027677590676]]],
			[["NB7NI6",["NI","CR"],[0.001266757674663499,0.038661952832571345]],["NBCR2RT",["NI","CR"],[0.008257860354714708,0.6037883672364712]]],
			[["NB7NI6",["NI","CR"],[0.0010406738354295508,0.03883139475685993]],["NBCR2RT",["NI","CR"],[0.007068592735035489,0.604585931496259]]],
			[["NB7NI6",["NI","CR"],[0.000815497502537621,0.03900328869396108]],["NBCR2RT",["NI","CR"],[0.005879325115356243,0.6053834957560469]]],
			[["NB7NI6",["NI","CR"],[0.0005911899149547151,0.03917696945487803]],["NBCR2RT",["NI","CR"],[0.004694823995019415,0.6061985555702258]]],
			[["NB7NI6",["NI","CR"],[0.00037074794955538337,0.03935860097617094]],["NBCR2RT",["NI","CR"],[0.00351058570097601,0.6070145800948519]]],
			[["NB7NI6",["NI","CR"],[0.0001503059841561627,0.039540232497463856]],["NBCR2RT",["NI","CR"],[0.002328925847865204,0.6078390623100414]]]],
	"reference": "C-A58757"
}