{
    "components": [
        "CR",
        "NB",
        "NI"
    ],
    "phases": [
        "NBCR2HT",
        "NB7NI6",
        "NBCR2RT",
        "NB7NI6"
    ],
    "conditions": {
        "P": [
            101325
        ],
        "T": [
            1373,
            1373,
            1373,
            1373,
            1373,
            1373,
            1373,
            1373,
            1373,
            1373,
            1373,
            1373,
            1373,
            1373,
            1373,
            1373,
            1373,
            1373,
            1373,
            1373,
            1373,
            1373,
            1373,
            1373,
            1373,
            1373,
            1373,
            1373,
            1373,
            1373,
            1373,
            1373,
            1373,
            1373,
            1373,
            1373,
            1373,
            1373,
            1373,
            1373,
            1373,
            1373
        ]
    },
    "broadcast_conditions": false,
    "output": "ZPF",
    "values":
			[[["NBCR2RT",["NI","CR"],[0.049775965250660054,0.5830419652506601]],["NBCR2HT",["NI","CR"],[0.09448977314272469,0.5462297731427247]],["NB7NI6",["NI","CR"],[0.009767431700499318,0.03495343170049936]]],
			[["NBCR2HT",["NI","CR"],[0.09573991561096179,0.544644598537791]],["NB7NI6",["NI","CR"],[0.010425546400749497,0.03461856501157334]]],
			[["NBCR2HT",["NI","CR"],[0.09657840972960655,0.5439017755832651]],["NB7NI6",["NI","CR"],[0.010559963705133735,0.03441847419961319]]],
			[["NBCR2HT",["NI","CR"],[0.09741690384825138,0.5431589526287393]],["NB7NI6",["NI","CR"],[0.010559963705133735,0.03441847419961319]]],
			[["NBCR2HT",["NI","CR"],[0.0982553979668962,0.5424161296742133]],["NB7NI6",["NI","CR"],[0.0106991103464254,0.034219606061055785]]],
			[["NBCR2HT",["NI","CR"],[0.09909389208554098,0.5416733067196874]],["NB7NI6",["NI","CR"],[0.01083867041203479,0.03402088632361833]]],
			[["NBCR2HT",["NI","CR"],[0.09993238620418582,0.5409304837651614]],["NB7NI6",["NI","CR"],[0.010986821689094428,0.03382525045267237]]],
			[["NBCR2HT",["NI","CR"],[0.10077088032283057,0.5401876608106355]],["NB7NI6",["NI","CR"],[0.011134972966154011,0.03362961458172653]]],
			[["NBCR2HT",["NI","CR"],[0.10160937444147541,0.5394448378561096]],["NB7NI6",["NI","CR"],[0.011288349679889509,0.033436452800249095]]],
			[["NBCR2HT",["NI","CR"],[0.10244786856012023,0.5387020149015836]],["NB7NI6",["NI","CR"],[0.011445009012749252,0.03324484524168314]]],
			[["NBCR2HT",["NI","CR"],[0.10328636267876501,0.5379591919470578]],["NB7NI6",["NI","CR"],[0.011603295825188653,0.03305422625990495]]],
			[["NBCR2HT",["NI","CR"],[0.10412485679740982,0.5372163689925318]],["NB7NI6",["NI","CR"],[0.011768002750304152,0.03286750703480945]]],
			[["NBCR2HT",["NI","CR"],[0.10496335091605466,0.5364735460380059]],["NB7NI6",["NI","CR"],[0.01193270967541965,0.03268078780971395]]],
			[["NBCR2HT",["NI","CR"],[0.10580184503469947,0.53573072308348]],["NB7NI6",["NI","CR"],[0.012102995780488679,0.0324983258288688]]],
			[["NBCR2HT",["NI","CR"],[0.10664033915334428,0.534987900128954]],["NB7NI6",["NI","CR"],[0.012274772053931515,0.032317000934619644]]],
			[["NBCR2HT",["NI","CR"],[0.10747883327198907,0.5342450771744282]],["NB7NI6",["NI","CR"],[0.012448823922751928,0.032137816973463296]]],
			[["NBCR2HT",["NI","CR"],[0.10831732739063388,0.5335022542199022]],["NB7NI6",["NI","CR"],[0.012626739887060257,0.03196226844327388]]],
			[["NBCR2HT",["NI","CR"],[0.10915582150927872,0.5327594312653763]],["NB7NI6",["NI","CR"],[0.012804655851368418,0.03178671991308457]]],
			[["NBCR2HT",["NI","CR"],[0.1099943156279235,0.5320166083108504]],["NB7NI6",["NI","CR"],[0.012987632268947669,0.0316169902946708]]],
			[["NBCR2HT",["NI","CR"],[0.11083280974656831,0.5312737853563244]],["NB7NI6",["NI","CR"],[0.013170978373533038,0.03144768577178869]]],
			[["NBCR2HT",["NI","CR"],[0.11167130386521315,0.5305309624017985]],["NB7NI6",["NI","CR"],[0.013356515190330043,0.0312814572643787]]],
			[["NBCR2HT",["NI","CR"],[0.1125097979838579,0.5297881394472725]],["NB7NI6",["NI","CR"],[0.01354457363369116,0.031118769414789416]]],
			[["NBCR2HT",["NI","CR"],[0.11334829210250275,0.5290453164927467]],["NB7NI6",["NI","CR"],[0.01373263207705222,0.030956081565200244]]],
			[["NBCR2HT",["NI","CR"],[0.11418678622114756,0.5283024935382207]],["NB7NI6",["NI","CR"],[0.013924398031265495,0.030799743976791527]]],
			[["NBCR2HT",["NI","CR"],[0.11502528033979234,0.5275596705836948]],["NB7NI6",["NI","CR"],[0.014116311820034366,0.03064365960086901]]],
			[["NBCR2HT",["NI","CR"],[0.11586377445843718,0.5268168476291689]],["NB7NI6",["NI","CR"],[0.014309556074925733,0.030490359523004607]]],
			[["NBCR2HT",["NI","CR"],[0.11670226857708199,0.5260740246746429]],["NB7NI6",["NI","CR"],[0.014504670683190835,0.030340973578073638]]],
			[["NBCR2HT",["NI","CR"],[0.1175407626957268,0.525331201720117]],["NB7NI6",["NI","CR"],[0.014699785291455991,0.03019158763314278]]],
			[["NBCR2HT",["NI","CR"],[0.11837925681437159,0.5245883787655911]],["NB7NI6",["NI","CR"],[0.014897053532594129,0.030047769495463728]]],
			[["NBCR2HT",["NI","CR"],[0.1192177509330164,0.5238455558110653]],["NB7NI6",["NI","CR"],[0.015094811291708476,0.029905216913196586]]],
			[["NBCR2HT",["NI","CR"],[0.12005624505166124,0.5231027328565393]],["NB7NI6",["NI","CR"],[0.015292898068801408,0.02976373295935464]]],
			[["NBCR2HT",["NI","CR"],[0.12089473917030605,0.5223599099020133]],["NB7NI6",["NI","CR"],[0.015492732978503398,0.02962792682350046]]],
			[["NBCR2HT",["NI","CR"],[0.12173323328895083,0.5216170869474874]],["NB7NI6",["NI","CR"],[0.015692567888205333,0.029492120687646173]]],
			[["NBCR2HT",["NI","CR"],[0.12257172740759564,0.5208742639929616]],["NB7NI6",["NI","CR"],[0.015893052856999434,0.029359005578180275]]],
			[["NBCR2HT",["NI","CR"],[0.12341022152624048,0.5201314410384356]],["NB7NI6",["NI","CR"],[0.016094381292150184,0.02922938213624282]]],
			[["NBCR2HT",["NI","CR"],[0.12424871564488524,0.5193886180839097]],["NB7NI6",["NI","CR"],[0.016295709727300933,0.029099758694305367]]],
			[["NBCR2HT",["NI","CR"],[0.12508720976353008,0.5186457951293837]],["NB7NI6",["NI","CR"],[0.01649778753408443,0.0289742040587897]]],
			[["NBCR2HT",["NI","CR"],[0.12592570388217486,0.5179029721748578]],["NB7NI6",["NI","CR"],[0.016700270006415996,0.028850846605164238]]],
			[["NBCR2HT",["NI","CR"],[0.12676419800081967,0.5171601492203319]],["NB7NI6",["NI","CR"],[0.016902752478747507,0.028727489151538554]]],
			[["NBCR2HT",["NI","CR"],[0.1276026921194645,0.5164173262658059]],["NB7NI6",["NI","CR"],[0.017105870569719794,0.02860893994463043]]],
			[["NBCR2HT",["NI","CR"],[0.12844118623810927,0.5156745033112801]],["NB7NI6",["NI","CR"],[0.017309158593627694,0.028491676224690177]]],
			[["NBCR2HT",["NI","CR"],[0.12984503498327327,0.5149090349832732]],["NB7NI6",["NI","CR"],[0.21265250796308838,0.2861705079630883]],["NB7NI6",["NI","CR"],[0.018134035835771112,0.027596035835771082]]]],
	"reference": "C-A58757"
}