{
    "components": [
        "CR",
        "NB",
        "NI"
    ],
    "phases": [
        "NBCR2HT",
        "NBNI3",
        "NB7NI6",
        "NBCR2RT"
    ],
    "conditions": {
        "P": [
            101325
        ],
        "T": [
            1373,
            1373,
            1373,
            1373,
            1373,
            1373,
            1373,
            1373,
            1373,
            1373,
            1373,
            1373,
            1373,
            1373,
            1373,
            1373,
            1373,
            1373,
            1373,
            1373,
            1373,
            1373,
            1373,
            1373,
            1373,
            1373,
            1373,
            1373,
            1373,
            1373,
            1373,
            1373,
            1373,
            1373,
            1373,
            1373,
            1373,
            1373,
            1373,
            1373,
            1373,
            1373
        ]
    },
    "broadcast_conditions": false,
    "output": "ZPF",
    "values":
			[[["NB7NI6",["NI","CR"],[0.4575277457391577,0.058779745739157674]],["NBCR2HT",["NI","CR"],[0.5049464102708099,0.12366841027080988]],["NBNI3",["NI","CR"],[0.7181095036600037,0.008689503660003761]]],
			[["NBCR2HT",["NI","CR"],[0.503194321434154,0.1279580771504787]],["NBNI3",["NI","CR"],[0.7170126702002158,0.010288060986202496]]],
			[["NBCR2HT",["NI","CR"],[0.50114786686398,0.13196937829662936]],["NBNI3",["NI","CR"],[0.7167171416754474,0.011019747234236044]]],
			[["NBCR2HT",["NI","CR"],[0.4991248797326632,0.13598086513694974]],["NBNI3",["NI","CR"],[0.7167171416754474,0.011019747234236044]]],
			[["NBCR2HT",["NI","CR"],[0.4971124732860732,0.13999243570057174]],["NBNI3",["NI","CR"],[0.7164242114748539,0.011751126427381409]]],
			[["NBCR2HT",["NI","CR"],[0.49511085776939856,0.14400396697860907]],["NBNI3",["NI","CR"],[0.7161332764189976,0.012482244940951293]]],
			[["NBCR2HT",["NI","CR"],[0.49313370427789927,0.1480154091999133]],["NBNI3",["NI","CR"],[0.7158486125786026,0.013212544076481869]]],
			[["NBCR2HT",["NI","CR"],[0.49115655078639986,0.15202685142121797]],["NBNI3",["NI","CR"],[0.7155639487382077,0.013942843212012224]]],
			[["NBCR2HT",["NI","CR"],[0.4892129747172984,0.15603777616173242]],["NBNI3",["NI","CR"],[0.7152861026022683,0.014672165627357847]]],
			[["NBCR2HT",["NI","CR"],[0.4872724154752804,0.16004865440820581]],["NBNI3",["NI","CR"],[0.7150099831268175,0.01540124067730908]]],
			[["NBCR2HT",["NI","CR"],[0.4853515099012815,0.16405899510937894]],["NBNI3",["NI","CR"],[0.7147368887706005,0.016129843984312275]]],
			[["NBCR2HT",["NI","CR"],[0.4834485164049624,0.1680688458992965]],["NBNI3",["NI","CR"],[0.7144693969455463,0.016857573621763322]]],
			[["NBCR2HT",["NI","CR"],[0.4815501764094319,0.1720785138158465]],["NBNI3",["NI","CR"],[0.7142019051204921,0.01758530325921459]]],
			[["NBCR2HT",["NI","CR"],[0.4796851261293276,0.1760868735124903]],["NBNI3",["NI","CR"],[0.713942702343089,0.018311632579319448]]],
			[["NBCR2HT",["NI","CR"],[0.47782007584922337,0.18009523320913423]],["NBNI3",["NI","CR"],[0.7136844523474934,0.01903780094041585]]],
			[["NBCR2HT",["NI","CR"],[0.47598276259073646,0.18410217198493006]],["NBNI3",["NI","CR"],[0.7134302349043693,0.01976323468353669]]],
			[["NBCR2HT",["NI","CR"],[0.47415647692436536,0.1881085458357763]],["NBNI3",["NI","CR"],[0.713181221818873,0.020487720338643323]]],
			[["NBCR2HT",["NI","CR"],[0.47234243071913384,0.1921141442591765]],["NBNI3",["NI","CR"],[0.7129322087333767,0.021212205993749844]]],
			[["NBCR2HT",["NI","CR"],[0.47055668998197525,0.19611794939800586]],["NBNI3",["NI","CR"],[0.7126930637385585,0.021934758770719154]]],
			[["NBCR2HT",["NI","CR"],[0.46877094924481677,0.20012175453683523]],["NBNI3",["NI","CR"],[0.7124542325444929,0.022657250083051084]]],
			[["NBCR2HT",["NI","CR"],[0.46702099638110794,0.20412285554277732]],["NBNI3",["NI","CR"],[0.7122202699992689,0.023378719914233237]]],
			[["NBCR2HT",["NI","CR"],[0.46527589535830294,0.20812358994346214]],["NBNI3",["NI","CR"],[0.7119913058652523,0.0240991410390915]]],
			[["NBCR2HT",["NI","CR"],[0.46354963121843185,0.21212267180151345]],["NBNI3",["NI","CR"],[0.7117624164977707,0.02481954546820153]]],
			[["NBCR2HT",["NI","CR"],[0.461846198098931,0.2161197507148811]],["NBNI3",["NI","CR"],[0.7115432831106221,0.02553777133718138]]],
			[["NBCR2HT",["NI","CR"],[0.4601434278664512,0.22011676331987529]],["NBNI3",["NI","CR"],[0.7113241497234734,0.02625599720616134]]],
			[["NBCR2HT",["NI","CR"],[0.4584829040810585,0.22410955002648558]],["NBNI3",["NI","CR"],[0.7111106589318226,0.026972883491619526]]],
			[["NBCR2HT",["NI","CR"],[0.4568223802956658,0.22810233673309577]],["NBNI3",["NI","CR"],[0.7109025628250163,0.02768848904892307]]],
			[["NBCR2HT",["NI","CR"],[0.4551864203709951,0.23209236405306943]],["NBNI3",["NI","CR"],[0.7106945074509226,0.028404084354699544]]],
			[["NBCR2HT",["NI","CR"],[0.45356897931333917,0.23608031105208915]],["NBNI3",["NI","CR"],[0.710496782357237,0.029117079756324604]]],
			[["NBCR2HT",["NI","CR"],[0.4519566491286274,0.2400676212161137]],["NBNI3",["NI","CR"],[0.7102990572635516,0.029830075157949554]]],
			[["NBCR2HT",["NI","CR"],[0.4503832338196298,0.24405008243261817]],["NBNI3",["NI","CR"],[0.7101066068167485,0.030541669138270278]]],
			[["NBCR2HT",["NI","CR"],[0.4488098185106322,0.24803254364912242]],["NBNI3",["NI","CR"],[0.709919805784127,0.031251762125336424]]],
			[["NBCR2HT",["NI","CR"],[0.4472662272499641,0.2520109175588421]],["NBNI3",["NI","CR"],[0.7097330047515054,0.03196185511240257]]],
			[["NBCR2HT",["NI","CR"],[0.4457385269588827,0.25598711365329363]],["NBNI3",["NI","CR"],[0.7095570842968993,0.03266889898376968]]],
			[["NBCR2HT",["NI","CR"],[0.4442189311208542,0.2599620983175932]],["NBNI3",["NI","CR"],[0.7093817406047374,0.0333757812262766]]],
			[["NBCR2HT",["NI","CR"],[0.44273653995775314,0.2639315217349203]],["NBNI3",["NI","CR"],[0.7092108170449616,0.03408136085132274]]],
			[["NBCR2HT",["NI","CR"],[0.4412541487946522,0.26790094515224716]],["NBNI3",["NI","CR"],[0.709046543252445,0.03478498078326819]]],
			[["NBCR2HT",["NI","CR"],[0.4398042055530109,0.27186511676213043]],["NBNI3",["NI","CR"],[0.7088822694599285,0.035488600715213536]]],
			[["NBCR2HT",["NI","CR"],[0.438368506978358,0.2758269828237765]],["NBNI3",["NI","CR"],[0.7087273768935429,0.03618932306950606]]],
			[["NBCR2HT",["NI","CR"],[0.4369421932941837,0.2797872134500843]],["NBNI3",["NI","CR"],[0.7085743453358493,0.03688947061437364]]],
			[["NBCR2HT",["NI","CR"],[0.4355533962512971,0.2837409063292474]],["NBNI3",["NI","CR"],[0.7084242365828016,0.03758867336937177]]],
			[["NBCR2HT",["NI","CR"],[0.43326593975181926,0.2889939397518193]],["NBNI3",["NI","CR"],[0.7085879854199533,0.0390579854199532]],["NBCR2RT",["NI","CR"],[0.04374258014640015,0.9453293801464001]]]],
	"reference": "C-A58757"
}