{
    "components": [
        "MO",
        "NB",
        "NI"
    ],
    "phases": [
        "(NB,MO)",
        "L"
    ],
    "conditions": {
        "P": [
            101325
        ],
        "T": [
            1673,
            1673,
            1673,
            1673,
            1673,
            1673,
            1673,
            1673,
            1673,
            1673,
            1673,
            1673,
            1673,
            1673,
            1673,
            1673,
            1673,
            1673,
            1673,
            1673,
            1673,
            1673,
            1673,
            1673,
            1673,
            1673,
            1673,
            1673,
            1673,
            1673,
            1673,
            1673,
            1673,
            1673,
            1673,
            1673,
            1673,
            1673,
            1673,
            1673,
            1673
        ]
    },
    "broadcast_conditions": false,
    "output": "ZPF",
    "values":
			[[["(NB,MO)",["NI","MO"],[0.03706528447442514,0.02507274169830198]],["L",["NI","MO"],[0.422714219984174,0.01082873052083988]]],
			[["(NB,MO)",["NI","MO"],[0.03426898616494933,0.050075900612703284]],["L",["NI","MO"],[0.4257913942082365,0.02159672415798375]]],
			[["(NB,MO)",["NI","MO"],[0.031902168168049194,0.07489869195344934]],["L",["NI","MO"],[0.4257913942082365,0.02159672415798375]]],
			[["(NB,MO)",["NI","MO"],[0.029655958096951318,0.09967083194114512]],["L",["NI","MO"],[0.4295370507902383,0.031891261555403894]]],
			[["(NB,MO)",["NI","MO"],[0.02765336423316722,0.12433664621832252]],["L",["NI","MO"],[0.4332924039546837,0.042178536411747514]]],
			[["(NB,MO)",["NI","MO"],[0.02588910481440959,0.14889843999748886]],["L",["NI","MO"],[0.4375803861456127,0.05206688306778395]]],
			[["(NB,MO)",["NI","MO"],[0.02420460168858507,0.1734242822712222]],["L",["NI","MO"],[0.44186836833654153,0.06195522972382039]]],
			[["(NB,MO)",["NI","MO"],[0.022858653874997414,0.19779751498024878]],["L",["NI","MO"],[0.44653512923631905,0.07154759577068792]]],
			[["(NB,MO)",["NI","MO"],[0.021512706061409814,0.22217074768927536]],["L",["NI","MO"],[0.4512331648217265,0.08111552353660656]]],
			[["(NB,MO)",["NI","MO"],[0.02046905159576773,0.24640398507757755]],["L",["NI","MO"],[0.4561541858703858,0.09050370107096839]]],
			[["(NB,MO)",["NI","MO"],[0.01948292500919624,0.27061058068253985]],["L",["NI","MO"],[0.46114696662779464,0.0998340325732342]]],
			[["(NB,MO)",["NI","MO"],[0.018636649475174405,0.2947509362607337]],["L",["NI","MO"],[0.4662408401077906,0.10908109917424702]]],
			[["(NB,MO)",["NI","MO"],[0.017956030456630856,0.3188128291329302]],["L",["NI","MO"],[0.4714281083876438,0.11825124125894759]]],
			[["(NB,MO)",["NI","MO"],[0.017287496323492024,0.34286889124082043]],["L",["NI","MO"],[0.4766382519187522,0.12740229257793767]]],
			[["(NB,MO)",["NI","MO"],[0.016859994841665338,0.366808658941872]],["L",["NI","MO"],[0.4819304839523499,0.1364848361305615]]],
			[["(NB,MO)",["NI","MO"],[0.016432493359838485,0.39074842664292353]],["L",["NI","MO"],[0.48722271598594746,0.14556737968318534]]],
			[["(NB,MO)",["NI","MO"],[0.01613156704345664,0.41462620499790903]],["L",["NI","MO"],[0.49253463748125026,0.15463339856259206]]],
			[["(NB,MO)",["NI","MO"],[0.015910108010135593,0.43846506477915015]],["L",["NI","MO"],[0.4978498679011316,0.16369664037789322]]],
			[["(NB,MO)",["NI","MO"],[0.015714439729338114,0.4622911447827638]],["L",["NI","MO"],[0.5031417413609637,0.1727794589661702]]],
			[["(NB,MO)",["NI","MO"],[0.0156522848876898,0.4860510664972366]],["L",["NI","MO"],[0.5084038767973823,0.1818872026530851]]],
			[["(NB,MO)",["NI","MO"],[0.01559013004604154,0.5098109882117097]],["L",["NI","MO"],[0.513666012233801,0.19099494634000014]]],
			[["(NB,MO)",["NI","MO"],[0.015607772443093304,0.5335310232665854]],["L",["NI","MO"],[0.5188062554965454,0.2002040580776272]]],
			[["(NB,MO)",["NI","MO"],[0.01566044354073301,0.5572335492211562]],["L",["NI","MO"],[0.5239433424463394,0.20941579467033378]]],
			[["(NB,MO)",["NI","MO"],[0.01572872313453208,0.5809282272859919]],["L",["NI","MO"],[0.5289896296841629,0.21870198775260152]]],
			[["(NB,MO)",["NI","MO"],[0.015852974897959393,0.6045947627667518]],["L",["NI","MO"],[0.5339318997995339,0.22807347570666958]]],
			[["(NB,MO)",["NI","MO"],[0.015977226661386706,0.6282612982475119]],["L",["NI","MO"],[0.5388741699149049,0.23744496366073786]]],
			[["(NB,MO)",["NI","MO"],[0.016122656137892405,0.6519171520680056]],["L",["NI","MO"],[0.5435738119046775,0.24701142956768918]]],
			[["(NB,MO)",["NI","MO"],[0.016275689883968242,0.675569170430732]],["L",["NI","MO"],[0.548252040309171,0.25659510360750337]]],
			[["(NB,MO)",["NI","MO"],[0.01642517255184328,0.6992229807208266]],["L",["NI","MO"],[0.5528178649368146,0.26626675584338433]]],
			[["(NB,MO)",["NI","MO"],[0.01656415912657519,0.7228820874970867]],["L",["NI","MO"],[0.5571632302909861,0.2761109610817516]]],
			[["(NB,MO)",["NI","MO"],[0.01670314570130714,0.746541194273347]],["L",["NI","MO"],[0.5615085956451575,0.28595516632011886]]],
			[["(NB,MO)",["NI","MO"],[0.016798578876371872,0.7702222303342905]],["L",["NI","MO"],[0.565561750547461,0.29602073177261723]]],
			[["(NB,MO)",["NI","MO"],[0.016881275106283733,0.7939096794903858]],["L",["NI","MO"],[0.5695047484356515,0.3061697452334817]]],
			[["(NB,MO)",["NI","MO"],[0.01693354805702789,0.8176123715640309]],["L",["NI","MO"],[0.5734066143437205,0.3163487181535529]]],
			[["(NB,MO)",["NI","MO"],[0.016915906407412404,0.8413500928165794]],["L",["NI","MO"],[0.5768777825232293,0.32684140004146933]]],
			[["(NB,MO)",["NI","MO"],[0.016898264757796926,0.8650878140691278]],["L",["NI","MO"],[0.5803489507027383,0.3373340819293855]]],
			[["(NB,MO)",["NI","MO"],[0.01675828220540356,0.8888863579216078]],["L",["NI","MO"],[0.5835909877629442,0.3479861036172014]]],
			[["(NB,MO)",["NI","MO"],[0.01659600995025208,0.9126959832492334]],["L",["NI","MO"],[0.5865194780398868,0.35885616850166513]]],
			[["(NB,MO)",["NI","MO"],[0.016355966664645158,0.9365438599221688]],["L",["NI","MO"],[0.5894479683168294,0.36972623338612887]]],
			[["(NB,MO)",["NI","MO"],[0.01600228333232258,0.9604476299610843]],["L",["NI","MO"],[0.5919290797799925,0.3808910546398079]]],
			[["(NB,MO)",["NI","MO"],[0.0156486,0.9843513999999999]],["L",["NI","MO"],[0.5942460398899962,0.39216402731990396]]]],
	"reference": "C-A58757"
}