{
    "components": [
        "MO",
        "NB",
        "NI"
    ],
    "phases": [
        "L",
        "L"
    ],
    "conditions": {
        "P": [
            101325
        ],
        "T": [
            1673,
            1673,
            1673,
            1673,
            1673,
            1673,
            1673,
            1673,
            1673,
            1673,
            1673,
            1673,
            1673,
            1673,
            1673,
            1673,
            1673,
            1673,
            1673,
            1673,
            1673,
            1673,
            1673,
            1673,
            1673,
            1673,
            1673,
            1673,
            1673,
            1673,
            1673,
            1673,
            1673,
            1673,
            1673,
            1673,
            1673,
            1673,
            1673,
            1673
        ]
    },
    "broadcast_conditions": false,
    "output": "ZPF",
    "values":
			[[["L",["NI","MO"],[0.922366289522716,0.005274991506785454]],["L",["NI","MO"],[0.9633981827289051,0.003194133948417499]]],
			[["L",["NI","MO"],[0.9184388260018639,0.010544229970002261]],["L",["NI","MO"],[0.9610418031606824,0.006385705599707081]]],
			[["L",["NI","MO"],[0.9145433959230675,0.015825614432209645]],["L",["NI","MO"],[0.9610418031606824,0.006385705599707081]]],
			[["L",["NI","MO"],[0.910667816256196,0.02111452549998083]],["L",["NI","MO"],[0.9586854235924599,0.009577277250996552]]],
			[["L",["NI","MO"],[0.9068052932469217,0.026408087238799283]],["L",["NI","MO"],[0.9563290440242372,0.012768848902286134]]],
			[["L",["NI","MO"],[0.9029802617460974,0.03171500313595155]],["L",["NI","MO"],[0.9539726644560146,0.015960420553575716]]],
			[["L",["NI","MO"],[0.8991552302452729,0.03702191903310392]],["L",["NI","MO"],[0.951616284887792,0.019151992204865187]]],
			[["L",["NI","MO"],[0.8953735680646919,0.04234335237121145]],["L",["NI","MO"],[0.9492599053195694,0.02234356385615477]]],
			[["L",["NI","MO"],[0.8915973790994155,0.04766661781274051]],["L",["NI","MO"],[0.9469035257513468,0.02553513550744424]]],
			[["L",["NI","MO"],[0.8878450268764265,0.05299738632570339]],["L",["NI","MO"],[0.9445471461831242,0.028726707158733822]]],
			[["L",["NI","MO"],[0.8841159014374034,0.05833546591402905]],["L",["NI","MO"],[0.9421907666149015,0.031918278810023404]]],
			[["L",["NI","MO"],[0.8803919773857124,0.06367508569672131]],["L",["NI","MO"],[0.9398343870466789,0.035109850461312986]]],
			[["L",["NI","MO"],[0.876708429290424,0.06902666129362522]],["L",["NI","MO"],[0.9374780074784562,0.03830142211260268]]],
			[["L",["NI","MO"],[0.8730248811951354,0.07437823689052947]],["L",["NI","MO"],[0.9351216279102337,0.04149299376389215]]],
			[["L",["NI","MO"],[0.8693725869086951,0.07973852113678659]],["L",["NI","MO"],[0.932765248342011,0.04468456541518173]]],
			[["L",["NI","MO"],[0.8657329518736583,0.08510233279252166]],["L",["NI","MO"],[0.9304088687737884,0.047876137066471314]]],
			[["L",["NI","MO"],[0.8621059333341661,0.09046945420288377]],["L",["NI","MO"],[0.9280524892055657,0.051067708717760896]]],
			[["L",["NI","MO"],[0.8585083876658804,0.09584430739355698]],["L",["NI","MO"],[0.9256961096373431,0.05425928036905048]]],
			[["L",["NI","MO"],[0.8549108419975947,0.1012191605842303]],["L",["NI","MO"],[0.9233397300691204,0.05745085202034006]]],
			[["L",["NI","MO"],[0.8513488990782285,0.10660281085359824]],["L",["NI","MO"],[0.9209833505008979,0.06064242367162953]]],
			[["L",["NI","MO"],[0.8477918777679432,0.11198767720272707]],["L",["NI","MO"],[0.9186269709326752,0.06383399532291911]]],
			[["L",["NI","MO"],[0.8442522062757221,0.1173765833320195]],["L",["NI","MO"],[0.9162705913644525,0.0670255669742087]]],
			[["L",["NI","MO"],[0.8407338377354211,0.12277044970021922]],["L",["NI","MO"],[0.9139142117962299,0.07021713862549828]]],
			[["L",["NI","MO"],[0.837215882424092,0.12816440677300167]],["L",["NI","MO"],[0.9115578322280072,0.07340871027678797]]],
			[["L",["NI","MO"],[0.833734771447375,0.13356645125065814]],["L",["NI","MO"],[0.9092014526597847,0.07660028192807744]]],
			[["L",["NI","MO"],[0.830253660470658,0.1389684957283146]],["L",["NI","MO"],[0.906845073091562,0.07979185357936702]]],
			[["L",["NI","MO"],[0.8267925888576719,0.14437468859487423]],["L",["NI","MO"],[0.9044886935233394,0.0829834252306566]]],
			[["L",["NI","MO"],[0.8233468681616571,0.14978405928556404]],["L",["NI","MO"],[0.9021323139551167,0.08617499688194619]]],
			[["L",["NI","MO"],[0.8199050135717013,0.1551941853236356]],["L",["NI","MO"],[0.8997759343868941,0.08936656853323577]]],
			[["L",["NI","MO"],[0.8164929791018156,0.16061013752096642]],["L",["NI","MO"],[0.8974195548186715,0.09255814018452524]]],
			[["L",["NI","MO"],[0.8130809446319299,0.16602608971829713]],["L",["NI","MO"],[0.895063175250449,0.09574971183581471]]],
			[["L",["NI","MO"],[0.8096899827435239,0.17144593005685094]],["L",["NI","MO"],[0.8927067956822263,0.09894128348710429]]],
			[["L",["NI","MO"],[0.806310004838308,0.17686779707058353]],["L",["NI","MO"],[0.8903504161140037,0.10213285513839387]]],
			[["L",["NI","MO"],[0.8029359647659984,0.18229069937677156]],["L",["NI","MO"],[0.887994036545781,0.10532442678968346]]],
			[["L",["NI","MO"],[0.799586485665246,0.18771788401776945]],["L",["NI","MO"],[0.8856376569775585,0.10851599844097293]]],
			[["L",["NI","MO"],[0.7962370065644935,0.19314506865876746]],["L",["NI","MO"],[0.8832812774093358,0.11170757009226251]]],
			[["L",["NI","MO"],[0.7929084970675419,0.19857571081279735]],["L",["NI","MO"],[0.8809248978411132,0.1148991417435522]]],
			[["L",["NI","MO"],[0.7895878344787365,0.20400764678179095]],["L",["NI","MO"],[0.8785685182728905,0.11809071339484178]]],
			[["L",["NI","MO"],[0.7862741380143315,0.20944067008113065]],["L",["NI","MO"],[0.8762121387046679,0.12128228504613137]]],
			[["L",["NI","MO"],[0.7829805690071658,0.2148768350405652]],["L",["NI","MO"],[0.8738557591364453,0.12447385669742084]]]],
	"reference": "C-A58757"
}