{
    "components": [
        "CR",
        "FE"
    ],
    "phases": [
        "LIQUID",
        "(CR,FE)"
    ],
    "conditions": {
        "P": 101325,
        "T": [
            
            2106.16,
            2076.6800000000003,
            2047.79,
            2019.64,
            1992.37,
            1966.11,
            1941.0,
            1917.18,
            1894.78,
            1873.96,
            1854.85,
            1837.57,
            1822.29,
            1809.12,
            1798.22,
            1789.71,
            1783.75,
            1784.81,
            1785.99,
            1787.27,
            1788.64,
            1790.09,
            1791.62,
            1793.2,
            1794.83,
            1796.49,
            1798.18,
            1799.88,
            1801.58,
            1803.27,
            1804.94,
            1806.57,
            1808.16
        ]
    },
    "output": "ZPF",
    "broadcast_conditions": false,
    "values":
			[
			[["LIQUID",["FE"],[0.043578]],["(CR,FE)",["FE"],[0.03451179834437071]]],
			[["LIQUID",["FE"],[0.0867501]],["(CR,FE)",["FE"],[0.06905449092996546]]],
			[["LIQUID",["FE"],[0.129668]],["(CR,FE)",["FE"],[0.10381642489093004]]],
			[["LIQUID",["FE"],[0.172484]],["(CR,FE)",["FE"],[0.1393065559825774]]],
			[["LIQUID",["FE"],[0.21535]],["(CR,FE)",["FE"],[0.17500266906267992]]],
			[["LIQUID",["FE"],[0.258419]],["(CR,FE)",["FE"],[0.2110304816498866]]],
			[["LIQUID",["FE"],[0.301841]],["(CR,FE)",["FE"],[0.24778943390711286]]],
			[["LIQUID",["FE"],[0.345769]],["(CR,FE)",["FE"],[0.2858593036571849]]],
			[["LIQUID",["FE"],[0.39035600000000004]],["(CR,FE)",["FE"],[0.32516822457627126]]],
			[["LIQUID",["FE"],[0.435753]],["(CR,FE)",["FE"],[0.36617263400293965]]],
			[["LIQUID",["FE"],[0.482111]],["(CR,FE)",["FE"],[0.409571974241557]]],
			[["LIQUID",["FE"],[0.5295839999999999]],["(CR,FE)",["FE"],[0.45627796351351363]]],
			[["LIQUID",["FE"],[0.5783229999999999]],["(CR,FE)",["FE"],[0.5085465000000006]]],
			[["LIQUID",["FE"],[0.6284810000000001]],["(CR,FE)",["FE"],[0.568759222222223]]],
			[["LIQUID",["FE"],[0.6802079999999999]],["(CR,FE)",["FE"],[0.6381260370370366]]],
			[["LIQUID",["FE"],[0.7336579999999999]],["(CR,FE)",["FE"],[0.7244331627906966]]],
			[["LIQUID",["FE"],[0.7889820000000001]],["(CR,FE)",["FE"],[1.0]]],
			[["LIQUID",["FE"],[0.801948]],["(CR,FE)",["FE"],[0.800331]]],
			[["LIQUID",["FE"],[0.815051]],["(CR,FE)",["FE"],[0.7792960634005746]]],
			[["LIQUID",["FE"],[0.828249]],["(CR,FE)",["FE"],[0.8895213440000007]]],
			[["LIQUID",["FE"],[0.841502]],["(CR,FE)",["FE"],[0.9016043032258072]]],
			[["LIQUID",["FE"],[0.854769]],["(CR,FE)",["FE"],[0.9124151451612893]]],
			[["LIQUID",["FE"],[0.8680070000000001]],["(CR,FE)",["FE"],[0.922493493087557]]],
			[["LIQUID",["FE"],[0.881176]],["(CR,FE)",["FE"],[0.9318220460829493]]],
			[["LIQUID",["FE"],[0.894235]],["(CR,FE)",["FE"],[0.9403944444444439]]],
			[["LIQUID",["FE"],[0.907142]],["(CR,FE)",["FE"],[0.9486437909407666]]],
			[["LIQUID",["FE"],[0.9198569999999999]],["(CR,FE)",["FE"],[0.9563983588850179]]],
			[["LIQUID",["FE"],[0.932337]],["(CR,FE)",["FE"],[0.9637048827160499]]],
			[["LIQUID",["FE"],[0.944543]],["(CR,FE)",["FE"],[0.9707131851851851]]],
			[["LIQUID",["FE"],[0.956432]],["(CR,FE)",["FE"],[0.9772218121546961]]],
			[["LIQUID",["FE"],[0.967963]],["(CR,FE)",["FE"],[0.9834737016574586]]],
			[["LIQUID",["FE"],[0.979096]],["(CR,FE)",["FE"],[0.9892894825870643]]],
			[["LIQUID",["FE"],[0.9897889999999999]],["(CR,FE)",["FE"],[0.9947302885572139]]]],
	"reference": "C900765"
}