{
    "components": [
        "CR",
        "FE"
    ],
    "phases": [
        "CR0.5FE0.5_136_TP30",
        "(CR,FE)"
    ],
    "conditions": {
        "P": 101325,
        "T": [
            1102.549,
            1098.746,
            1087.95,
            1071.08,
            1049.058,
            1022.804,
            993.236,
            961.275,
            927.842,
            893.857,
            860.238,
            827.908,
            797.784,
            770.789,
            747.841,
            729.86,
            717.768,
            712.483,
            719.1659999999999,
            732.326,
            751.075,
            774.5219999999999,
            801.781,
            831.96,
            864.173,
            897.529,
            931.14,
            964.118,
            995.573,
            1024.616,
            1050.359,
            1071.912,
            1088.388,
            1098.896
        ]
    },
    "output": "ZPF",
    "broadcast_conditions": false,
    "values":
			[[["CR0.5FE0.5_136_TP30",["FE"],[0.529546]],["(CR,FE)",["FE"],[0.5249092397550638]]],
			[["CR0.5FE0.5_136_TP30",["FE"],[0.537064]],["(CR,FE)",["FE"],[0.5684468341708543]]],
			[["CR0.5FE0.5_136_TP30",["FE"],[0.5431779999999999]],["(CR,FE)",["FE"],[0.6068440222222222]]],
			[["CR0.5FE0.5_136_TP30",["FE"],[0.547951]],["(CR,FE)",["FE"],[0.644234789532294]]],
			[["CR0.5FE0.5_136_TP30",["FE"],[0.551447]],["(CR,FE)",["FE"],[0.6793310740624016]]],
			[["CR0.5FE0.5_136_TP30",["FE"],[0.5537299999999999]],["(CR,FE)",["FE"],[0.713293248960739]]],
			[["CR0.5FE0.5_136_TP30",["FE"],[0.554864]],["(CR,FE)",["FE"],[0.7455757516666668]]],
			[["CR0.5FE0.5_136_TP30",["FE"],[0.554912]],["(CR,FE)",["FE"],[0.7754100549167116]]],
			[["CR0.5FE0.5_136_TP30",["FE"],[0.553938]],["(CR,FE)",["FE"],[0.802892733199905]]],
			[["CR0.5FE0.5_136_TP30",["FE"],[0.552007]],["(CR,FE)",["FE"],[0.8279531005490399]]],
			[["CR0.5FE0.5_136_TP30",["FE"],[0.549181]],["(CR,FE)",["FE"],[0.8503814524542769]]],
			[["CR0.5FE0.5_136_TP30",["FE"],[0.545525]],["(CR,FE)",["FE"],[0.8700284073619632]]],
			[["CR0.5FE0.5_136_TP30",["FE"],[0.541102]],["(CR,FE)",["FE"],[0.886816417308331]]],
			[["CR0.5FE0.5_136_TP30",["FE"],[0.535976]],["(CR,FE)",["FE"],[0.9007450653261815]]],
			[["CR0.5FE0.5_136_TP30",["FE"],[0.530212]],["(CR,FE)",["FE"],[0.9118425698660514]]],
			[["CR0.5FE0.5_136_TP30",["FE"],[0.523872]],["(CR,FE)",["FE"],[0.919770340127083]]],
			[["CR0.5FE0.5_136_TP30",["FE"],[0.5170210000000001]],["(CR,FE)",["FE"],[0.11536492630403077]]],
			[["CR0.5FE0.5_136_TP30",["FE"],[0.509722]],["(CR,FE)",["FE"],[0.11189500000000001]]],
			[["CR0.5FE0.5_136_TP30",["FE"],[0.508111]],["(CR,FE)",["FE"],[0.11628279895739597]]],
			[["CR0.5FE0.5_136_TP30",["FE"],[0.506489]],["(CR,FE)",["FE"],[0.12492314525087662]]],
			[["CR0.5FE0.5_136_TP30",["FE"],[0.504927]],["(CR,FE)",["FE"],[0.13734535432683437]]],
			[["CR0.5FE0.5_136_TP30",["FE"],[0.503497]],["(CR,FE)",["FE"],[0.15315358447629004]]],
			[["CR0.5FE0.5_136_TP30",["FE"],[0.502271]],["(CR,FE)",["FE"],[0.17205690341031396]]],
			[["CR0.5FE0.5_136_TP30",["FE"],[0.501321]],["(CR,FE)",["FE"],[0.19362027714693475]]],
			[["CR0.5FE0.5_136_TP30",["FE"],[0.500717]],["(CR,FE)",["FE"],[0.21754245806084735]]],
			[["CR0.5FE0.5_136_TP30",["FE"],[0.500532]],["(CR,FE)",["FE"],[0.24352503313194307]]],
			[["CR0.5FE0.5_136_TP30",["FE"],[0.500838]],["(CR,FE)",["FE"],[0.27127036288771134]]],
			[["CR0.5FE0.5_136_TP30",["FE"],[0.501706]],["(CR,FE)",["FE"],[0.3006043542824731]]],
			[["CR0.5FE0.5_136_TP30",["FE"],[0.503208]],["(CR,FE)",["FE"],[0.33141334974199366]]],
			[["CR0.5FE0.5_136_TP30",["FE"],[0.505415]],["(CR,FE)",["FE"],[0.3632248901506583]]],
			[["CR0.5FE0.5_136_TP30",["FE"],[0.5084000000000001]],["(CR,FE)",["FE"],[0.39567266897471415]]],
			[["CR0.5FE0.5_136_TP30",["FE"],[0.512234]],["(CR,FE)",["FE"],[0.4284953075203102]]],
			[["CR0.5FE0.5_136_TP30",["FE"],[0.516988]],["(CR,FE)",["FE"],[0.46266311446389063]]],
			[["CR0.5FE0.5_136_TP30",["FE"],[0.522735]],["(CR,FE)",["FE"],[0.49642659193913863]]]],
	"reference": "C900765"
}