{
    "components": [
        "CR",
        "FE"
    ],
    "phases": [
        "FE,NI_225_CF4",
        "(CR,FE)"
    ],
    "conditions": {
        "P": 101325,
        "T": [

            1178.179,
            1171.746,
            1165.5810000000001,
            1159.704,
            1154.136,
            1148.896,
            1144.0059999999999,
            1139.4850000000001,
            1135.353,
            1131.632,
            1128.341,
            1125.5,
            1123.1309999999999,
            1121.252,
            1119.886,
            1119.051,
            1118.768,
            1122.667,
            1133.862,
            1151.6019999999999,
            1175.137,
            1203.7150000000001,
            1236.5839999999998,
            1272.9940000000001,
            1312.19,
            1353.43,
            1395.96,
            1439.02,
            1481.86,
            1523.74,
            1563.9,
            1601.59,
            1636.06
        ]
    },
    "output": "ZPF",
    "broadcast_conditions": false,
    "values":
			[
			[["FE,NI_225_CF4",["FE"],[0.995627]],["(CR,FE)",["FE"],[null]]],
			[["FE,NI_225_CF4",["FE"],[0.9912529999999999]],["(CR,FE)",["FE"],[0.9943337901771837]]],
			[["FE,NI_225_CF4",["FE"],[0.9868779999999999]],["(CR,FE)",["FE"],[0.9912126431457879]]],
			[["FE,NI_225_CF4",["FE"],[0.9825]],["(CR,FE)",["FE"],[0.9877697567120046]]],
			[["FE,NI_225_CF4",["FE"],[0.97812]],["(CR,FE)",["FE"],[0.9841821037208668]]],
			[["FE,NI_225_CF4",["FE"],[0.9737359999999999]],["(CR,FE)",["FE"],[0.9803740513833992]]],
			[["FE,NI_225_CF4",["FE"],[0.969349]],["(CR,FE)",["FE"],[0.9761980403302636]]],
			[["FE,NI_225_CF4",["FE"],[0.9649559999999999]],["(CR,FE)",["FE"],[0.9718388621464694]]],
			[["FE,NI_225_CF4",["FE"],[0.960557]],["(CR,FE)",["FE"],[0.9672828645436197]]],
			[["FE,NI_225_CF4",["FE"],[0.956153]],["(CR,FE)",["FE"],[0.9625216799672042]]],
			[["FE,NI_225_CF4",["FE"],[0.951741]],["(CR,FE)",["FE"],[0.9575485880149813]]],
			[["FE,NI_225_CF4",["FE"],[0.9473220000000001]],["(CR,FE)",["FE"],[0.9523644640522876]]],
			[["FE,NI_225_CF4",["FE"],[0.942894]],["(CR,FE)",["FE"],[0.9469919393414209]]],
			[["FE,NI_225_CF4",["FE"],[0.938457]],["(CR,FE)",["FE"],[0.9414784999999997]]],
			[["FE,NI_225_CF4",["FE"],[0.934011]],["FE,NI_225_CF4",["FE"],[0.934011]]],
			[["FE,NI_225_CF4",["FE"],[0.929554]],["FE,NI_225_CF4",["FE"],[0.929554]]],
			[["FE,NI_225_CF4",["FE"],[0.925086]],["(CR,FE)",["FE"],[0.925086]]],
			[["FE,NI_225_CF4",["FE"],[0.913254]],["(CR,FE)",["FE"],[0.9100920160721286]]],
			[["FE,NI_225_CF4",["FE"],[0.903044]],["(CR,FE)",["FE"],[0.8963573255399002]]],
			[["FE,NI_225_CF4",["FE"],[0.894537]],["(CR,FE)",["FE"],[0.8843071593046846]]],
			[["FE,NI_225_CF4",["FE"],[0.8878149999999999]],["(CR,FE)",["FE"],[0.8742005550105644]]],
			[["FE,NI_225_CF4",["FE"],[0.882958]],["(CR,FE)",["FE"],[0.8662743632070864]]],
			[["FE,NI_225_CF4",["FE"],[0.88005]],["(CR,FE)",["FE"],[0.8607550537734748]]],
			[["FE,NI_225_CF4",["FE"],[0.879172]],["(CR,FE)",["FE"],[0.8578599713411689]]],
			[["FE,NI_225_CF4",["FE"],[0.880405]],["(CR,FE)",["FE"],[0.8577931492047461]]],
			[["FE,NI_225_CF4",["FE"],[0.883831]],["(CR,FE)",["FE"],[0.8607444546553809]]],
			[["FE,NI_225_CF4",["FE"],[0.889532]],["(CR,FE)",["FE"],[0.8668804971751412]]],
			[["FE,NI_225_CF4",["FE"],[0.89759]],["(CR,FE)",["FE"],[0.8763336686831085]]],
			[["FE,NI_225_CF4",["FE"],[0.908086]],["(CR,FE)",["FE"],[0.8891943205038488]]],
			[["FE,NI_225_CF4",["FE"],[0.9211020000000001]],["(CR,FE)",["FE"],[0.9054893777883247]]],
			[["FE,NI_225_CF4",["FE"],[0.936719]],["(CR,FE)",["FE"],[0.9251338897058824]]],
			[["FE,NI_225_CF4",["FE"],[0.95502]],["(CR,FE)",["FE"],[0.9478753297297297]]],
			[["FE,NI_225_CF4",["FE"],[0.976087]],["(CR,FE)",["FE"],[0.9731774958632101]]]],
	"reference": "C900765"
}