{
    "components": [
        "CR",
        "NB"
    ],
    "phases": [
        "NB0.04CR0.96_229_CI2",
        "NBCR2_227_CF24",
        "NBCR2_194_HP12",
        "LIQUID"
    ],
    "conditions": {
        "P": 101325,
        "T": [
            2165.2799999999997,
            973.912,
            974.534,
            976.077,
            977.627,
            977.628,
            979.184,
            980.746,
            982.312,
            982.314,
            983.881,
            983.884,
            985.453,
            985.455,
            987.025,
            987.028,
            988.597,
            988.6,
            990.168,
            990.171,
            991.736,
            991.74,
            993.301,
            993.305,
            994.861,
            994.866,
            996.415,
            996.42,
            997.963,
            997.968,
            999.484,
            1052.366,
            1052.382,
            1104.98,
            1104.996,
            1157.284,
            1157.301,
            1209.27,
            1209.287,
            1260.9299999999998,
            1260.9479999999999,
            1312.25,
            1312.27,
            1363.24,
            1363.26,
            1413.87,
            1413.89,
            1464.14,
            1464.16,
            1514.04,
            1514.06,
            1563.56,
            1563.58,
            1612.7,
            1612.73,
            1661.45,
            1661.47,
            1709.8,
            1709.82,
            1757.73,
            1757.75,
            1805.25,
            1805.27,
            1852.33,
            1854.52,
            1856.74,
            1858.98,
            1861.26,
            1863.55,
            1865.85,
            1868.16,
            1870.48,
            1870.48,
            1872.8,
            1872.8,
            1875.11,
            1875.11,
            1877.4,
            1877.41,
            1879.69,
            1879.69,
            1881.95,
            1881.96,
            1884.18,
            1884.19,
            1886.39,
            1886.4,
            1888.56,
            1888.57,
            1890.19,
            1905.0,
            1905.01,
            1920.42,
            1920.44,
            1936.02,
            1936.04,
            1951.79,
            1951.81,
            1967.73,
            1967.74,
            1983.81,
            1983.83,
            2000.05,
            2000.06,
            2016.43,
            2016.44,
            2032.94,
            2032.96,
            2049.59,
            2049.6,
            2066.35,
            2066.3599999999997,
            2083.23,
            2083.24,
            2100.2200000000003,
            2100.23,
            2117.31,
            2117.3199999999997,
            2134.5,
            2134.5,
            2151.77,
            2151.7799999999997
        ]
    },
    "output": "ZPF",
    "broadcast_conditions": false,
    "values":
			[[["NB0.04CR0.96_229_CI2",["NB"],[0.000381243]],["NBCR2_227_CF24",["NB"],[null]]],
			[["NB0.04CR0.96_229_CI2",["NB"],[0.00114375]],["NBCR2_227_CF24",["NB"],[null]]],
			[["NB0.04CR0.96_229_CI2",["NB"],[0.0011437700000000001]],["NBCR2_227_CF24",["NB"],[null]]],
			[["NB0.04CR0.96_229_CI2",["NB"],[0.00114404]],["NBCR2_227_CF24",["NB"],[null]]],
			[["NB0.04CR0.96_229_CI2",["NB"],[0.00114478]],["NBCR2_227_CF24",["NB"],[null]]],
			[["NB0.04CR0.96_229_CI2",["NB"],[0.00114478]],["NBCR2_227_CF24",["NB"],[null]]],
			[["NB0.04CR0.96_229_CI2",["NB"],[0.00114621]],["NBCR2_227_CF24",["NB"],[null]]],
			[["NB0.04CR0.96_229_CI2",["NB"],[0.00114858]],["NBCR2_227_CF24",["NB"],[null]]],
			[["NB0.04CR0.96_229_CI2",["NB"],[0.00115211]],["NBCR2_227_CF24",["NB"],[null]]],
			[["NB0.04CR0.96_229_CI2",["NB"],[0.00115212]],["NBCR2_227_CF24",["NB"],[null]]],
			[["NB0.04CR0.96_229_CI2",["NB"],[0.00115705]],["NBCR2_227_CF24",["NB"],[null]]],
			[["NB0.04CR0.96_229_CI2",["NB"],[0.0011570600000000001]],["NBCR2_227_CF24",["NB"],[null]]],
			[["NB0.04CR0.96_229_CI2",["NB"],[0.00116361]],["NBCR2_227_CF24",["NB"],[null]]],
			[["NB0.04CR0.96_229_CI2",["NB"],[0.00116363]],["NBCR2_227_CF24",["NB"],[null]]],
			[["NB0.04CR0.96_229_CI2",["NB"],[0.00117204]],["NBCR2_227_CF24",["NB"],[null]]],
			[["NB0.04CR0.96_229_CI2",["NB"],[0.00117206]],["NBCR2_227_CF24",["NB"],[null]]],
			[["NB0.04CR0.96_229_CI2",["NB"],[0.00118258]],["NBCR2_227_CF24",["NB"],[null]]],
			[["NB0.04CR0.96_229_CI2",["NB"],[0.0011826]],["NBCR2_227_CF24",["NB"],[null]]],
			[["NB0.04CR0.96_229_CI2",["NB"],[0.0011954399999999999]],["NBCR2_227_CF24",["NB"],[null]]],
			[["NB0.04CR0.96_229_CI2",["NB"],[0.00119548]],["NBCR2_227_CF24",["NB"],[null]]],
			[["NB0.04CR0.96_229_CI2",["NB"],[0.0012108800000000001]],["NBCR2_227_CF24",["NB"],[null]]],
			[["NB0.04CR0.96_229_CI2",["NB"],[0.00121092]],["NBCR2_227_CF24",["NB"],[null]]],
			[["NB0.04CR0.96_229_CI2",["NB"],[0.00122912]],["NBCR2_227_CF24",["NB"],[null]]],
			[["NB0.04CR0.96_229_CI2",["NB"],[0.00122917]],["NBCR2_227_CF24",["NB"],[null]]],
			[["NB0.04CR0.96_229_CI2",["NB"],[0.0012504]],["NBCR2_227_CF24",["NB"],[null]]],
			[["NB0.04CR0.96_229_CI2",["NB"],[0.0012504699999999998]],["NBCR2_227_CF24",["NB"],[null]]],
			[["NB0.04CR0.96_229_CI2",["NB"],[0.00127495]],["NBCR2_227_CF24",["NB"],[null]]],
			[["NB0.04CR0.96_229_CI2",["NB"],[0.00127504]],["NBCR2_227_CF24",["NB"],[null]]],
			[["NB0.04CR0.96_229_CI2",["NB"],[0.00130301]],["NBCR2_227_CF24",["NB"],[null]]],
			[["NB0.04CR0.96_229_CI2",["NB"],[0.00130312]],["NBCR2_227_CF24",["NB"],[null]]],
			[["NB0.04CR0.96_229_CI2",["NB"],[0.00133444]],["NBCR2_227_CF24",["NB"],[null]]],
			[["NB0.04CR0.96_229_CI2",["NB"],[0.00154974]],["NBCR2_227_CF24",["NB"],[null]]],
			[["NB0.04CR0.96_229_CI2",["NB"],[0.0015498600000000001]],["NBCR2_227_CF24",["NB"],[null]]],
			[["NB0.04CR0.96_229_CI2",["NB"],[0.00213538]],["NBCR2_227_CF24",["NB"],[null]]],
			[["NB0.04CR0.96_229_CI2",["NB"],[0.00213562]],["NBCR2_227_CF24",["NB"],[null]]],
			[["NB0.04CR0.96_229_CI2",["NB"],[0.0031013]],["NBCR2_227_CF24",["NB"],[null]]],
			[["NB0.04CR0.96_229_CI2",["NB"],[0.0031016700000000004]],["NBCR2_227_CF24",["NB"],[null]]],
			[["NB0.04CR0.96_229_CI2",["NB"],[0.0044575100000000005]],["NBCR2_227_CF24",["NB"],[null]]],
			[["NB0.04CR0.96_229_CI2",["NB"],[0.00445803]],["NBCR2_227_CF24",["NB"],[null]]],
			[["NB0.04CR0.96_229_CI2",["NB"],[0.00621405]],["NBCR2_227_CF24",["NB"],[0.31462933869908666]]],
			[["NB0.04CR0.96_229_CI2",["NB"],[0.00621472]],["NBCR2_227_CF24",["NB"],[0.31462859874246374]]],
			[["NB0.04CR0.96_229_CI2",["NB"],[0.00838093]],["NBCR2_227_CF24",["NB"],[0.3125132962005172]]],
			[["NB0.04CR0.96_229_CI2",["NB"],[0.00838178]],["NBCR2_227_CF24",["NB"],[0.3125124634971156]]],
			[["NB0.04CR0.96_229_CI2",["NB"],[0.010968199999999999]],["NBCR2_227_CF24",["NB"],[0.3103839282163452]]],
			[["NB0.04CR0.96_229_CI2",["NB"],[0.010969199999999998]],["NBCR2_227_CF24",["NB"],[0.31038308550407634]]],
			[["NB0.04CR0.96_229_CI2",["NB"],[0.0139858]],["NBCR2_227_CF24",["NB"],[0.3082440849075363]]],
			[["NB0.04CR0.96_229_CI2",["NB"],[0.013987099999999999]],["NBCR2_227_CF24",["NB"],[0.308243232252933]]],
			[["NB0.04CR0.96_229_CI2",["NB"],[0.017443900000000002]],["NBCR2_227_CF24",["NB"],[0.30609405767700876]]],
			[["NB0.04CR0.96_229_CI2",["NB"],[0.0174454]],["NBCR2_227_CF24",["NB"],[0.30609319451073985]]],
			[["NB0.04CR0.96_229_CI2",["NB"],[0.0213524]],["NBCR2_227_CF24",["NB"],[0.30393366454436926]]],
			[["NB0.04CR0.96_229_CI2",["NB"],[0.021354099999999997]],["NBCR2_227_CF24",["NB"],[0.3039327906884202]]],
			[["NB0.04CR0.96_229_CI2",["NB"],[0.025721400000000002]],["NBCR2_227_CF24",["NB"],[0.3017639655584312]]],
			[["NB0.04CR0.96_229_CI2",["NB"],[0.0257234]],["NBCR2_227_CF24",["NB"],[0.30176308162452714]]],
