{
    "components": [
        "CR",
        "NB"
    ],
    "phases": [
        "NBCR2_194_HP12",
        "LIQUID",
        "NB0.04CR0.96_229_CI2",
        "NBCR2_227_CF24"
    ],
    "conditions": {
        "P": 101325,
        "T": [
            1921.81,
            1897.63,
            1891.37,
            1885.46,
            1879.9,
            1874.71,
            1869.88,
            1865.42,
            1861.33,
            1857.61,
            1854.27,
            1851.31,
            1848.73,
            1846.55,
            1844.75,
            1843.34,
            1842.34,
            1841.73,
            1841.53,
            1841.57,
            1841.69,
            1841.9,
            1842.18,
            1842.54,
            1842.98,
            1843.49,
            1844.06,
            1844.71,
            1845.42,
            1846.19,
            1847.02,
            1847.91,
            1848.86,
            1849.86,
            1850.91,
            1852.02,
            1890.33,
            1903.18,
            1915.15,
            1926.27,
            1936.54,
            1945.98,
            1954.6,
            1962.4,
            1969.41,
            1975.63,
            1981.07,
            1985.75,
            1989.68,
            1992.86,
            1995.32,
            1997.06,
            1998.1,
            1998.44,
            1998.15,
            1997.28,
            1995.85,
            1993.85,
            1991.31,
            1988.24,
            1984.63,
            1980.51,
            1975.88,
            1970.76,
            1965.14,
            1959.06,
            1952.5,
            1945.49,
            1938.03,
            1930.13
        ]
    },
    "output": "ZPF",
    "broadcast_conditions": false,
    "values":
			[[["NBCR2_194_HP12",["NB"],[0.348647]],["NB0.04CR0.96_229_CI2",["NB"],[0.7468996428571429]]],
			[["NBCR2_194_HP12",["NB"],[0.34826500000000005]],["NBCR2_227_CF24",["NB"],[0.353412]]],
			[["NBCR2_194_HP12",["NB"],[0.34695099999999995]],["NBCR2_227_CF24",["NB"],[0.3517414539249146]]],
			[["NBCR2_194_HP12",["NB"],[0.345567]],["NBCR2_227_CF24",["NB"],[0.3500030163339383]]],
			[["NBCR2_194_HP12",["NB"],[0.344111]],["NBCR2_227_CF24",["NB"],[0.3481908723404256]]],
			[["NBCR2_194_HP12",["NB"],[0.342585]],["NBCR2_227_CF24",["NB"],[0.34631711825726136]]],
			[["NBCR2_194_HP12",["NB"],[0.34098799999999996]],["NBCR2_227_CF24",["NB"],[0.34437862780269074]]],
			[["NBCR2_194_HP12",["NB"],[0.339322]],["NBCR2_227_CF24",["NB"],[0.3423746097560976]]],
			[["NBCR2_194_HP12",["NB"],[0.33758499999999997]],["NBCR2_227_CF24",["NB"],[0.34030890884718495]]],
			[["NBCR2_194_HP12",["NB"],[0.335779]],["NBCR2_227_CF24",["NB"],[0.3381778392857143]]],
			[["NBCR2_194_HP12",["NB"],[0.333904]],["NBCR2_227_CF24",["NB"],[0.33598724832214755]]],
			[["NBCR2_194_HP12",["NB"],[0.33196]],["NBCR2_227_CF24",["NB"],[0.3337345615384614]]],
			[["NBCR2_194_HP12",["NB"],[0.32994599999999996]],["NBCR2_227_CF24",["NB"],[0.3314197297297299]]],
			[["NBCR2_194_HP12",["NB"],[0.327864]],["NBCR2_227_CF24",["NB"],[0.32906809890109867]]],
			[["NBCR2_194_HP12",["NB"],[0.32571300000000003]],["NBCR2_227_CF24",["NB"],[0.3266384405594407]]],
			[["NBCR2_194_HP12",["NB"],[0.323495]],["NBCR2_227_CF24",["NB"],[0.3241520097087374]]],
			[["NBCR2_194_HP12",["NB"],[0.32120800000000005]],["NBCR2_227_CF24",["NB"],[0.3216599516129033]]],
			[["NBCR2_194_HP12",["NB"],[0.318854]],["NBCR2_227_CF24",["NB"],[0.319095]]],
			[["NBCR2_194_HP12",["NB"],[0.316432]],["NBCR2_227_CF24",["NB"],[0.316432]]],
			[["NBCR2_194_HP12",["NB"],[0.315216]],["NBCR2_227_CF24",["NB"],[0.3146033333333342]]],
			[["NBCR2_194_HP12",["NB"],[0.313928]],["NBCR2_227_CF24",["NB"],[0.312913]]],
			[["NBCR2_194_HP12",["NB"],[0.312577]],["NBCR2_227_CF24",["NB"],[0.31110999999999916]]],
			[["NBCR2_194_HP12",["NB"],[0.311168]],["NBCR2_227_CF24",["NB"],[0.3093735357142852]]],
			[["NBCR2_194_HP12",["NB"],[0.309711]],["NBCR2_227_CF24",["NB"],[0.3076449722222226]]],
			[["NBCR2_194_HP12",["NB"],[0.308211]],["NBCR2_227_CF24",["NB"],[0.30591758139534864]]],
			[["NBCR2_194_HP12",["NB"],[0.306677]],["NBCR2_227_CF24",["NB"],[0.3042037599999997]]],
			[["NBCR2_194_HP12",["NB"],[0.305115]],["NBCR2_227_CF24",["NB"],[0.3025461379310348]]],
			[["NBCR2_194_HP12",["NB"],[0.303535]],["NBCR2_227_CF24",["NB"],[0.30089602985074604]]],
			[["NBCR2_194_HP12",["NB"],[0.301942]],["NBCR2_227_CF24",["NB"],[0.299277973333333]]],
			[["NBCR2_194_HP12",["NB"],[0.300344]],["NBCR2_227_CF24",["NB"],[0.29769201190476186]]],
			[["NBCR2_194_HP12",["NB"],[0.29875]],["NBCR2_227_CF24",["NB"],[0.2961296451612903]]],
			[["NBCR2_194_HP12",["NB"],[0.297165]],["NBCR2_227_CF24",["NB"],[0.2945828823529409]]],
			[["NBCR2_194_HP12",["NB"],[0.295599]],["NBCR2_227_CF24",["NB"],[0.2930466306306307]]],
			[["NBCR2_194_HP12",["NB"],[0.294057]],["NBCR2_227_CF24",["NB"],[0.29154127868852475]]],
			[["NBCR2_194_HP12",["NB"],[0.292548]],["NB0.04CR0.96_229_CI2",["NB"],[0.061944766298342564]]],
			[["NBCR2_194_HP12",["NB"],[0.29107900000000003]],["NB0.04CR0.96_229_CI2",["NB"],[0.062117858839779015]]],
			[["NBCR2_194_HP12",["NB"],[0.29107900000000003]],["LIQUID",["NB"],[null]]],
			[["NBCR2_194_HP12",["NB"],[0.293835]],["LIQUID",["NB"],[0.18630437421665175]]],
			[["NBCR2_194_HP12",["NB"],[0.296522]],["LIQUID",["NB"],[0.19576739468690715]]],
			[["NBCR2_194_HP12",["NB"],[0.29913900000000004]],["LIQUID",["NB"],[0.2051117848484848]]],
			[["NBCR2_194_HP12",["NB"],[0.30168700000000004]],["LIQUID",["NB"],[0.21433069762419005]]],
			[["NBCR2_194_HP12",["NB"],[0.304168]],["LIQUID",["NB"],[0.22343327357392317]]],
			[["NBCR2_194_HP12",["NB"],[0.306582]],["LIQUID",["NB"],[0.23243707964601756]]],
			[["NBCR2_194_HP12",["NB"],[0.308931]],["LIQUID",["NB"],[0.2413312271468146]]],
			[["NBCR2_194_HP12",["NB"],[0.311215]],["LIQUID",["NB"],[0.2501344417177916]]],
			[["NBCR2_194_HP12",["NB"],[0.31343499999999996]],["LIQUID",["NB"],[0.25883137241379334]]],
			[["NBCR2_194_HP12",["NB"],[0.315593]],["LIQUID",["NB"],[0.26741380867850073]]],
			[["NBCR2_194_HP12",["NB"],[0.31768799999999997]],["LIQUID",["NB"],[0.2758709538106236]]],
			[["NBCR2_194_HP12",["NB"],[0.319723]],["LIQUID",["NB"],[0.28417636974789945]]],
			[["NBCR2_194_HP12",["NB"],[0.321697]],["LIQUID",["NB"],[0.29220030252100787]]],
			[["NBCR2_194_HP12",["NB"],[0.32361199999999996]],["LIQUID",["NB"],[0.3001246142857139]]],
			[["NBCR2_194_HP12",["NB"],[0.325469]],["LIQUID",["NB"],[0.30751593069306893]]],
			[["NBCR2_194_HP12",["NB"],[0.32726900000000003]],["LIQUID",["NB"],[0.3133788852459007]]],
			[["NBCR2_194_HP12",["NB"],[0.329013]],["LIQUID",["NB"],[0.3159430983606558]]],
			[["NBCR2_194_HP12",["NB"],[0.330473]],["LIQUID",["NB"],[0.31375597540983646]]],
			[["NBCR2_194_HP12",["NB"],[0.33189399999999997]],["LIQUID",["NB"],[0.3531294354838718]]],
			[["NBCR2_194_HP12",["NB"],[0.33327599999999996]],["LIQUID",["NB"],[0.3604016206896561]]],
			[["NBCR2_194_HP12",["NB"],[0.334619]],["LIQUID",["NB"],[0.3684958274336291]]],
			[["NBCR2_194_HP12",["NB"],[0.335923]],["LIQUID",["NB"],[0.3768644731182797]]],
			[["NBCR2_194_HP12",["NB"],[0.33718899999999996]],["LIQUID",["NB"],[0.3853650481927709]]],
			[["NBCR2_194_HP12",["NB"],[0.338417]],["LIQUID",["NB"],[0.3939632487046631]]],
			[["NBCR2_194_HP12",["NB"],[0.33960700000000005]],["LIQUID",["NB"],[0.40255279365079377]]],
			[["NBCR2_194_HP12",["NB"],[0.340759]],["LIQUID",["NB"],[0.4111134697580643]]],
			[["NBCR2_194_HP12",["NB"],[0.34187399999999996]],["LIQUID",["NB"],[0.41961968716094034]]],
			[["NBCR2_194_HP12",["NB"],[0.342951]],["LIQUID",["NB"],[0.4280845573770491]]],
			[["NBCR2_194_HP12",["NB"],[0.343992]],["LIQUID",["NB"],[0.43644838266068775]]],
			[["NBCR2_194_HP12",["NB"],[0.344995]],["LIQUID",["NB"],[0.44474028159340667]]],
