{
    "components": [
        "CR",
        "NB"
    ],
    "phases": [
        "LIQUID",
        "NB0.04CR0.96_229_CI2",
        "NBCR2_194_HP12"
    ],
    "conditions": {
        "P": 101325,
        "T": [
            2170.02,
            2154.92,
            2154.92,
            2139.4300000000003,
            2139.42,
            2123.8,
            2123.8,
            2108.04,
            2108.04,
            2092.1400000000003,
            2092.1400000000003,
            2076.12,
            2076.12,
            2059.96,
            2059.96,
            2043.67,
            2043.66,
            2027.24,
            2027.24,
            2010.69,
            2010.68,
            1994.0,
            1993.99,
            1977.18,
            1977.17,
            1960.22,
            1960.22,
            1943.13,
            1943.13,
            1925.91,
            1925.91,
            1908.56,
            1908.56,
            1891.41,
            1902.9,
            1902.91,
            1914.08,
            1914.09,
            1924.63,
            1924.64,
            1934.54,
            1934.55,
            1943.81,
            1943.82,
            1952.41,
            1952.42,
            1960.33,
            1960.34,
            1967.56,
            1967.57,
            1974.09,
            1974.1,
            1979.9,
            1979.91,
            1984.98,
            1984.99,
            1989.32,
            1989.32,
            1992.89,
            1992.9,
            1995.7,
            1995.7,
            1997.72,
            1997.72,
            1998.94,
            1998.95,
            1999.36,
            1999.36,
            1999.11,
            1999.11,
            1998.38,
            1998.38,
            1997.14,
            1997.14,
            1995.4,
            1995.4,
            1993.14,
            1993.14,
            1990.35,
            1990.35,
            1987.03,
            1987.03,
            1983.17,
            1983.17,
            1978.76,
            1978.75,
            1973.79,
            1973.78,
            1968.25,
            1968.24,
            1962.14,
            1962.13,
            1955.44,
            1955.43,
            1948.15,
            1948.14,
            1940.26,
            1940.25,
            1931.76,
            1931.75,
            1922.88,
            1983.9,
            1983.92,
            2043.72,
            2043.73,
            2101.91,
            2101.92,
            2158.5,
            2158.51,
            2213.48,
            2213.49,
            2266.8599999999997,
            2266.87,
            2318.6400000000003,
            2318.65,
            2368.83,
            2368.84,
            2417.42,
            2417.43,
            2464.42,
            2464.43,
            2509.83,
            2509.84,
            2553.67,
            2553.67,
            2595.92,
            2595.93,
            2636.59,
            2636.6,
            2675.7,
            2675.7,
            2713.23,
            2713.24,
            2748.95
        ]
    },
    "output": "ZPF",
    "broadcast_conditions": false,
    "values":
			[[["LIQUID",["NB"],[0.000381243]],["NB0.04CR0.96_229_CI2",["NB"],[null]]],
			[["LIQUID",["NB"],[0.0108466]],["NB0.04CR0.96_229_CI2",["NB"],[0.0023454122829629437]]],
			[["LIQUID",["NB"],[0.010848199999999999]],["NB0.04CR0.96_229_CI2",["NB"],[0.0023454122829629437]]],
			[["LIQUID",["NB"],[0.0214705]],["NB0.04CR0.96_229_CI2",["NB"],[0.005330446653155748]]],
			[["LIQUID",["NB"],[0.021472099999999997]],["NB0.04CR0.96_229_CI2",["NB"],[0.005332382177185856]]],
			[["LIQUID",["NB"],[0.0320672]],["NB0.04CR0.96_229_CI2",["NB"],[0.008406544854481956]]],
			[["LIQUID",["NB"],[0.0320688]],["NB0.04CR0.96_229_CI2",["NB"],[0.008406544854481956]]],
			[["LIQUID",["NB"],[0.0426368]],["NB0.04CR0.96_229_CI2",["NB"],[0.011577693237704922]]],
			[["LIQUID",["NB"],[0.0426384]],["NB0.04CR0.96_229_CI2",["NB"],[0.011577693237704922]]],
			[["LIQUID",["NB"],[0.053179699999999996]],["NB0.04CR0.96_229_CI2",["NB"],[0.01485722909305063]]],
			[["LIQUID",["NB"],[0.0531813]],["NB0.04CR0.96_229_CI2",["NB"],[0.01485722909305063]]],
			[["LIQUID",["NB"],[0.063696]],["NB0.04CR0.96_229_CI2",["NB"],[0.01825151055127447]]],
			[["LIQUID",["NB"],[0.06369760000000001]],["NB0.04CR0.96_229_CI2",["NB"],[0.01825151055127447]]],
			[["LIQUID",["NB"],[0.0741861]],["NB0.04CR0.96_229_CI2",["NB"],[0.02177683080597012]]],
			[["LIQUID",["NB"],[0.07418759999999999]],["NB0.04CR0.96_229_CI2",["NB"],[0.02177683080597012]]],
			[["LIQUID",["NB"],[0.08465]],["NB0.04CR0.96_229_CI2",["NB"],[0.025443710042092577]]],
			[["LIQUID",["NB"],[0.08465149999999999]],["NB0.04CR0.96_229_CI2",["NB"],[0.0254460085387853]]],
			[["LIQUID",["NB"],[0.09508810000000001]],["NB0.04CR0.96_229_CI2",["NB"],[0.029265007272727284]]],
			[["LIQUID",["NB"],[0.0950896]],["NB0.04CR0.96_229_CI2",["NB"],[0.029265007272727284]]],
			[["LIQUID",["NB"],[0.10550100000000001]],["NB0.04CR0.96_229_CI2",["NB"],[0.03325552638973732]]],
			[["LIQUID",["NB"],[0.105502]],["NB0.04CR0.96_229_CI2",["NB"],[0.03325799437996333]]],
			[["LIQUID",["NB"],[0.115888]],["NB0.04CR0.96_229_CI2",["NB"],[0.037433852712700354]]],
			[["LIQUID",["NB"],[0.115889]],["NB0.04CR0.96_229_CI2",["NB"],[0.0374364172626387]]],
			[["LIQUID",["NB"],[0.12625]],["NB0.04CR0.96_229_CI2",["NB"],[0.04181412258867453]]],
			[["LIQUID",["NB"],[0.126251]],["NB0.04CR0.96_229_CI2",["NB"],[0.041816790043559406]]],
			[["LIQUID",["NB"],[0.136587]],["NB0.04CR0.96_229_CI2",["NB"],[0.04642149302763818]]],
			[["LIQUID",["NB"],[0.136588]],["NB0.04CR0.96_229_CI2",["NB"],[0.04642149302763818]]],
			[["LIQUID",["NB"],[0.146899]],["NB0.04CR0.96_229_CI2",["NB"],[0.05126937587301583]]],
			[["LIQUID",["NB"],[0.1469]],["NB0.04CR0.96_229_CI2",["NB"],[0.05126937587301583]]],
			[["LIQUID",["NB"],[0.157187]],["NB0.04CR0.96_229_CI2",["NB"],[0.05638415006418484]]],
			[["LIQUID",["NB"],[0.157188]],["NB0.04CR0.96_229_CI2",["NB"],[0.05638415006418484]]],
			[["LIQUID",["NB"],[0.16745000000000002]],["NB0.04CR0.96_229_CI2",["NB"],[0.06178805100584039]]],
			[["LIQUID",["NB"],[0.16745200000000002]],["NB0.04CR0.96_229_CI2",["NB"],[0.06178805100584039]]],
			[["LIQUID",["NB"],[0.177493]],["NBCR2_194_HP12",["NB"],[0.29131063268482493]]],
			[["LIQUID",["NB"],[0.186085]],["NBCR2_194_HP12",["NB"],[0.2937749470817121]]],
			[["LIQUID",["NB"],[0.186092]],["NBCR2_194_HP12",["NB"],[0.2937770918287938]]],
			[["LIQUID",["NB"],[0.194878]],["NBCR2_194_HP12",["NB"],[0.2962818086883876]]],
			[["LIQUID",["NB"],[0.19488499999999997]],["NBCR2_194_HP12",["NB"],[0.2962840534670008]]],
			[["LIQUID",["NB"],[0.203659]],["NBCR2_194_HP12",["NB"],[0.29875303956834537]]],
			[["LIQUID",["NB"],[0.20366800000000002]],["NBCR2_194_HP12",["NB"],[0.29875539298561155]]],
			[["LIQUID",["NB"],[0.21243700000000001]],["NBCR2_194_HP12",["NB"],[0.3011907974683544]]],
			[["LIQUID",["NB"],[0.212446]],["NBCR2_194_HP12",["NB"],[0.3011932784810127]]],
			[["LIQUID",["NB"],[0.221216]],["NBCR2_194_HP12",["NB"],[0.3035976853813559]]],
			[["LIQUID",["NB"],[0.22122599999999998]],["NBCR2_194_HP12",["NB"],[0.303600313559322]]],
			[["LIQUID",["NB"],[0.230004]],["NBCR2_194_HP12",["NB"],[0.3059686983758701]]],
			[["LIQUID",["NB"],[0.230014]],["NBCR2_194_HP12",["NB"],[0.30597149883990726]]],
			[["LIQUID",["NB"],[0.23880600000000002]],["NBCR2_194_HP12",["NB"],[0.30830761153846153]]],
			[["LIQUID",["NB"],[0.23881699999999997]],["NBCR2_194_HP12",["NB"],[0.30831062307692303]]],
			[["LIQUID",["NB"],[0.247629]],["NBCR2_194_HP12",["NB"],[0.3106122325249643]]],
			[["LIQUID",["NB"],[0.24764]],["NBCR2_194_HP12",["NB"],[0.31061549072753203]]],
			[["LIQUID",["NB"],[0.256479]],["NBCR2_194_HP12",["NB"],[0.3128853536977491]]],
