{
    "components": [
        "CR",
        "NB"
    ],
    "phases": [
        "NB0.04CR0.96_229_CI2",
        "LIQUID",
        "NBCR2_194_HP12",
        "NBCR2_227_CF24"
    ],
    "conditions": {
        "P": 101325,
        "T": [
            2745.93,
            2698.92,
            2650.36,
            2602.05,
            2553.91,
            2505.91,
            2457.98,
            2410.09,
            2362.17,
            2314.17,
            2266.04,
            2266.04,
            2217.73,
            2217.73,
            2169.2,
            2169.19,
            2120.37,
            2120.3599999999997,
            2071.2200000000003,
            2071.2,
            2021.67,
            2021.65,
            1971.69,
            1971.67,
            1921.94,
            1921.1,
            1921.09,
            1919.69,
            1919.69,
            1918.32,
            1918.32,
            1916.96,
            1916.96,
            1915.62,
            1915.61,
            1914.28,
            1914.28,
            1912.94,
            1912.94,
            1911.6,
            1911.59,
            1910.25,
            1910.24,
            1908.87,
            1908.87,
            1907.48,
            1907.47,
            1906.05,
            1906.05,
            1904.59,
            1904.58,
            1903.09,
            1903.08,
            1901.54,
            1901.53,
            1899.93,
            1899.92,
            1898.28,
            1853.44,
            1853.42,
            1807.55,
            1807.53,
            1760.65,
            1760.62,
            1712.74,
            1712.71,
            1663.83,
            1663.8,
            1613.92,
            1613.89,
            1563.01,
            1562.98,
            1511.1,
            1511.07,
            1458.2,
            1458.17,
            1404.32,
            1404.28,
            1349.44,
            1349.41,
            1293.5900000000001,
            1293.55,
            1236.75,
            1236.716,
            1178.935,
            1178.9009999999998,
            1120.146,
            1120.1109999999999,
            1060.385,
            1060.35,
            999.655,
            998.115,
            996.576,
            995.029,
            993.476,
            991.917,
            990.354,
            988.787,
            987.218,
            985.649,
            984.079,
            982.511,
            980.946,
            979.383,
            979.381,
            977.825,
            976.273,
            976.27,
            974.728,
            973.912,
            973.912
        ]
    },
    "output": "ZPF",
    "broadcast_conditions": false,
    "values":
			[[["NB0.04CR0.96_229_CI2",["NB"],[0.999619]],["LIQUID",["NB"],[null]]],
			[["NB0.04CR0.96_229_CI2",["NB"],[0.9825149999999999]],["LIQUID",["NB"],[0.9543213525179859]]],
			[["NB0.04CR0.96_229_CI2",["NB"],[0.965831]],["LIQUID",["NB"],[0.9130104306905373]]],
			[["NB0.04CR0.96_229_CI2",["NB"],[0.950085]],["LIQUID",["NB"],[0.8742322759468767]]],
			[["NB0.04CR0.96_229_CI2",["NB"],[0.935132]],["LIQUID",["NB"],[0.8376492809467453]]],
			[["NB0.04CR0.96_229_CI2",["NB"],[0.920826]],["LIQUID",["NB"],[0.8031101779735682]]],
			[["NB0.04CR0.96_229_CI2",["NB"],[0.907022]],["LIQUID",["NB"],[0.770189513087891]]],
			[["NB0.04CR0.96_229_CI2",["NB"],[0.893572]],["LIQUID",["NB"],[0.7387077762453685]]],
			[["NB0.04CR0.96_229_CI2",["NB"],[0.8803329999999999]],["LIQUID",["NB"],[0.7084845312873655]]],
			[["NB0.04CR0.96_229_CI2",["NB"],[0.867157]],["LIQUID",["NB"],[0.6793774703496233]]],
			[["NB0.04CR0.96_229_CI2",["NB"],[0.8539]],["LIQUID",["NB"],[0.651255097620386]]],
			[["NB0.04CR0.96_229_CI2",["NB"],[0.853899]],["LIQUID",["NB"],[0.651255097620386]]],
			[["NB0.04CR0.96_229_CI2",["NB"],[0.840416]],["LIQUID",["NB"],[0.6241012025482481]]],
			[["NB0.04CR0.96_229_CI2",["NB"],[0.840414]],["LIQUID",["NB"],[0.6241012025482481]]],
			[["NB0.04CR0.96_229_CI2",["NB"],[0.826558]],["LIQUID",["NB"],[0.5977651955612152]]],
			[["NB0.04CR0.96_229_CI2",["NB"],[0.826555]],["LIQUID",["NB"],[0.5977597875204658]]],
			[["NB0.04CR0.96_229_CI2",["NB"],[0.812182]],["LIQUID",["NB"],[0.5721245217391303]]],
			[["NB0.04CR0.96_229_CI2",["NB"],[0.812178]],["LIQUID",["NB"],[0.57211931495228]]],
			[["NB0.04CR0.96_229_CI2",["NB"],[0.797141]],["LIQUID",["NB"],[0.5471141949123409]]],
			[["NB0.04CR0.96_229_CI2",["NB"],[0.797136]],["LIQUID",["NB"],[0.5471041598487453]]],
			[["NB0.04CR0.96_229_CI2",["NB"],[0.78129]],["LIQUID",["NB"],[0.5226505108695653]]],
			[["NB0.04CR0.96_229_CI2",["NB"],[0.781284]],["LIQUID",["NB"],[0.5226408369565217]]],
			[["NB0.04CR0.96_229_CI2",["NB"],[0.764482]],["LIQUID",["NB"],[0.498688]]],
			[["NB0.04CR0.96_229_CI2",["NB"],[0.7644759999999999]],["LIQUID",["NB"],[0.49867866666666666]]],
			[["NB0.04CR0.96_229_CI2",["NB"],[0.7468300000000001]],["NBCR2_194_HP12",["NB"],[0.348633578125]]],
			[["NB0.04CR0.96_229_CI2",["NB"],[0.7472799999999999]],["NBCR2_194_HP12",["NB"],[0.34863578329197686]]],
			[["NB0.04CR0.96_229_CI2",["NB"],[0.747281]],["NBCR2_194_HP12",["NB"],[0.3486356253101737]]],
			[["NB0.04CR0.96_229_CI2",["NB"],[0.748022]],["NBCR2_194_HP12",["NB"],[0.3486135078577337]]],
			[["NB0.04CR0.96_229_CI2",["NB"],[0.748023]],["NBCR2_194_HP12",["NB"],[0.3486135078577337]]],
			[["NB0.04CR0.96_229_CI2",["NB"],[0.748744]],["NBCR2_194_HP12",["NB"],[0.34859186435070305]]],
			[["NB0.04CR0.96_229_CI2",["NB"],[0.748746]],["NBCR2_194_HP12",["NB"],[0.34859186435070305]]],
			[["NB0.04CR0.96_229_CI2",["NB"],[0.749449]],["NBCR2_194_HP12",["NB"],[0.3485703788254756]]],
			[["NB0.04CR0.96_229_CI2",["NB"],[0.749451]],["NBCR2_194_HP12",["NB"],[0.3485703788254756]]],
			[["NB0.04CR0.96_229_CI2",["NB"],[0.7501390000000001]],["NBCR2_194_HP12",["NB"],[0.3485492092638544]]],
			[["NB0.04CR0.96_229_CI2",["NB"],[0.750141]],["NBCR2_194_HP12",["NB"],[0.34854905128205127]]],
			[["NB0.04CR0.96_229_CI2",["NB"],[0.7508159999999999]],["NBCR2_194_HP12",["NB"],[0.3485280397022333]]],
			[["NB0.04CR0.96_229_CI2",["NB"],[0.750818]],["NBCR2_194_HP12",["NB"],[0.3485280397022333]]],
			[["NB0.04CR0.96_229_CI2",["NB"],[0.751482]],["NBCR2_194_HP12",["NB"],[0.3485068701406121]]],
			[["NB0.04CR0.96_229_CI2",["NB"],[0.7514839999999999]],["NBCR2_194_HP12",["NB"],[0.3485068701406121]]],
			[["NB0.04CR0.96_229_CI2",["NB"],[0.752139]],["NBCR2_194_HP12",["NB"],[0.34848570057899086]]],
			[["NB0.04CR0.96_229_CI2",["NB"],[0.7521420000000001]],["NBCR2_194_HP12",["NB"],[0.3484855425971877]]],
			[["NB0.04CR0.96_229_CI2",["NB"],[0.7527889999999999]],["NBCR2_194_HP12",["NB"],[0.3484643730355666]]],
			[["NB0.04CR0.96_229_CI2",["NB"],[0.752792]],["NBCR2_194_HP12",["NB"],[0.34846421505376346]]],
			[["NB0.04CR0.96_229_CI2",["NB"],[0.7534350000000001]],["NBCR2_194_HP12",["NB"],[0.34844257154673286]]],
			[["NB0.04CR0.96_229_CI2",["NB"],[0.753438]],["NBCR2_194_HP12",["NB"],[0.34844257154673286]]],
			[["NB0.04CR0.96_229_CI2",["NB"],[0.7540779999999999]],["NBCR2_194_HP12",["NB"],[0.348420612076096]]],
			[["NB0.04CR0.96_229_CI2",["NB"],[0.754081]],["NBCR2_194_HP12",["NB"],[0.34842045409429284]]],
			[["NB0.04CR0.96_229_CI2",["NB"],[0.75472]],["NBCR2_194_HP12",["NB"],[0.3483980206782465]]],
			[["NB0.04CR0.96_229_CI2",["NB"],[0.754723]],["NBCR2_194_HP12",["NB"],[0.3483980206782465]]],
			[["NB0.04CR0.96_229_CI2",["NB"],[0.755364]],["NBCR2_194_HP12",["NB"],[0.3483749553349876]]],
			[["NB0.04CR0.96_229_CI2",["NB"],[0.755367]],["NBCR2_194_HP12",["NB"],[0.34837479735318444]]],
			[["NB0.04CR0.96_229_CI2",["NB"],[0.756011]],["NBCR2_227_CF24",["NB"],[null]]],
			[["NB0.04CR0.96_229_CI2",["NB"],[0.756014]],["NBCR2_227_CF24",["NB"],[null]]],
			[["NB0.04CR0.96_229_CI2",["NB"],[0.756664]],["NBCR2_227_CF24",["NB"],[null]]],
