{
    "components": [
        "CR",
        "FE",
        "NB"
    ],
    "phases": [
        "NBFE2",
        "NBCR2RT",
        "NB6.33FE6.67",
        "CR0.48FE0.52HT"
    ],
    "conditions": {
        "P": [
            101325
        ],
        "T": [
            973,
            973,
            973,
            973,
            973,
            973,
            973,
            973,
            973,
            973,
            973,
            973,
            973,
            973,
            973,
            973,
            973,
            973,
            973,
            973,
            973,
            973,
            973,
            973,
            973,
            973,
            973,
            973,
            973,
            973,
            973,
            973,
            973,
            973,
            973,
            973,
            973,
            973,
            973,
            973,
            973,
            973
        ]
    },
    "broadcast_conditions": false,
    "output": "ZPF",
    "values":
			[[["NBFE2",["NB","CR"],[0.378822949209688,0.5367789492096879]],["NBCR2RT",["NB","CR"],[0.3765220914252978,0.6046480914252979]],["NB6.33FE6.67",["NB","CR"],[0.9635468861880105,0.033426886188010485]]],
			[["NBFE2",["NB","CR"],[0.3772811870819125,0.5411409005605602]],["NBCR2RT",["NB","CR"],[0.37448544991311083,0.6047955071340052]]],
			[["NBFE2",["NB","CR"],[0.3762849808913361,0.5427235905699477]],["NBCR2RT",["NB","CR"],[0.37288970438848784,0.6056543047644065]]],
			[["NBFE2",["NB","CR"],[0.37512900468156135,0.5442648700270967]],["NBCR2RT",["NB","CR"],[0.37288970438848784,0.6056543047644065]]],
			[["NBFE2",["NB","CR"],[0.3739730284717865,0.5458061494842457]],["NBCR2RT",["NB","CR"],[0.37130441314754814,0.6065805811680075]]],
			[["NBFE2",["NB","CR"],[0.37272496627602336,0.547301119391159]],["NBCR2RT",["NB","CR"],[0.3697401473433442,0.6076425694692285]]],
			[["NBFE2",["NB","CR"],[0.3714561096445104,0.5487856318874618]],["NBCR2RT",["NB","CR"],[0.36818378703713345,0.6087271339000375]]],
			[["NBFE2",["NB","CR"],[0.37018373783925906,0.5502676425781337]],["NBCR2RT",["NB","CR"],[0.3666584977168417,0.6099004293134036]]],
			[["NBFE2",["NB","CR"],[0.3688441786441288,0.5517018349238736]],["NBCR2RT",["NB","CR"],[0.36513320839654995,0.6110737247267697]]],
			[["NBFE2",["NB","CR"],[0.3675046194489984,0.5531360272696136]],["NBCR2RT",["NB","CR"],[0.363632847753093,0.6122966224786934]]],
			[["NBFE2",["NB","CR"],[0.3661650602538682,0.5545702196153535]],["NBCR2RT",["NB","CR"],[0.36214253950997943,0.6135395221973658]]],
			[["NBFE2",["NB","CR"],[0.3647772626810687,0.5559609194721034]],["NBCR2RT",["NB","CR"],[0.36065223126686574,0.6147824219160384]]],
			[["NBFE2",["NB","CR"],[0.36338852830924545,0.5573507746959447]],["NBCR2RT",["NB","CR"],[0.3591897829474904,0.6160695899415956]]],
			[["NBFE2",["NB","CR"],[0.3619997939374223,0.5587406299197861]],["NBCR2RT",["NB","CR"],[0.35772996521760203,0.6173609378688565]]],
			[["NBFE2",["NB","CR"],[0.360585415161385,0.5601026477565186]],["NBCR2RT",["NB","CR"],[0.35627014748771363,0.6186522857961174]]],
			[["NBFE2",["NB","CR"],[0.3591592061307795,0.5614518236736941]],["NBCR2RT",["NB","CR"],[0.3548339340772806,0.619975480199412]]],
			[["NBFE2",["NB","CR"],[0.35773299710017403,0.5628009995908696]],["NBCR2RT",["NB","CR"],[0.35340129555689503,0.6213034977729079]]],
			[["NBFE2",["NB","CR"],[0.35629932785992946,0.5641406514744753]],["NBCR2RT",["NB","CR"],[0.35196865703650954,0.6226315153464042]]],
			[["NBFE2",["NB","CR"],[0.35484218763410047,0.5654503392598272]],["NBCR2RT",["NB","CR"],[0.3505524502248927,0.6239789586444787]]],
			[["NBFE2",["NB","CR"],[0.3533850474082715,0.5667600270451791]],["NBCR2RT",["NB","CR"],[0.34914521743455856,0.6253370111170617]]],
			[["NBFE2",["NB","CR"],[0.35192790718244255,0.568069714830531]],["NBCR2RT",["NB","CR"],[0.34773798464422434,0.6266950635896449]]],
			[["NBFE2",["NB","CR"],[0.3504505461035288,0.5693492327483021]],["NBCR2RT",["NB","CR"],[0.34633875845761475,0.6280615413174149]]],
			[["NBFE2",["NB","CR"],[0.34896596221827486,0.5706179741122878]],["NBCR2RT",["NB","CR"],[0.34495656121607005,0.629445938404338]]],
			[["NBFE2",["NB","CR"],[0.3474813783330209,0.5718867154762735]],["NBCR2RT",["NB","CR"],[0.3435743639745254,0.6308303354912612]]],
			[["NBFE2",["NB","CR"],[0.34599016460846177,0.573143791894848]],["NBCR2RT",["NB","CR"],[0.34219216673298064,0.6322147325781844]]],
			[["NBFE2",["NB","CR"],[0.3444796022388713,0.5743668251220746]],["NBCR2RT",["NB","CR"],[0.34083511538524963,0.6336228127293739]]],
			[["NBFE2",["NB","CR"],[0.34296903986928085,0.5755898583493012]],["NBCR2RT",["NB","CR"],[0.3394790996618153,0.6350318682587685]]],
			[["NBFE2",["NB","CR"],[0.3414584774996904,0.5768128915765278]],["NBCR2RT",["NB","CR"],[0.338123083938381,0.636440923788163]]],
			[["NBFE2",["NB","CR"],[0.3399251051027981,0.5779872442175704]],["NBCR2RT",["NB","CR"],[0.3367858799891116,0.6378657848460964]]],
			[["NBFE2",["NB","CR"],[0.33838873431411254,0.5791551977663114]],["NBCR2RT",["NB","CR"],[0.3354591374779847,0.6392994355353356]]],
			[["NBFE2",["NB","CR"],[0.33685236352542686,0.5803231513150526]],["NBCR2RT",["NB","CR"],[0.3341323949668578,0.6407330862245749]]],
			[["NBFE2",["NB","CR"],[0.3352974337121672,0.5814399467684892]],["NBCR2RT",["NB","CR"],[0.3328210704052785,0.6421781395434936]]],
			[["NBFE2",["NB","CR"],[0.3337347182159329,0.5825352809263693]],["NBCR2RT",["NB","CR"],[0.33152952775369005,0.6436378229397313]]],
			[["NBFE2",["NB","CR"],[0.33217200271969854,0.5836306150842494]],["NBCR2RT",["NB","CR"],[0.33023798510210167,0.6450975063359687]]],
			[["NBFE2",["NB","CR"],[0.3305889515974709,0.5846418782442364]],["NBCR2RT",["NB","CR"],[0.32896566197582,0.6465693559713128]]],
			[["NBFE2",["NB","CR"],[0.3290007713295667,0.5856319366281564]],["NBCR2RT",["NB","CR"],[0.32771983134749527,0.6480579757432513]]],
			[["NBFE2",["NB","CR"],[0.327408837461032,0.5865814791892979]],["NBCR2RT",["NB","CR"],[0.3264740007191705,0.6495465955151898]]],
			[["NBFE2",["NB","CR"],[0.32580472433951,0.5873995606536961]],["NBCR2RT",["NB","CR"],[0.3252712611832801,0.6510572892464956]]],
			[["NBFE2",["NB","CR"],[0.32420291877190777,0.5881961514169824]],["NBCR2RT",["NB","CR"],[0.3240908539297813,0.6525794229730825]]],
			[["NBFE2",["NB","CR"],[0.32263308960887077,0.588694939668579]],["NBCR2RT",["NB","CR"],[0.32293329490153394,0.6541099111997023]]],
			[["NBFE2",["NB","CR"],[0.3211382978297685,0.5890060185644415]],["NBCR2RT",["NB","CR"],[0.32185770383281054,0.6556703711774319]]],
			[["NBFE2",["NB","CR"],[0.3193155282540175,0.5870395282540174]],["NBCR2RT",["NB","CR"],[0.3194309670269098,0.6614029670269099]],["CR0.48FE0.52HT",["NB","CR"],[0.01176153457521505,0.982354134575215]]]],
	"reference": "C-A58757"
}