{
    "components": [
        "CR",
        "FE",
        "NB"
    ],
    "phases": [
        "NBFE2",
        "CR0.48FE0.52HT",
        "CR0.48FE0.52HT"
    ],
    "conditions": {
        "P": [
            101325
        ],
        "T": [
            973,
            973,
            973,
            973,
            973,
            973,
            973,
            973,
            973,
            973,
            973,
            973,
            973,
            973,
            973,
            973,
            973,
            973,
            973,
            973,
            973,
            973,
            973,
            973,
            973,
            973,
            973,
            973,
            973,
            973,
            973,
            973,
            973,
            973,
            973,
            973,
            973,
            973,
            973,
            973,
            973,
            973
        ]
    },
    "broadcast_conditions": false,
    "output": "ZPF",
    "values":
			[[["CR0.48FE0.52HT",["NB","CR"],[0.14438552556005796,0.2883655255600579]],["NBFE2",["NB","CR"],[0.310127035131473,0.16818503513147298]],["CR0.48FE0.52HT",["NB","CR"],[0.003895307805081988,0.692641307805082]]],
			[["NBFE2",["NB","CR"],[0.30955092252427424,0.16488077882203167]],["CR0.48FE0.52HT",["NB","CR"],[0.14637370745998912,0.28588148060578344]]],
			[["NBFE2",["NB","CR"],[0.30948599060516974,0.1616577032006845]],["CR0.48FE0.52HT",["NB","CR"],[0.14676498642253616,0.28487775909534396]]],
			[["NBFE2",["NB","CR"],[0.30942105868606506,0.15843462757933757]],["CR0.48FE0.52HT",["NB","CR"],[0.14676498642253616,0.28487775909534396]]],
			[["NBFE2",["NB","CR"],[0.3093553002850858,0.1552119780270742]],["CR0.48FE0.52HT",["NB","CR"],[0.1471520957769376,0.28387510928426263]]],
			[["NBFE2",["NB","CR"],[0.3092854857031919,0.15199141952282846]],["CR0.48FE0.52HT",["NB","CR"],[0.14730329494304378,0.28293309461888083]]],
			[["NBFE2",["NB","CR"],[0.30921567112129805,0.14877086101858272]],["CR0.48FE0.52HT",["NB","CR"],[0.1474544941091499,0.28199107995349915]]],
			[["NBFE2",["NB","CR"],[0.3091458565394043,0.14555030251433676]],["CR0.48FE0.52HT",["NB","CR"],[0.1475070775841063,0.28109344494200195]]],
			[["NBFE2",["NB","CR"],[0.30907424595899713,0.1423306719160814]],["CR0.48FE0.52HT",["NB","CR"],[0.14747196008395558,0.2802352776751934]]],
			[["NBFE2",["NB","CR"],[0.30899950344754196,0.1391126594358587]],["CR0.48FE0.52HT",["NB","CR"],[0.1474368425838048,0.27937711040838487]]],
			[["NBFE2",["NB","CR"],[0.30892476093608673,0.13589464695563613]],["CR0.48FE0.52HT",["NB","CR"],[0.1472864165316194,0.27858692169212484]]],
			[["NBFE2",["NB","CR"],[0.3088500184246315,0.13267663447541334]],["CR0.48FE0.52HT",["NB","CR"],[0.1471139117156388,0.27780974920349266]]],
			[["NBFE2",["NB","CR"],[0.3087711321706472,0.1294607680367914]],["CR0.48FE0.52HT",["NB","CR"],[0.14694140689965818,0.27703257671486037]]],
			[["NBFE2",["NB","CR"],[0.30869049244671176,0.12624580971913368]],["CR0.48FE0.52HT",["NB","CR"],[0.14667101499483398,0.2763236634886965]]],
			[["NBFE2",["NB","CR"],[0.30860985272277636,0.12303085140147574]],["CR0.48FE0.52HT",["NB","CR"],[0.14639457799119104,0.27561896567022126]]],
			[["NBFE2",["NB","CR"],[0.30852786841622315,0.11981659142446022]],["CR0.48FE0.52HT",["NB","CR"],[0.1461181409875481,0.274914267851746]]],
			[["NBFE2",["NB","CR"],[0.30844033483819294,0.11660521359225018]],["CR0.48FE0.52HT",["NB","CR"],[0.14577105456638922,0.2742651063625783]]],
			[["NBFE2",["NB","CR"],[0.30835280126016273,0.11339383576004003]],["CR0.48FE0.52HT",["NB","CR"],[0.14541331249218992,0.27362432110462453]]],
			[["NBFE2",["NB","CR"],[0.3082652676821325,0.11018245792782988]],["CR0.48FE0.52HT",["NB","CR"],[0.1450555704179905,0.2729835358466708]]],
			[["NBFE2",["NB","CR"],[0.3081709311585704,0.10697462502512722]],["CR0.48FE0.52HT",["NB","CR"],[0.1446529450670791,0.2723815070832074]]],
			[["NBFE2",["NB","CR"],[0.3080754223078617,0.1037674030073823]],["CR0.48FE0.52HT",["NB","CR"],[0.1442280142030989,0.27179873902345575]]],
			[["NBFE2",["NB","CR"],[0.30797991345715303,0.10056018098963748]],["CR0.48FE0.52HT",["NB","CR"],[0.14380308333911873,0.2712159709637042]]],
			[["NBFE2",["NB","CR"],[0.3078783652177493,0.09735611768999863]],["CR0.48FE0.52HT",["NB","CR"],[0.14335458062415585,0.2706552587320813]]],
			[["NBFE2",["NB","CR"],[0.3077740723881351,0.09415348986458238]],["CR0.48FE0.52HT",["NB","CR"],[0.14287054665926263,0.2701277925591683]]],
			[["NBFE2",["NB","CR"],[0.3076697795585208,0.09095086203916614]],["CR0.48FE0.52HT",["NB","CR"],[0.1423865126943693,0.2696003263862552]]],
			[["NBFE2",["NB","CR"],[0.30755751634001943,0.08775242126571481]],["CR0.48FE0.52HT",["NB","CR"],[0.1418954504830207,0.2690799400621897]]],
			[["NBFE2",["NB","CR"],[0.3074420049270535,0.08455568685304549]],["CR0.48FE0.52HT",["NB","CR"],[0.1413570868241672,0.268607202479632]]],
			[["NBFE2",["NB","CR"],[0.3073264935140876,0.08135895244037616]],["CR0.48FE0.52HT",["NB","CR"],[0.1408187231653137,0.26813446489707427]]],
			[["NBFE2",["NB","CR"],[0.30719877788422006,0.07816866343555673]],["CR0.48FE0.52HT",["NB","CR"],[0.14028035950646023,0.26766172731451643]]],
			[["NBFE2",["NB","CR"],[0.3070701766689419,0.07497884213458139]],["CR0.48FE0.52HT",["NB","CR"],[0.13969082820004503,0.26724449331630273]]],
			[["NBFE2",["NB","CR"],[0.3069355053997847,0.07179224741038581]],["CR0.48FE0.52HT",["NB","CR"],[0.13909741095707506,0.2668314745481729]]],
			[["NBFE2",["NB","CR"],[0.3067902918791956,0.06861125648878552]],["CR0.48FE0.52HT",["NB","CR"],[0.1385039937141051,0.2664184557800431]]],
			[["NBFE2",["NB","CR"],[0.3066446634539457,0.06543048790009709]],["CR0.48FE0.52HT",["NB","CR"],[0.13786023452998608,0.2660646561612774]]],
			[["NBFE2",["NB","CR"],[0.3064787378732259,0.062260595847891675]],["CR0.48FE0.52HT",["NB","CR"],[0.13720892121348016,0.2657197427571457]]],
			[["NBFE2",["NB","CR"],[0.30631281229250606,0.05909070379568626]],["CR0.48FE0.52HT",["NB","CR"],[0.1365564742636699,0.26537629988567446]]],
			[["NBFE2",["NB","CR"],[0.30612258828690364,0.05593396565777575]],["CR0.48FE0.52HT",["NB","CR"],[0.13583863828710485,0.265117678710161]]],
			[["NBFE2",["NB","CR"],[0.3059283889527715,0.05277939076104232]],["CR0.48FE0.52HT",["NB","CR"],[0.1351208023105399,0.26485905753464756]]],
			[["NBFE2",["NB","CR"],[0.30569864541476344,0.04964431998738328]],["CR0.48FE0.52HT",["NB","CR"],[0.13436768544520772,0.26465282595982453]]],
			[["NBFE2",["NB","CR"],[0.3054461329624811,0.046521980795659834]],["CR0.48FE0.52HT",["NB","CR"],[0.13356862670696096,0.26451481478593397]]],
			[["NBFE2",["NB","CR"],[0.3051563532685885,0.04342059043924029]],["CR0.48FE0.52HT",["NB","CR"],[0.13275282484380668,0.2644078447327164]]],
			[["NBFE2",["NB","CR"],[0.3047883024822417,0.040364279962369354]],["CR0.48FE0.52HT",["NB","CR"],[0.1318542656072615,0.2644543037214593]]],
			[["CR0.48FE0.52HT",["NB","CR"],[0.0032201126544583736,0.23047211265445844]],["NBFE2",["NB","CR"],[0.3044853338600211,0.03646933386002105]],["CR0.48FE0.52HT",["NB","CR"],[0.12829923760210415,0.2664552376021041]]]],
	"reference": "C-A58757"
}