{
    "components": [
        "CR",
        "FE",
        "NB"
    ],
    "phases": [
        "NB6.33FE6.67",
        "NBFE2"
    ],
    "conditions": {
        "P": [
            101325
        ],
        "T": [
            973,
            973,
            973,
            973,
            973,
            973,
            973,
            973,
            973,
            973,
            973,
            973,
            973,
            973,
            973,
            973,
            973,
            973,
            973,
            973,
            973,
            973,
            973,
            973,
            973,
            973,
            973,
            973,
            973,
            973,
            973,
            973,
            973,
            973,
            973,
            973,
            973,
            973,
            973,
            973,
            973
        ]
    },
    "broadcast_conditions": false,
    "output": "ZPF",
    "values":
			[[["NB6.33FE6.67",["NB","CR"],[0.4766836735457199,0.07997367354571994]],["NBFE2",["NB","CR"],[0.3781689855681529,0.20303498556815303]],["NB6.33FE6.67",["NB","CR"],[0.9812841561575837,0.010982156157583578]]],
			[["NB6.33FE6.67",["NB","CR"],[0.47306265418004034,0.08164149752540584]],["NBFE2",["NB","CR"],[0.37866191707784247,0.19690781951686698]]],
			[["NB6.33FE6.67",["NB","CR"],[0.4708195347861067,0.08173884839832535]],["NBFE2",["NB","CR"],[0.3786524549014685,0.19198625977951722]]],
			[["NB6.33FE6.67",["NB","CR"],[0.46894601204003883,0.08121762994955795]],["NBFE2",["NB","CR"],[0.3786524549014685,0.19198625977951722]]],
			[["NB6.33FE6.67",["NB","CR"],[0.4673735339037738,0.08030059675584234]],["NBFE2",["NB","CR"],[0.37864299272509444,0.1870647000421677]]],
			[["NB6.33FE6.67",["NB","CR"],[0.46605323734219184,0.07908583039352457]],["NBFE2",["NB","CR"],[0.3786335305487204,0.18214314030481804]]],
			[["NB6.33FE6.67",["NB","CR"],[0.46511338367720134,0.07751720779944105]],["NBFE2",["NB","CR"],[0.3786240683723464,0.1772215805674684]]],
			[["NB6.33FE6.67",["NB","CR"],[0.4642699164690396,0.0758715678570927]],["NBFE2",["NB","CR"],[0.3786146061959724,0.17230002083011875]]],
			[["NB6.33FE6.67",["NB","CR"],[0.46364408953895886,0.07405634888569335]],["NBFE2",["NB","CR"],[0.3786051440195983,0.1673784610927691]]],
			[["NB6.33FE6.67",["NB","CR"],[0.46310320392333315,0.07218346700439815]],["NBFE2",["NB","CR"],[0.37859568184322434,0.16245690135541957]]],
			[["NB6.33FE6.67",["NB","CR"],[0.4627043397048681,0.07021417306402022]],["NBFE2",["NB","CR"],[0.37858621966685035,0.1575353416180698]]],
			[["NB6.33FE6.67",["NB","CR"],[0.46234890925014327,0.06821848935815056]],["NBFE2",["NB","CR"],[0.3785767574904763,0.15261378188072028]]],
			[["NB6.33FE6.67",["NB","CR"],[0.46212290438860404,0.06614416841804938]],["NBFE2",["NB","CR"],[0.37856729531410227,0.14769222214337074]]],
			[["NB6.33FE6.67",["NB","CR"],[0.46189689952706475,0.0640698474779482]],["NBFE2",["NB","CR"],[0.37855783313772834,0.142770662406021]]],
			[["NB6.33FE6.67",["NB","CR"],[0.461793735593085,0.061927424943141185]],["NBFE2",["NB","CR"],[0.3785483709613543,0.13784910266867134]]],
			[["NB6.33FE6.67",["NB","CR"],[0.46170197049744777,0.05977868302370937]],["NBFE2",["NB","CR"],[0.3785389087849802,0.1329275429313217]]],
			[["NB6.33FE6.67",["NB","CR"],[0.46164976382807765,0.05760963004978015]],["NBFE2",["NB","CR"],[0.3785294466086062,0.12800598319397216]]],
			[["NB6.33FE6.67",["NB","CR"],[0.461662822265193,0.05540706706901566]],["NBFE2",["NB","CR"],[0.3785199844322322,0.1230844234566224]]],
			[["NB6.33FE6.67",["NB","CR"],[0.46167588070230825,0.05320450408825117]],["NBFE2",["NB","CR"],[0.3785105222558582,0.11816286371927287]]],
			[["NB6.33FE6.67",["NB","CR"],[0.46174429750567453,0.05097530937035222]],["NBFE2",["NB","CR"],[0.37850106007948414,0.11324130398192322]]],
			[["NB6.33FE6.67",["NB","CR"],[0.4618420028361748,0.048732024562580634]],["NBFE2",["NB","CR"],[0.3784915979031102,0.10831974424457358]]],
			[["NB6.33FE6.67",["NB","CR"],[0.46193970816667507,0.04648873975480916]],["NBFE2",["NB","CR"],[0.37848213572673617,0.10339818450722393]]],
			[["NB6.33FE6.67",["NB","CR"],[0.4620901089745722,0.044221490563594035]],["NBFE2",["NB","CR"],[0.3784726735503621,0.09847662476987429]]],
			[["NB6.33FE6.67",["NB","CR"],[0.46225688622889083,0.0419467938368242]],["NBFE2",["NB","CR"],[0.37846321137398803,0.09355506503252475]]],
			[["NB6.33FE6.67",["NB","CR"],[0.4624236634832093,0.03967209711005437]],["NBFE2",["NB","CR"],[0.3784537491976141,0.088633505295175]]],
			[["NB6.33FE6.67",["NB","CR"],[0.462631440520731,0.03737964064684496]],["NBFE2",["NB","CR"],[0.37844428702124006,0.08371194555782546]]],
			[["NB6.33FE6.67",["NB","CR"],[0.46285486611569454,0.03508040575130944]],["NBFE2",["NB","CR"],[0.378434824844866,0.07879038582047582]]],
			[["NB6.33FE6.67",["NB","CR"],[0.4630782917106581,0.03278117085577392]],["NBFE2",["NB","CR"],[0.3784253626684921,0.07386882608312617]]],
			[["NB6.33FE6.67",["NB","CR"],[0.4633278285678838,0.030471091954192064]],["NBFE2",["NB","CR"],[0.37841590049211804,0.06894726634577653]]],
			[["NB6.33FE6.67",["NB","CR"],[0.46359804399273236,0.02815242524440409]],["NBFE2",["NB","CR"],[0.37840643831574394,0.06402570660842688]]],
			[["NB6.33FE6.67",["NB","CR"],[0.4638682594175811,0.025833758534616225]],["NBFE2",["NB","CR"],[0.37839697613936996,0.059104146871077345]]],
			[["NB6.33FE6.67",["NB","CR"],[0.46414987275967434,0.023510529677639336]],["NBFE2",["NB","CR"],[0.378387513962996,0.05418258713372759]]],
			[["NB6.33FE6.67",["NB","CR"],[0.46445988929086973,0.021175932118246532]],["NBFE2",["NB","CR"],[0.3783780517866219,0.049261027396378054]]],
			[["NB6.33FE6.67",["NB","CR"],[0.46476990582206495,0.018841334558853617]],["NBFE2",["NB","CR"],[0.3783685896102479,0.04433946765902841]]],
			[["NB6.33FE6.67",["NB","CR"],[0.46507992235326034,0.016506736999460814]],["NBFE2",["NB","CR"],[0.37835912743387395,0.03941790792167876]]],
			[["NB6.33FE6.67",["NB","CR"],[0.46542069302386185,0.01416022075069856]],["NBFE2",["NB","CR"],[0.3783496652574999,0.03449634818432912]]],
			[["NB6.33FE6.67",["NB","CR"],[0.4657637206958798,0.011812829806714609]],["NBFE2",["NB","CR"],[0.3783402030811258,0.029574788446979472]]],
			[["NB6.33FE6.67",["NB","CR"],[0.4661067483678977,0.009465438862730657]],["NBFE2",["NB","CR"],[0.3783307409047519,0.024653228709629715]]],
			[["NB6.33FE6.67",["NB","CR"],[0.4664639661240214,0.007112699219232632]],["NBFE2",["NB","CR"],[0.37832127872837784,0.01973166897228018]]],
			[["NB6.33FE6.67",["NB","CR"],[0.46683446482858104,0.004754953558721797]],["NBFE2",["NB","CR"],[0.3783118165520038,0.014810109234930646]]],
			[["NB6.33FE6.67",["NB","CR"],[0.4672049635331406,0.0023972078982110734]],["NBFE2",["NB","CR"],[0.3783023543756299,0.00988854949758089]]]],
	"reference": "C-A58757"
}