{
    "components": [
        "CR",
        "FE",
        "NB"
    ],
    "phases": [
        "NBCR2RT",
        "NB6.33FE6.67",
        "NBFE2"
    ],
    "conditions": {
        "P": [
            101325
        ],
        "T": [
            973,
            973,
            973,
            973,
            973,
            973,
            973,
            973,
            973,
            973,
            973,
            973,
            973,
            973,
            973,
            973,
            973,
            973,
            973,
            973,
            973,
            973,
            973,
            973,
            973,
            973,
            973,
            973,
            973,
            973,
            973,
            973,
            973,
            973,
            973,
            973,
            973,
            973,
            973,
            973,
            973
        ]
    },
    "broadcast_conditions": false,
    "output": "ZPF",
    "values":
			[[["NBFE2",["NB","CR"],[0.378822949209688,0.5367789492096879]],["NBCR2RT",["NB","CR"],[0.3765220914252978,0.6046480914252979]],["NB6.33FE6.67",["NB","CR"],[0.9635468861880105,0.033426886188010485]]],
			[["NBCR2RT",["NB","CR"],[0.37722318447805514,0.6049072332585429]],["NB6.33FE6.67",["NB","CR"],[0.9597263937925937,0.03771205232917907]]],
			[["NBCR2RT",["NB","CR"],[0.3773385298661037,0.6052386274270793]],["NB6.33FE6.67",["NB","CR"],[0.9594935839477788,0.03800890102094967]]],
			[["NBCR2RT",["NB","CR"],[0.37745387525415236,0.6055700215956157]],["NB6.33FE6.67",["NB","CR"],[0.9594935839477788,0.03800890102094967]]],
			[["NBCR2RT",["NB","CR"],[0.37756922064220094,0.6059014157641522]],["NB6.33FE6.67",["NB","CR"],[0.9592607741029641,0.03830574971272005]]],
			[["NBCR2RT",["NB","CR"],[0.3776845660302496,0.6062328099326886]],["NB6.33FE6.67",["NB","CR"],[0.9590279642581492,0.03860259840449065]]],
			[["NBCR2RT",["NB","CR"],[0.3777999114182982,0.606564204101225]],["NB6.33FE6.67",["NB","CR"],[0.9587951544133344,0.03889944709626114]]],
			[["NBCR2RT",["NB","CR"],[0.37791525680634686,0.6068955982697615]],["NB6.33FE6.67",["NB","CR"],[0.9585623445685195,0.03919629578803163]]],
			[["NBCR2RT",["NB","CR"],[0.37803060219439544,0.6072269924382979]],["NB6.33FE6.67",["NB","CR"],[0.9583295347237046,0.039493144479802234]]],
			[["NBCR2RT",["NB","CR"],[0.3781459475824441,0.6075583866068344]],["NB6.33FE6.67",["NB","CR"],[0.9580967248788897,0.039789993171572835]]],
			[["NBCR2RT",["NB","CR"],[0.37826129297049266,0.6078897807753708]],["NB6.33FE6.67",["NB","CR"],[0.957863915034075,0.040086841863343214]]],
			[["NBCR2RT",["NB","CR"],[0.37837663835854135,0.6082211749439072]],["NB6.33FE6.67",["NB","CR"],[0.9576311051892601,0.040383690555113816]]],
			[["NBCR2RT",["NB","CR"],[0.37849198374658993,0.6085525691124436]],["NB6.33FE6.67",["NB","CR"],[0.9573982953444453,0.040680539246884306]]],
			[["NBCR2RT",["NB","CR"],[0.37860732913463857,0.60888396328098]],["NB6.33FE6.67",["NB","CR"],[0.9571654854996304,0.0409773879386548]]],
			[["NBCR2RT",["NB","CR"],[0.3787226745226872,0.6092153574495165]],["NB6.33FE6.67",["NB","CR"],[0.9569326756548157,0.04127423663042529]]],
			[["NBCR2RT",["NB","CR"],[0.3788380199107358,0.6095467516180529]],["NB6.33FE6.67",["NB","CR"],[0.9566998658100008,0.04157108532219589]]],
			[["NBCR2RT",["NB","CR"],[0.37895336529878443,0.6098781457865894]],["NB6.33FE6.67",["NB","CR"],[0.9564670559651859,0.04186793401396638]]],
			[["NBCR2RT",["NB","CR"],[0.37906871068683307,0.6102095399551257]],["NB6.33FE6.67",["NB","CR"],[0.9562342461203711,0.04216478270573687]]],
			[["NBCR2RT",["NB","CR"],[0.3791840560748817,0.6105409341236622]],["NB6.33FE6.67",["NB","CR"],[0.9560014362755562,0.04246163139750747]]],
			[["NBCR2RT",["NB","CR"],[0.3792994014629303,0.6108723282921986]],["NB6.33FE6.67",["NB","CR"],[0.9557686264307415,0.04275848008927785]]],
			[["NBCR2RT",["NB","CR"],[0.3794147468509789,0.611203722460735]],["NB6.33FE6.67",["NB","CR"],[0.9555358165859266,0.04305532878104845]]],
			[["NBCR2RT",["NB","CR"],[0.3795300922390275,0.6115351166292715]],["NB6.33FE6.67",["NB","CR"],[0.9553030067411117,0.04335217747281905]]],
			[["NBCR2RT",["NB","CR"],[0.3796454376270762,0.6118665107978078]],["NB6.33FE6.67",["NB","CR"],[0.9550701968962968,0.043649026164589544]]],
			[["NBCR2RT",["NB","CR"],[0.3797607830151248,0.6121979049663443]],["NB6.33FE6.67",["NB","CR"],[0.954837387051482,0.043945874856360034]]],
			[["NBCR2RT",["NB","CR"],[0.3798761284031734,0.6125292991348807]],["NB6.33FE6.67",["NB","CR"],[0.9546045772066671,0.044242723548130636]]],
			[["NBCR2RT",["NB","CR"],[0.379991473791222,0.6128606933034172]],["NB6.33FE6.67",["NB","CR"],[0.9543717673618524,0.044539572239901126]]],
			[["NBCR2RT",["NB","CR"],[0.38010681917927064,0.6131920874719536]],["NB6.33FE6.67",["NB","CR"],[0.9541389575170375,0.04483642093167162]]],
			[["NBCR2RT",["NB","CR"],[0.3802221645673192,0.6135234816404901]],["NB6.33FE6.67",["NB","CR"],[0.9539061476722226,0.04513326962344222]]],
			[["NBCR2RT",["NB","CR"],[0.3803375099553679,0.6138548758090264]],["NB6.33FE6.67",["NB","CR"],[0.9536733378274077,0.04543011831521282]]],
			[["NBCR2RT",["NB","CR"],[0.38045285534341655,0.6141862699775629]],["NB6.33FE6.67",["NB","CR"],[0.9534405279825929,0.0457269670069832]]],
			[["NBCR2RT",["NB","CR"],[0.38056820073146513,0.6145176641460993]],["NB6.33FE6.67",["NB","CR"],[0.9532077181377782,0.04602381569875369]]],
			[["NBCR2RT",["NB","CR"],[0.38068354611951377,0.6148490583146358]],["NB6.33FE6.67",["NB","CR"],[0.9529749082929633,0.04632066439052429]]],
			[["NBCR2RT",["NB","CR"],[0.38079889150756235,0.6151804524831722]],["NB6.33FE6.67",["NB","CR"],[0.9527420984481485,0.04661751308229467]]],
			[["NBCR2RT",["NB","CR"],[0.38091423689561105,0.6155118466517085]],["NB6.33FE6.67",["NB","CR"],[0.9525092886033335,0.04691436177406538]]],
			[["NBCR2RT",["NB","CR"],[0.38102958228365963,0.615843240820245]],["NB6.33FE6.67",["NB","CR"],[0.9522764787585187,0.04721121046583587]]],
			[["NBCR2RT",["NB","CR"],[0.38114492767170827,0.6161746349887814]],["NB6.33FE6.67",["NB","CR"],[0.9520436689137038,0.047508059157606364]]],
			[["NBCR2RT",["NB","CR"],[0.38126027305975685,0.6165060291573179]],["NB6.33FE6.67",["NB","CR"],[0.9518108590688891,0.047804907849376854]]],
			[["NBCR2RT",["NB","CR"],[0.3813756184478055,0.6168374233258543]],["NB6.33FE6.67",["NB","CR"],[0.9515780492240742,0.048101756541147456]]],
			[["NBCR2RT",["NB","CR"],[0.38149096383585407,0.6171688174943908]],["NB6.33FE6.67",["NB","CR"],[0.9513452393792594,0.048398605232917835]]],
			[["NBCR2RT",["NB","CR"],[0.38160630922390276,0.6175002116629271]],["NB6.33FE6.67",["NB","CR"],[0.9511124295344444,0.04869545392468855]]],
			[["NBCR2RT",["NB","CR"],[0.38172165461195134,0.6178316058314637]],["NB6.33FE6.67",["NB","CR"],[0.9508796196896296,0.04899230261645904]]]],
	"reference": "C-A58757"
}