{
    "components": [
        "CR",
        "FE",
        "NB"
    ],
    "phases": [
        "NBCR2RT",
        "CR0.48FE0.52HT",
        "NBFE2"
    ],
    "conditions": {
        "P": [
            101325
        ],
        "T": [
            973,
            973,
            973,
            973,
            973,
            973,
            973,
            973,
            973,
            973,
            973,
            973,
            973,
            973,
            973,
            973,
            973,
            973,
            973,
            973,
            973,
            973,
            973,
            973,
            973,
            973,
            973,
            973,
            973,
            973,
            973,
            973,
            973,
            973,
            973,
            973,
            973,
            973,
            973,
            973,
            973
        ]
    },
    "broadcast_conditions": false,
    "output": "ZPF",
    "values":
			[[["NBCR2RT",["NB","CR"],[0.31910562887267024,0.6801939703360849]],["CR0.48FE0.52HT",["NB","CR"],[0.012350587810936849,0.9872718707377661]]],
			[["NBCR2RT",["NB","CR"],[0.31910135046678123,0.6797500333936105]],["CR0.48FE0.52HT",["NB","CR"],[0.012348568343314442,0.987148534196973]]],
			[["NBCR2RT",["NB","CR"],[0.3190970720608923,0.6793060964511362]],["CR0.48FE0.52HT",["NB","CR"],[0.012348568343314442,0.987148534196973]]],
			[["NBCR2RT",["NB","CR"],[0.31909279365500326,0.6788621595086617]],["CR0.48FE0.52HT",["NB","CR"],[0.012346548875692035,0.9870251976561798]]],
			[["NBCR2RT",["NB","CR"],[0.31908851524911425,0.6784182225661873]],["CR0.48FE0.52HT",["NB","CR"],[0.012344529408069628,0.9869018611153867]]],
			[["NBCR2RT",["NB","CR"],[0.31908423684322523,0.677974285623713]],["CR0.48FE0.52HT",["NB","CR"],[0.012342509940447222,0.9867785245745936]]],
			[["NBCR2RT",["NB","CR"],[0.3190799584373362,0.6775303486812386]],["CR0.48FE0.52HT",["NB","CR"],[0.012340490472824815,0.9866551880338004]]],
			[["NBCR2RT",["NB","CR"],[0.3190756800314472,0.6770864117387643]],["CR0.48FE0.52HT",["NB","CR"],[0.012338471005202408,0.9865318514930073]]],
			[["NBCR2RT",["NB","CR"],[0.3190714016255582,0.6766424747962898]],["CR0.48FE0.52HT",["NB","CR"],[0.012336451537580001,0.9864085149522142]]],
			[["NBCR2RT",["NB","CR"],[0.3190671232196692,0.6761985378538156]],["CR0.48FE0.52HT",["NB","CR"],[0.012334432069957595,0.986285178411421]]],
			[["NBCR2RT",["NB","CR"],[0.31906284481378017,0.6757546009113411]],["CR0.48FE0.52HT",["NB","CR"],[0.012332412602335188,0.9861618418706278]]],
			[["NBCR2RT",["NB","CR"],[0.3190585664078912,0.6753106639688667]],["CR0.48FE0.52HT",["NB","CR"],[0.012330393134712781,0.9860385053298347]]],
			[["NBCR2RT",["NB","CR"],[0.3190542880020022,0.6748667270263924]],["CR0.48FE0.52HT",["NB","CR"],[0.012328373667090374,0.9859151687890416]]],
			[["NBCR2RT",["NB","CR"],[0.3190500095961132,0.6744227900839179]],["CR0.48FE0.52HT",["NB","CR"],[0.012326354199467968,0.9857918322482484]]],
			[["NBCR2RT",["NB","CR"],[0.3190457311902241,0.6739788531414437]],["CR0.48FE0.52HT",["NB","CR"],[0.012324334731845561,0.9856684957074553]]],
			[["NBCR2RT",["NB","CR"],[0.31904145278433516,0.6735349161989692]],["CR0.48FE0.52HT",["NB","CR"],[0.012322315264223154,0.9855451591666622]]],
			[["NBCR2RT",["NB","CR"],[0.31903717437844614,0.6730909792564949]],["CR0.48FE0.52HT",["NB","CR"],[0.012320295796600747,0.9854218226258691]]],
			[["NBCR2RT",["NB","CR"],[0.31903289597255713,0.6726470423140205]],["CR0.48FE0.52HT",["NB","CR"],[0.012318276328978339,0.9852984860850759]]],
			[["NBCR2RT",["NB","CR"],[0.3190286175666681,0.6722031053715462]],["CR0.48FE0.52HT",["NB","CR"],[0.012316256861355934,0.9851751495442828]]],
			[["NBCR2RT",["NB","CR"],[0.3190243391607791,0.6717591684290718]],["CR0.48FE0.52HT",["NB","CR"],[0.012314237393733527,0.9850518130034897]]],
			[["NBCR2RT",["NB","CR"],[0.31902006075489014,0.6713152314865973]],["CR0.48FE0.52HT",["NB","CR"],[0.01231221792611112,0.9849284764626964]]],
			[["NBCR2RT",["NB","CR"],[0.31901578234900113,0.670871294544123]],["CR0.48FE0.52HT",["NB","CR"],[0.012310198458488712,0.9848051399219033]]],
			[["NBCR2RT",["NB","CR"],[0.31901150394311206,0.6704273576016486]],["CR0.48FE0.52HT",["NB","CR"],[0.012308178990866307,0.9846818033811102]]],
			[["NBCR2RT",["NB","CR"],[0.31900722553722305,0.6699834206591744]],["CR0.48FE0.52HT",["NB","CR"],[0.0123061595232439,0.9845584668403171]]],
			[["NBCR2RT",["NB","CR"],[0.31900294713133404,0.6695394837166999]],["CR0.48FE0.52HT",["NB","CR"],[0.012304140055621492,0.9844351302995239]]],
			[["NBCR2RT",["NB","CR"],[0.3189986687254451,0.6690955467742254]],["CR0.48FE0.52HT",["NB","CR"],[0.012302120587999085,0.9843117937587308]]],
			[["NBCR2RT",["NB","CR"],[0.31899439031955606,0.6686516098317512]],["CR0.48FE0.52HT",["NB","CR"],[0.01230010112037668,0.9841884572179377]]],
			[["NBCR2RT",["NB","CR"],[0.31899011191366705,0.6682076728892767]],["CR0.48FE0.52HT",["NB","CR"],[0.012298081652754273,0.9840651206771445]]],
			[["NBCR2RT",["NB","CR"],[0.31898583350777804,0.6677637359468024]],["CR0.48FE0.52HT",["NB","CR"],[0.012296062185131866,0.9839417841363514]]],
			[["NBCR2RT",["NB","CR"],[0.3189815551018891,0.667319799004328]],["CR0.48FE0.52HT",["NB","CR"],[0.01229404271750946,0.9838184475955583]]],
			[["NBCR2RT",["NB","CR"],[0.318977276696,0.6668758620618537]],["CR0.48FE0.52HT",["NB","CR"],[0.012292023249887053,0.9836951110547651]]],
			[["NBCR2RT",["NB","CR"],[0.318972998290111,0.6664319251193793]],["CR0.48FE0.52HT",["NB","CR"],[0.012290003782264646,0.9835717745139719]]],
			[["NBCR2RT",["NB","CR"],[0.318968719884222,0.6659879881769049]],["CR0.48FE0.52HT",["NB","CR"],[0.012287984314642238,0.9834484379731788]]],
			[["NBCR2RT",["NB","CR"],[0.31896444147833297,0.6655440512344306]],["CR0.48FE0.52HT",["NB","CR"],[0.012285964847019833,0.9833251014323857]]],
			[["NBCR2RT",["NB","CR"],[0.318960163072444,0.6651001142919561]],["CR0.48FE0.52HT",["NB","CR"],[0.012283945379397426,0.9832017648915925]]],
			[["NBCR2RT",["NB","CR"],[0.318955884666555,0.6646561773494818]],["CR0.48FE0.52HT",["NB","CR"],[0.012281925911775017,0.9830784283507994]]],
			[["NBCR2RT",["NB","CR"],[0.318951606260666,0.6642122404070074]],["CR0.48FE0.52HT",["NB","CR"],[0.01227990644415261,0.9829550918100063]]],
			[["NBCR2RT",["NB","CR"],[0.318947327854777,0.663768303464533]],["CR0.48FE0.52HT",["NB","CR"],[0.012277886976530206,0.9828317552692132]]],
			[["NBCR2RT",["NB","CR"],[0.31894304944888796,0.6633243665220587]],["CR0.48FE0.52HT",["NB","CR"],[0.012275867508907797,0.98270841872842]]],
			[["NBCR2RT",["NB","CR"],[0.31893877104299895,0.6628804295795843]],["CR0.48FE0.52HT",["NB","CR"],[0.012273848041285392,0.9825850821876269]]],
			[["NBFE2",["NB","CR"],[0.3193155282540175,0.5870395282540174]],["NBCR2RT",["NB","CR"],[0.3194309670269098,0.6614029670269099]],["CR0.48FE0.52HT",["NB","CR"],[0.01176153457521505,0.982354134575215]]]],
	"reference": "C-A58757"
}