{
    "components": [
        "CR",
        "FE",
        "NB"
    ],
    "phases": [
        "CR0.48FE0.52HT",
        "NBCR2RT"
    ],
    "conditions": {
        "P": [
            101325
        ],
        "T": [
            973,
            973,
            973,
            973,
            973,
            973,
            973,
            973,
            973,
            973,
            973,
            973,
            973,
            973,
            973,
            973,
            973,
            973,
            973,
            973,
            973,
            973,
            973,
            973,
            973,
            973,
            973,
            973,
            973,
            973,
            973,
            973,
            973,
            973,
            973,
            973,
            973,
            973,
            973,
            973
        ]
    },
    "broadcast_conditions": false,
    "output": "ZPF",
    "values":
			[[["CR0.48FE0.52HT",["NB","CR"],[0.012355301535227391,0.9875626869010811]],["NBCR2RT",["NB","CR"],[0.3191119942181542,0.6808059942181541]]],
			[["CR0.48FE0.52HT",["NB","CR"],[0.012355333996846705,0.9875647047285541]],["NBCR2RT",["NB","CR"],[0.31911201936270034,0.6808080193627004]]],
			[["CR0.48FE0.52HT",["NB","CR"],[0.012355366458466022,0.987566722556027]],["NBCR2RT",["NB","CR"],[0.31911201936270034,0.6808080193627004]]],
			[["CR0.48FE0.52HT",["NB","CR"],[0.012355398920085336,0.9875687403835]],["NBCR2RT",["NB","CR"],[0.3191120445072465,0.6808100445072465]]],
			[["CR0.48FE0.52HT",["NB","CR"],[0.012355431381704652,0.987570758210973]],["NBCR2RT",["NB","CR"],[0.3191120696517926,0.6808120696517928]]],
			[["CR0.48FE0.52HT",["NB","CR"],[0.012355463843323967,0.987572776038446]],["NBCR2RT",["NB","CR"],[0.31911209479633884,0.6808140947963388]]],
			[["CR0.48FE0.52HT",["NB","CR"],[0.012355496304943283,0.9875747938659188]],["NBCR2RT",["NB","CR"],[0.31911211994088495,0.6808161199408849]]],
			[["CR0.48FE0.52HT",["NB","CR"],[0.012355528766562597,0.9875768116933918]],["NBCR2RT",["NB","CR"],[0.3191121450854311,0.680818145085431]]],
			[["CR0.48FE0.52HT",["NB","CR"],[0.012355561228181912,0.9875788295208648]],["NBCR2RT",["NB","CR"],[0.31911217022997723,0.6808201702299772]]],
			[["CR0.48FE0.52HT",["NB","CR"],[0.012355593689801228,0.9875808473483378]],["NBCR2RT",["NB","CR"],[0.3191121953745234,0.6808221953745234]]],
			[["CR0.48FE0.52HT",["NB","CR"],[0.012355626151420544,0.9875828651758107]],["NBCR2RT",["NB","CR"],[0.3191122205190695,0.6808242205190695]]],
			[["CR0.48FE0.52HT",["NB","CR"],[0.012355658613039859,0.9875848830032837]],["NBCR2RT",["NB","CR"],[0.3191122456636157,0.6808262456636156]]],
			[["CR0.48FE0.52HT",["NB","CR"],[0.012355691074659173,0.9875869008307567]],["NBCR2RT",["NB","CR"],[0.3191122708081618,0.6808282708081619]]],
			[["CR0.48FE0.52HT",["NB","CR"],[0.01235572353627849,0.9875889186582297]],["NBCR2RT",["NB","CR"],[0.31911229595270796,0.6808302959527079]]],
			[["CR0.48FE0.52HT",["NB","CR"],[0.012355755997897806,0.9875909364857027]],["NBCR2RT",["NB","CR"],[0.31911232109725407,0.6808323210972541]]],
			[["CR0.48FE0.52HT",["NB","CR"],[0.01235578845951712,0.9875929543131756]],["NBCR2RT",["NB","CR"],[0.31911234624180024,0.6808343462418003]]],
			[["CR0.48FE0.52HT",["NB","CR"],[0.012355820921136434,0.9875949721406486]],["NBCR2RT",["NB","CR"],[0.31911237138634635,0.6808363713863465]]],
			[["CR0.48FE0.52HT",["NB","CR"],[0.012355853382755749,0.9875969899681216]],["NBCR2RT",["NB","CR"],[0.3191123965308925,0.6808383965308926]]],
			[["CR0.48FE0.52HT",["NB","CR"],[0.012355885844375067,0.9875990077955946]],["NBCR2RT",["NB","CR"],[0.31911242167543863,0.6808404216754387]]],
			[["CR0.48FE0.52HT",["NB","CR"],[0.012355918305994381,0.9876010256230675]],["NBCR2RT",["NB","CR"],[0.3191124468199848,0.6808424468199848]]],
			[["CR0.48FE0.52HT",["NB","CR"],[0.012355950767613696,0.9876030434505405]],["NBCR2RT",["NB","CR"],[0.31911247196453096,0.680844471964531]]],
			[["CR0.48FE0.52HT",["NB","CR"],[0.01235598322923301,0.9876050612780135]],["NBCR2RT",["NB","CR"],[0.31911249710907713,0.6808464971090771]]],
			[["CR0.48FE0.52HT",["NB","CR"],[0.012356015690852326,0.9876070791054865]],["NBCR2RT",["NB","CR"],[0.31911252225362324,0.6808485222536232]]],
			[["CR0.48FE0.52HT",["NB","CR"],[0.012356048152471643,0.9876090969329594]],["NBCR2RT",["NB","CR"],[0.3191125473981694,0.6808505473981694]]],
			[["CR0.48FE0.52HT",["NB","CR"],[0.012356080614090957,0.9876111147604324]],["NBCR2RT",["NB","CR"],[0.3191125725427155,0.6808525725427156]]],
			[["CR0.48FE0.52HT",["NB","CR"],[0.012356113075710272,0.9876131325879054]],["NBCR2RT",["NB","CR"],[0.3191125976872617,0.6808545976872618]]],
			[["CR0.48FE0.52HT",["NB","CR"],[0.012356145537329588,0.9876151504153784]],["NBCR2RT",["NB","CR"],[0.3191126228318078,0.6808566228318078]]],
			[["CR0.48FE0.52HT",["NB","CR"],[0.012356177998948902,0.9876171682428514]],["NBCR2RT",["NB","CR"],[0.31911264797635397,0.680858647976354]]],
			[["CR0.48FE0.52HT",["NB","CR"],[0.012356210460568218,0.9876191860703243]],["NBCR2RT",["NB","CR"],[0.3191126731209001,0.6808606731209002]]],
			[["CR0.48FE0.52HT",["NB","CR"],[0.012356242922187533,0.9876212038977973]],["NBCR2RT",["NB","CR"],[0.31911269826544625,0.6808626982654462]]],
			[["CR0.48FE0.52HT",["NB","CR"],[0.012356275383806849,0.9876232217252703]],["NBCR2RT",["NB","CR"],[0.31911272340999236,0.6808647234099925]]],
			[["CR0.48FE0.52HT",["NB","CR"],[0.012356307845426164,0.9876252395527433]],["NBCR2RT",["NB","CR"],[0.31911274855453853,0.6808667485545385]]],
			[["CR0.48FE0.52HT",["NB","CR"],[0.012356340307045478,0.9876272573802162]],["NBCR2RT",["NB","CR"],[0.31911277369908464,0.6808687736990848]]],
			[["CR0.48FE0.52HT",["NB","CR"],[0.012356372768664794,0.9876292752076892]],["NBCR2RT",["NB","CR"],[0.3191127988436308,0.6808707988436309]]],
			[["CR0.48FE0.52HT",["NB","CR"],[0.01235640523028411,0.9876312930351622]],["NBCR2RT",["NB","CR"],[0.319112823988177,0.680872823988177]]],
			[["CR0.48FE0.52HT",["NB","CR"],[0.012356437691903425,0.9876333108626352]],["NBCR2RT",["NB","CR"],[0.31911284913272314,0.6808748491327231]]],
			[["CR0.48FE0.52HT",["NB","CR"],[0.01235647015352274,0.9876353286901081]],["NBCR2RT",["NB","CR"],[0.31911287427726925,0.6808768742772693]]],
			[["CR0.48FE0.52HT",["NB","CR"],[0.012356502615142054,0.9876373465175811]],["NBCR2RT",["NB","CR"],[0.3191128994218154,0.6808788994218153]]],
			[["CR0.48FE0.52HT",["NB","CR"],[0.012356535076761372,0.9876393643450541]],["NBCR2RT",["NB","CR"],[0.31911292456636153,0.6808809245663616]]],
			[["CR0.48FE0.52HT",["NB","CR"],[0.012356567538380686,0.9876413821725271]],["NBCR2RT",["NB","CR"],[0.3191129497109077,0.6808829497109077]]]],
	"reference": "C-A58757"
}