{
    "components": [
        "CR",
        "FE",
        "NB"
    ],
    "phases": [
        "CR0.48FE0.52HT",
        "CR0.48FE0.52HT",
        "NBFE2"
    ],
    "conditions": {
        "P": [
            101325
        ],
        "T": [
            973,
            973,
            973,
            973,
            973,
            973,
            973,
            973,
            973,
            973,
            973,
            973,
            973,
            973,
            973,
            973,
            973,
            973,
            973,
            973,
            973,
            973,
            973,
            973,
            973,
            973,
            973,
            973,
            973,
            973,
            973,
            973,
            973,
            973,
            973,
            973,
            973,
            973,
            973,
            973,
            973
        ]
    },
    "broadcast_conditions": false,
    "output": "ZPF",
    "values":
			[[["CR0.48FE0.52HT",["NB","CR"],[0.14438552556005796,0.2883655255600579]],["NBFE2",["NB","CR"],[0.310127035131473,0.16818503513147298]],["CR0.48FE0.52HT",["NB","CR"],[0.003895307805081988,0.692641307805082]]],
			[["CR0.48FE0.52HT",["NB","CR"],[0.13949160395658378,0.2963518478590228]],["CR0.48FE0.52HT",["NB","CR"],[0.003439766947068268,0.6924818157275561]]],
			[["CR0.48FE0.52HT",["NB","CR"],[0.13600340903546587,0.30156989684034397]],["CR0.48FE0.52HT",["NB","CR"],[0.0033532106247260995,0.6925353081857017]]],
			[["CR0.48FE0.52HT",["NB","CR"],[0.13251521411434797,0.306787945821665]],["CR0.48FE0.52HT",["NB","CR"],[0.0033532106247260995,0.6925353081857017]]],
			[["CR0.48FE0.52HT",["NB","CR"],[0.12902701919323,0.3120059948029862]],["CR0.48FE0.52HT",["NB","CR"],[0.003266654302383931,0.6925888006438474]]],
			[["CR0.48FE0.52HT",["NB","CR"],[0.12553882427211205,0.31722404378430724]],["CR0.48FE0.52HT",["NB","CR"],[0.003180097980041763,0.692642293101993]]],
			[["CR0.48FE0.52HT",["NB","CR"],[0.1220506293509942,0.3224420927656283]],["CR0.48FE0.52HT",["NB","CR"],[0.003093541657699622,0.6926957855601387]]],
			[["CR0.48FE0.52HT",["NB","CR"],[0.11856243442987618,0.32766014174694935]],["CR0.48FE0.52HT",["NB","CR"],[0.003006985335357426,0.6927492780182842]]],
			[["CR0.48FE0.52HT",["NB","CR"],[0.11507423950875828,0.3328781907282705]],["CR0.48FE0.52HT",["NB","CR"],[0.0029204290130152855,0.6928027704764299]]],
			[["CR0.48FE0.52HT",["NB","CR"],[0.11158604458764038,0.3380962397095917]],["CR0.48FE0.52HT",["NB","CR"],[0.002833872690673117,0.6928562629345756]]],
			[["CR0.48FE0.52HT",["NB","CR"],[0.10809784966652247,0.34331428869091274]],["CR0.48FE0.52HT",["NB","CR"],[0.0027473163683309765,0.6929097553927213]]],
			[["CR0.48FE0.52HT",["NB","CR"],[0.10460965474540457,0.3485323376722338]],["CR0.48FE0.52HT",["NB","CR"],[0.0026607600459887804,0.6929632478508668]]],
			[["CR0.48FE0.52HT",["NB","CR"],[0.10112145982428666,0.35375038665355496]],["CR0.48FE0.52HT",["NB","CR"],[0.0025742037236466675,0.6930167403090125]]],
			[["CR0.48FE0.52HT",["NB","CR"],[0.0976332649031687,0.358968435634876]],["CR0.48FE0.52HT",["NB","CR"],[0.002487647401304499,0.6930702327671582]]],
			[["CR0.48FE0.52HT",["NB","CR"],[0.0941450699820508,0.36418648461619707]],["CR0.48FE0.52HT",["NB","CR"],[0.0024010910789623585,0.6931237252253037]]],
			[["CR0.48FE0.52HT",["NB","CR"],[0.0906568750609329,0.36940453359751824]],["CR0.48FE0.52HT",["NB","CR"],[0.0023145347566201624,0.6931772176834494]]],
			[["CR0.48FE0.52HT",["NB","CR"],[0.08716868013981499,0.3746225825788394]],["CR0.48FE0.52HT",["NB","CR"],[0.0022279784342780218,0.6932307101415951]]],
			[["CR0.48FE0.52HT",["NB","CR"],[0.08368048521869709,0.37984063156016046]],["CR0.48FE0.52HT",["NB","CR"],[0.0021414221119358534,0.6932842025997408]]],
			[["CR0.48FE0.52HT",["NB","CR"],[0.08019229029757907,0.3850586805414815]],["CR0.48FE0.52HT",["NB","CR"],[0.002054865789593685,0.6933376950578864]]],
			[["CR0.48FE0.52HT",["NB","CR"],[0.07670409537646122,0.3902767295228027]],["CR0.48FE0.52HT",["NB","CR"],[0.0019683094672515167,0.693391187516032]]],
			[["CR0.48FE0.52HT",["NB","CR"],[0.07321590045534326,0.39549477850412385]],["CR0.48FE0.52HT",["NB","CR"],[0.001881753144909376,0.6934446799741777]]],
			[["CR0.48FE0.52HT",["NB","CR"],[0.0697277055342253,0.4007128274854448]],["CR0.48FE0.52HT",["NB","CR"],[0.0017951968225672077,0.6934981724323233]]],
			[["CR0.48FE0.52HT",["NB","CR"],[0.0662395106131074,0.40593087646676596]],["CR0.48FE0.52HT",["NB","CR"],[0.0017086405002250393,0.6935516648904689]]],
			[["CR0.48FE0.52HT",["NB","CR"],[0.0627513156919895,0.4111489254480871]],["CR0.48FE0.52HT",["NB","CR"],[0.001622084177882871,0.6936051573486146]]],
			[["CR0.48FE0.52HT",["NB","CR"],[0.05926312077087159,0.4163669744294082]],["CR0.48FE0.52HT",["NB","CR"],[0.0015355278555407303,0.6936586498067603]]],
			[["CR0.48FE0.52HT",["NB","CR"],[0.05577492584975369,0.42158502341072923]],["CR0.48FE0.52HT",["NB","CR"],[0.001448971533198562,0.6937121422649059]]],
			[["CR0.48FE0.52HT",["NB","CR"],[0.05228673092863578,0.4268030723920504]],["CR0.48FE0.52HT",["NB","CR"],[0.0013624152108563659,0.6937656347230515]]],
			[["CR0.48FE0.52HT",["NB","CR"],[0.04879853600751782,0.43202112137337145]],["CR0.48FE0.52HT",["NB","CR"],[0.0012758588885142252,0.6938191271811971]]],
			[["CR0.48FE0.52HT",["NB","CR"],[0.04531034108639986,0.4372391703546926]],["CR0.48FE0.52HT",["NB","CR"],[0.0011893025661720569,0.6938726196393428]]],
			[["CR0.48FE0.52HT",["NB","CR"],[0.041822146165281904,0.4424572193360137]],["CR0.48FE0.52HT",["NB","CR"],[0.0011027462438298885,0.6939261120974884]]],
			[["CR0.48FE0.52HT",["NB","CR"],[0.038333951244164,0.44767526831733484]],["CR0.48FE0.52HT",["NB","CR"],[0.0010161899214877201,0.6939796045556341]]],
			[["CR0.48FE0.52HT",["NB","CR"],[0.034845756323046095,0.4528933172986559]],["CR0.48FE0.52HT",["NB","CR"],[0.0009296335991455795,0.6940330970137797]]],
			[["CR0.48FE0.52HT",["NB","CR"],[0.03135756140192819,0.45811136627997695]],["CR0.48FE0.52HT",["NB","CR"],[0.0008430772768034389,0.6940865894719254]]],
			[["CR0.48FE0.52HT",["NB","CR"],[0.027869366480810287,0.4633294152612981]],["CR0.48FE0.52HT",["NB","CR"],[0.0007565209544612705,0.694140081930071]]],
			[["CR0.48FE0.52HT",["NB","CR"],[0.024381171559692383,0.4685474642426193]],["CR0.48FE0.52HT",["NB","CR"],[0.0006699646321191022,0.6941935743882166]]],
			[["CR0.48FE0.52HT",["NB","CR"],[0.020892976638574423,0.4737655132239402]],["CR0.48FE0.52HT",["NB","CR"],[0.0005834083097769616,0.6942470668463623]]],
			[["CR0.48FE0.52HT",["NB","CR"],[0.01740478171745652,0.4789835622052614]],["CR0.48FE0.52HT",["NB","CR"],[0.0004968519874347932,0.694300559304508]]],
			[["CR0.48FE0.52HT",["NB","CR"],[0.013916586796338615,0.48420161118658256]],["CR0.48FE0.52HT",["NB","CR"],[0.00041029566509262483,0.6943540517626536]]],
			[["CR0.48FE0.52HT",["NB","CR"],[0.01042839187522071,0.4894196601679036]],["CR0.48FE0.52HT",["NB","CR"],[0.00032373934275045646,0.6944075442207992]]],
			[["CR0.48FE0.52HT",["NB","CR"],[0.006940196954102779,0.49463770914922467]],["CR0.48FE0.52HT",["NB","CR"],[0.00023718302040831585,0.6944610366789449]]],
			[["CR0.48FE0.52HT",["NB","CR"],[0.0034520020329848466,0.49985575813054584]],["CR0.48FE0.52HT",["NB","CR"],[0.00015062669806614748,0.6945145291370904]]]],
	"reference": "C-A58757"
}