{
    "components": [
        "CR",
        "FE",
        "NB"
    ],
    "phases": [
        "NBFE2",
        "CR0.48FE0.52HT",
        "NBCR2RT",
        "CR0.48FE0.52HT"
    ],
    "conditions": {
        "P": [
            101325
        ],
        "T": [
            973,
            973,
            973,
            973,
            973,
            973,
            973,
            973,
            973,
            973,
            973,
            973,
            973,
            973,
            973,
            973,
            973,
            973,
            973,
            973,
            973,
            973,
            973,
            973,
            973,
            973,
            973,
            973,
            973,
            973,
            973,
            973,
            973,
            973,
            973,
            973,
            973,
            973,
            973,
            973,
            973,
            973
        ]
    },
    "broadcast_conditions": false,
    "output": "ZPF",
    "values":
			[[["NBFE2",["NB","CR"],[0.3193155282540175,0.5870395282540174]],["NBCR2RT",["NB","CR"],[0.3194309670269098,0.6614029670269099]],["CR0.48FE0.52HT",["NB","CR"],[0.01176153457521505,0.982354134575215]]],
			[["NBFE2",["NB","CR"],[0.3182005378601841,0.5771325579648185]],["CR0.48FE0.52HT",["NB","CR"],[0.011362246618416266,0.9745412638686752]]],
			[["NBFE2",["NB","CR"],[0.3177272996322332,0.5670842608947868]],["CR0.48FE0.52HT",["NB","CR"],[0.010630353885970164,0.9677952357044413]]],
			[["NBFE2",["NB","CR"],[0.3173108305842255,0.5570057135879465]],["CR0.48FE0.52HT",["NB","CR"],[0.010630353885970164,0.9677952357044413]]],
			[["NBFE2",["NB","CR"],[0.3169483805996112,0.5468985520177345]],["CR0.48FE0.52HT",["NB","CR"],[0.010014302720385282,0.9609826173125804]]],
			[["NBFE2",["NB","CR"],[0.31662624865719735,0.5367702541732398]],["CR0.48FE0.52HT",["NB","CR"],[0.009467362498384688,0.9541314849967703]]],
			[["NBFE2",["NB","CR"],[0.3163236486670862,0.5266317169252763]],["CR0.48FE0.52HT",["NB","CR"],[0.008995190863449083,0.9472386858836824]]],
			[["NBFE2",["NB","CR"],[0.31605021193584176,0.5164779987092522]],["CR0.48FE0.52HT",["NB","CR"],[0.008571211518887626,0.9403196817473262]]],
			[["NBFE2",["NB","CR"],[0.31578887394080857,0.5063179824821301]],["CR0.48FE0.52HT",["NB","CR"],[0.008211209941231225,0.9333658890824024]]],
			[["NBFE2",["NB","CR"],[0.3155436984632023,0.49614959522140967]],["CR0.48FE0.52HT",["NB","CR"],[0.007872830183189398,0.9264005673029717]]],
			[["NBFE2",["NB","CR"],[0.3153130237019949,0.48597369762173814]],["CR0.48FE0.52HT",["NB","CR"],[0.007600806828593008,0.9193998631835153]]],
			[["NBFE2",["NB","CR"],[0.315085846177676,0.4757959953576927]],["CR0.48FE0.52HT",["NB","CR"],[0.007328783473996632,0.9123991590640588]]],
			[["NBFE2",["NB","CR"],[0.31487671353251845,0.46560898147090224]],["CR0.48FE0.52HT",["NB","CR"],[0.007122087992666858,0.9053641611208615]]],
			[["NBFE2",["NB","CR"],[0.314667580887361,0.4554219675841118]],["CR0.48FE0.52HT",["NB","CR"],[0.0069192370689177135,0.8983271449797122]]],
			[["NBFE2",["NB","CR"],[0.3144691429379355,0.4452294498683149]],["CR0.48FE0.52HT",["NB","CR"],[0.006745627353018278,0.8912749680291341]]],
			[["NBFE2",["NB","CR"],[0.3142767164368192,0.43503383847090205]],["CR0.48FE0.52HT",["NB","CR"],[0.0065967832804263785,0.8842099507335026]]],
			[["NBFE2",["NB","CR"],[0.3140842899357029,0.42483822707348917]],["CR0.48FE0.52HT",["NB","CR"],[0.006450114707563279,0.8771438163857077]]],
			[["NBFE2",["NB","CR"],[0.3139034423630884,0.41463666878681527]],["CR0.48FE0.52HT",["NB","CR"],[0.006342514864668289,0.870057621447347]]],
			[["NBFE2",["NB","CR"],[0.31372273056413535,0.4044350407673565]],["CR0.48FE0.52HT",["NB","CR"],[0.006234915021773313,0.8629714265089862]]],
			[["NBFE2",["NB","CR"],[0.3135437676098315,0.39423251577003304]],["CR0.48FE0.52HT",["NB","CR"],[0.0061423025082791155,0.8558775923799491]]],
			[["NBFE2",["NB","CR"],[0.31337050500788954,0.3840270670768333]],["CR0.48FE0.52HT",["NB","CR"],[0.0060650215338160784,0.8487759436131678]]],
			[["NBFE2",["NB","CR"],[0.3131972424059477,0.3738216183836336]],["CR0.48FE0.52HT",["NB","CR"],[0.005987740559353041,0.8416742948463865]]],
			[["NBFE2",["NB","CR"],[0.31302600613757703,0.36361513130692313]],["CR0.48FE0.52HT",["NB","CR"],[0.00592863440668584,0.8345634308023623]]],
			[["NBFE2",["NB","CR"],[0.31285772137615736,0.35340713174668403]],["CR0.48FE0.52HT",["NB","CR"],[0.005871955413022267,0.8274513361029081]]],
			[["NBFE2",["NB","CR"],[0.3126894366147378,0.34319913218644504]],["CR0.48FE0.52HT",["NB","CR"],[0.005817996084654442,0.8203378670515782]]],
			[["NBFE2",["NB","CR"],[0.3125220485700464,0.3329906733262846]],["CR0.48FE0.52HT",["NB","CR"],[0.0057730213482842935,0.813219857739031]]],
			[["NBFE2",["NB","CR"],[0.3123554459364042,0.3227818121771717]],["CR0.48FE0.52HT",["NB","CR"],[0.005728046611914131,0.8061018484264839]]],
			[["NBFE2",["NB","CR"],[0.3121888433027621,0.3125729510280587]],["CR0.48FE0.52HT",["NB","CR"],[0.0056847947815142075,0.7989829698000449]]],
			[["NBFE2",["NB","CR"],[0.31202140410205675,0.30236451835863676]],["CR0.48FE0.52HT",["NB","CR"],[0.005642891751351159,0.7918634106194704]]],
			[["NBFE2",["NB","CR"],[0.31185349536988116,0.2921563261776442]],["CR0.48FE0.52HT",["NB","CR"],[0.005600988721188083,0.7847438514388958]]],
			[["NBFE2",["NB","CR"],[0.31168558663770574,0.28194813399665164]],["CR0.48FE0.52HT",["NB","CR"],[0.005554508712280026,0.777626602136729]]],
			[["NBFE2",["NB","CR"],[0.3115147935597337,0.271741419680972]],["CR0.48FE0.52HT",["NB","CR"],[0.005507428224667987,0.7705096558800578]]],
			[["NBFE2",["NB","CR"],[0.3113430752176193,0.2615351794470697]],["CR0.48FE0.52HT",["NB","CR"],[0.00545732353908214,0.7633942388829543]]],
			[["NBFE2",["NB","CR"],[0.3111713568755049,0.25132893921316724]],["CR0.48FE0.52HT",["NB","CR"],[0.005396356233818622,0.7562843148347963]]],
			[["NBFE2",["NB","CR"],[0.3109931795088825,0.24112601098500996]],["CR0.48FE0.52HT",["NB","CR"],[0.005335388928555063,0.7491743907866383]]],
			[["NBFE2",["NB","CR"],[0.31081436918170335,0.23092340732118877]],["CR0.48FE0.52HT",["NB","CR"],[0.00526114914158568,0.742071203973955]]],
			[["NBFE2",["NB","CR"],[0.31063415979030595,0.22072152197194828]],["CR0.48FE0.52HT",["NB","CR"],[0.005177228405271156,0.7349729313014305]]],
			[["NBFE2",["NB","CR"],[0.3104445181255753,0.21052447938787733]],["CR0.48FE0.52HT",["NB","CR"],[0.005093307668956659,0.727874658628906]]],
			[["NBFE2",["NB","CR"],[0.3102548764608445,0.20032743680380627]],["CR0.48FE0.52HT",["NB","CR"],[0.004977360801126596,0.7207927362335069]]],
			[["NBFE2",["NB","CR"],[0.3100586070589517,0.19013380331945462]],["CR0.48FE0.52HT",["NB","CR"],[0.004860802766287725,0.7137111258567469]]],
			[["NBFE2",["NB","CR"],[0.30985390777253907,0.17994450590279043]],["CR0.48FE0.52HT",["NB","CR"],[0.0047245035536490065,0.7066396739728114]]],
			[["CR0.48FE0.52HT",["NB","CR"],[0.14438552556005796,0.2883655255600579]],["NBFE2",["NB","CR"],[0.310127035131473,0.16818503513147298]],["CR0.48FE0.52HT",["NB","CR"],[0.003895307805081988,0.692641307805082]]]],
	"reference": "C-A58757"
}