{
    "components": [
        "CR",
        "FE",
        "NB"
    ],
    "phases": [
        "NBFE2",
        "NB6.33FE6.67",
        "NBCR2RT"
    ],
    "conditions": {
        "P": [
            101325
        ],
        "T": [
            973,
            973,
            973,
            973,
            973,
            973,
            973,
            973,
            973,
            973,
            973,
            973,
            973,
            973,
            973,
            973,
            973,
            973,
            973,
            973,
            973,
            973,
            973,
            973,
            973,
            973,
            973,
            973,
            973,
            973,
            973,
            973,
            973,
            973,
            973,
            973,
            973,
            973,
            973,
            973,
            973,
            973
        ]
    },
    "broadcast_conditions": false,
    "output": "ZPF",
    "values":
			[[["NB6.33FE6.67",["NB","CR"],[0.4766836735457199,0.07997367354571994]],["NBFE2",["NB","CR"],[0.3781689855681529,0.20303498556815303]],["NB6.33FE6.67",["NB","CR"],[0.9812841561575837,0.010982156157583578]]],
			[["NBFE2",["NB","CR"],[0.37869036972189274,0.21143149167311226]],["NB6.33FE6.67",["NB","CR"],[0.9797850035767429,0.012296076747474571]]],
			[["NBFE2",["NB","CR"],[0.3787062689412376,0.21954251284367665]],["NB6.33FE6.67",["NB","CR"],[0.9793722427461236,0.012818389087586923]]],
			[["NBFE2",["NB","CR"],[0.3787221681605824,0.22765353401424093]],["NB6.33FE6.67",["NB","CR"],[0.9793722427461236,0.012818389087586923]]],
			[["NBFE2",["NB","CR"],[0.37873806737992727,0.23576455518480532]],["NB6.33FE6.67",["NB","CR"],[0.9789594819155042,0.013340701427699386]]],
			[["NBFE2",["NB","CR"],[0.3787539665992722,0.24387557635536972]],["NB6.33FE6.67",["NB","CR"],[0.9785467210848848,0.013863013767811738]]],
			[["NBFE2",["NB","CR"],[0.378769865818617,0.2519865975259341]],["NB6.33FE6.67",["NB","CR"],[0.9781339602542656,0.01438532610792409]]],
			[["NBFE2",["NB","CR"],[0.3787857650379619,0.2600976186964985]],["NB6.33FE6.67",["NB","CR"],[0.9777211994236462,0.014907638448036442]]],
			[["NBFE2",["NB","CR"],[0.37880166425730677,0.2682086398670628]],["NB6.33FE6.67",["NB","CR"],[0.9773084385930269,0.015429950788148794]]],
			[["NBFE2",["NB","CR"],[0.37881756347665163,0.2763196610376272]],["NB6.33FE6.67",["NB","CR"],[0.9768956777624075,0.015952263128261257]]],
			[["NBFE2",["NB","CR"],[0.3788334626959965,0.28443068220819145]],["NB6.33FE6.67",["NB","CR"],[0.9764829169317882,0.016474575468373498]]],
			[["NBFE2",["NB","CR"],[0.37884936191534135,0.29254170337875585]],["NB6.33FE6.67",["NB","CR"],[0.9760701561011688,0.016996887808486072]]],
			[["NBFE2",["NB","CR"],[0.37886526113468616,0.30065272454932024]],["NB6.33FE6.67",["NB","CR"],[0.9756573952705495,0.017519200148598313]]],
			[["NBFE2",["NB","CR"],[0.37888116035403097,0.30876374571988463]],["NB6.33FE6.67",["NB","CR"],[0.9752446344399301,0.018041512488710776]]],
			[["NBFE2",["NB","CR"],[0.3788970595733758,0.316874766890449]],["NB6.33FE6.67",["NB","CR"],[0.9748318736093109,0.018563824828823017]]],
			[["NBFE2",["NB","CR"],[0.3789129587927207,0.3249857880610134]],["NB6.33FE6.67",["NB","CR"],[0.9744191127786915,0.01908613716893548]]],
			[["NBFE2",["NB","CR"],[0.37892885801206555,0.3330968092315778]],["NB6.33FE6.67",["NB","CR"],[0.9740063519480722,0.01960844950904783]]],
			[["NBFE2",["NB","CR"],[0.3789447572314104,0.3412078304021422]],["NB6.33FE6.67",["NB","CR"],[0.9735935911174529,0.020130761849160073]]],
			[["NBFE2",["NB","CR"],[0.3789606564507554,0.34931885157270637]],["NB6.33FE6.67",["NB","CR"],[0.9731808302868334,0.020653074189272647]]],
			[["NBFE2",["NB","CR"],[0.3789765556701002,0.35742987274327076]],["NB6.33FE6.67",["NB","CR"],[0.9727680694562142,0.021175386529384888]]],
			[["NBFE2",["NB","CR"],[0.37899245488944505,0.36554089391383515]],["NB6.33FE6.67",["NB","CR"],[0.9723553086255948,0.02169769886949735]]],
			[["NBFE2",["NB","CR"],[0.3790083541087899,0.37365191508439954]],["NB6.33FE6.67",["NB","CR"],[0.9719425477949756,0.02222001120960959]]],
			[["NBFE2",["NB","CR"],[0.3790242533281347,0.38176293625496394]],["NB6.33FE6.67",["NB","CR"],[0.9715297869643561,0.022742323549722165]]],
			[["NBFE2",["NB","CR"],[0.3790401525474796,0.38987395742552833]],["NB6.33FE6.67",["NB","CR"],[0.9711170261337368,0.023264635889834406]]],
			[["NBFE2",["NB","CR"],[0.37905605176682444,0.3979849785960927]],["NB6.33FE6.67",["NB","CR"],[0.9707042653031175,0.02378694822994676]]],
			[["NBFE2",["NB","CR"],[0.3790719509861693,0.4060959997666571]],["NB6.33FE6.67",["NB","CR"],[0.9702915044724981,0.02430926057005922]]],
			[["NBFE2",["NB","CR"],[0.3790878502055141,0.4142070209372215]],["NB6.33FE6.67",["NB","CR"],[0.9698787436418788,0.024831572910171573]]],
			[["NBFE2",["NB","CR"],[0.379103749424859,0.4223180421077858]],["NB6.33FE6.67",["NB","CR"],[0.9694659828112595,0.025353885250283925]]],
			[["NBFE2",["NB","CR"],[0.3791196486442039,0.4304290632783502]],["NB6.33FE6.67",["NB","CR"],[0.9690532219806403,0.025876197590396166]]],
			[["NBFE2",["NB","CR"],[0.37913554786354875,0.43854008444891446]],["NB6.33FE6.67",["NB","CR"],[0.9686404611500208,0.02639850993050874]]],
			[["NBFE2",["NB","CR"],[0.37915144708289356,0.44665110561947885]],["NB6.33FE6.67",["NB","CR"],[0.9682277003194015,0.02692082227062098]]],
			[["NBFE2",["NB","CR"],[0.3791673463022384,0.45476212679004324]],["NB6.33FE6.67",["NB","CR"],[0.9678149394887822,0.027443134610733444]]],
			[["NBFE2",["NB","CR"],[0.37918324552158333,0.46287314796060763]],["NB6.33FE6.67",["NB","CR"],[0.9674021786581628,0.027965446950845796]]],
			[["NBFE2",["NB","CR"],[0.37919914474092814,0.470984169131172]],["NB6.33FE6.67",["NB","CR"],[0.9669894178275434,0.028487759290958148]]],
			[["NBFE2",["NB","CR"],[0.379215043960273,0.4790951903017364]],["NB6.33FE6.67",["NB","CR"],[0.9665766569969242,0.0290100716310705]]],
			[["NBFE2",["NB","CR"],[0.37923094317961786,0.4872062114723007]],["NB6.33FE6.67",["NB","CR"],[0.9661638961663048,0.029532383971182852]]],
			[["NBFE2",["NB","CR"],[0.37924684239896267,0.4953172326428652]],["NB6.33FE6.67",["NB","CR"],[0.9657511353356855,0.030054696311295315]]],
			[["NBFE2",["NB","CR"],[0.37926274161830753,0.5034282538134295]],["NB6.33FE6.67",["NB","CR"],[0.9653383745050661,0.030577008651407667]]],
			[["NBFE2",["NB","CR"],[0.3792786408376524,0.5115392749839939]],["NB6.33FE6.67",["NB","CR"],[0.9649256136744468,0.03109932099152002]]],
			[["NBFE2",["NB","CR"],[0.3792945400569973,0.5196502961545582]],["NB6.33FE6.67",["NB","CR"],[0.9645128528438275,0.03162163333163237]]],
			[["NBFE2",["NB","CR"],[0.3793104392763421,0.5277613173251225]],["NB6.33FE6.67",["NB","CR"],[0.9641000920132081,0.03214394567174472]]],
			[["NBFE2",["NB","CR"],[0.378822949209688,0.5367789492096879]],["NBCR2RT",["NB","CR"],[0.3765220914252978,0.6046480914252979]],["NB6.33FE6.67",["NB","CR"],[0.9635468861880105,0.033426886188010485]]]],
	"reference": "C-A58757"
}