{
    "components": [
        "FE",
        "NB"
    ],
    "phases": [
        "FE,NI_225_CF4",
        "NBFE2_194_HP12",
        "NB0.002FE0.998_229_CI2"
    ],
    "conditions": {
        "P": 101325,
        "T": [
            1188.499,
            1208.488,
            1272.771,
            1285.28,
            1285.28,
            1297.6,
            1297.61,
            1309.72,
            1309.73,
            1321.64,
            1321.65,
            1333.37,
            1333.38,
            1344.92,
            1344.92,
            1356.29,
            1356.29,
            1367.49,
            1367.49,
            1378.52,
            1378.53,
            1389.4,
            1389.4,
            1400.12,
            1400.13,
            1410.7,
            1410.71,
            1421.15,
            1421.15,
            1431.46,
            1431.47,
            1441.65,
            1441.66,
            1451.72,
            1451.73,
            1461.59,
            1474.04,
            1486.56,
            1499.05,
            1511.5,
            1523.9,
            1536.25,
            1548.52,
            1560.71,
            1572.82,
            1584.83,
            1596.72,
            1608.5,
            1620.15,
            1631.66,
            1643.02,
            1654.22
        ]
    },
    "output": "ZPF",
    "broadcast_conditions": false,
    "values":
			[[["FE,NI_225_CF4",["NB"],[0.000381243]],["NBFE2_194_HP12",["NB"],[null]]],
			[["FE,NI_225_CF4",["NB"],[0.00152772]],["NBFE2_194_HP12",["NB"],[null]]],
			[["FE,NI_225_CF4",["NB"],[0.004385490000000001]],["NBFE2_194_HP12",["NB"],[null]]],
			[["FE,NI_225_CF4",["NB"],[0.0046957100000000005]],["NBFE2_194_HP12",["NB"],[null]]],
			[["FE,NI_225_CF4",["NB"],[0.0046958]],["NBFE2_194_HP12",["NB"],[null]]],
			[["FE,NI_225_CF4",["NB"],[0.00502284]],["NBFE2_194_HP12",["NB"],[0.3072962182547833]]],
			[["FE,NI_225_CF4",["NB"],[0.005022950000000001]],["NBFE2_194_HP12",["NB"],[0.3072959848166464]]],
			[["FE,NI_225_CF4",["NB"],[0.00536675]],["NBFE2_194_HP12",["NB"],[0.3070132912328377]]],
			[["FE,NI_225_CF4",["NB"],[0.005366880000000001]],["NBFE2_194_HP12",["NB"],[0.30701305779470084]]],
			[["FE,NI_225_CF4",["NB"],[0.0057279]],["NBFE2_194_HP12",["NB"],[0.30673503297363053]]],
			[["FE,NI_225_CF4",["NB"],[0.00572804]],["NBFE2_194_HP12",["NB"],[0.30673479953549365]]],
			[["FE,NI_225_CF4",["NB"],[0.00610676]],["NBFE2_194_HP12",["NB"],[0.3064612100390249]]],
			[["FE,NI_225_CF4",["NB"],[0.00610691]],["NBFE2_194_HP12",["NB"],[0.30646097660088795]]],
			[["FE,NI_225_CF4",["NB"],[0.006503790000000001]],["NBFE2_194_HP12",["NB"],[0.30619158899088367]]],
			[["FE,NI_225_CF4",["NB"],[0.00650396]],["NBFE2_194_HP12",["NB"],[0.30619158899088367]]],
			[["FE,NI_225_CF4",["NB"],[0.00691946]],["NBFE2_194_HP12",["NB"],[0.305926169829207]]],
			[["FE,NI_225_CF4",["NB"],[0.00691964]],["NBFE2_194_HP12",["NB"],[0.305926169829207]]],
			[["FE,NI_225_CF4",["NB"],[0.00735424]],["NBFE2_194_HP12",["NB"],[0.305664719115858]]],
			[["FE,NI_225_CF4",["NB"],[0.00735444]],["NBFE2_194_HP12",["NB"],[0.305664719115858]]],
			[["FE,NI_225_CF4",["NB"],[0.00780859]],["NBFE2_194_HP12",["NB"],[0.3054072368508366]]],
			[["FE,NI_225_CF4",["NB"],[0.00780881]],["NBFE2_194_HP12",["NB"],[0.30540700341269966]]],
			[["FE,NI_225_CF4",["NB"],[0.00828298]],["NBFE2_194_HP12",["NB"],[0.305153256157869]]],
			[["FE,NI_225_CF4",["NB"],[0.00828322]],["NBFE2_194_HP12",["NB"],[0.305153256157869]]],
			[["FE,NI_225_CF4",["NB"],[0.00877787]],["NBFE2_194_HP12",["NB"],[0.30490301047509205]]],
			[["FE,NI_225_CF4",["NB"],[0.00877814]],["NBFE2_194_HP12",["NB"],[0.3049027770369551]]],
			[["FE,NI_225_CF4",["NB"],[0.00929374]],["NBFE2_194_HP12",["NB"],[0.30465603292623195]]],
			[["FE,NI_225_CF4",["NB"],[0.00929403]],["NBFE2_194_HP12",["NB"],[0.30465579948809507]]],
			[["FE,NI_225_CF4",["NB"],[0.009831050000000001]],["NBFE2_194_HP12",["NB"],[0.3044120900731519]]],
			[["FE,NI_225_CF4",["NB"],[0.00983137]],["NBFE2_194_HP12",["NB"],[0.3044120900731519]]],
			[["FE,NI_225_CF4",["NB"],[0.010390299999999998]],["NBFE2_194_HP12",["NB"],[0.3041714153539886]]],
			[["FE,NI_225_CF4",["NB"],[0.010390600000000002]],["NBFE2_194_HP12",["NB"],[0.3041711819158517]]],
			[["FE,NI_225_CF4",["NB"],[0.010971900000000001]],["NBFE2_194_HP12",["NB"],[0.3039335418924684]]],
			[["FE,NI_225_CF4",["NB"],[0.010972200000000001]],["NBFE2_194_HP12",["NB"],[0.3039333084543314]]],
			[["FE,NI_225_CF4",["NB"],[0.0115763]],["NBFE2_194_HP12",["NB"],[0.30369846968859115]]],
			[["FE,NI_225_CF4",["NB"],[0.0115767]],["NBFE2_194_HP12",["NB"],[0.3036982362504542]]],
			[["FE,NI_225_CF4",["NB"],[0.0121981]],["NBFE2_194_HP12",["NB"],[0.30346873169750604]]],
			[["FE,NI_225_CF4",["NB"],[0.011894400000000001]],["NB0.002FE0.998_229_CI2",["NB"],[0.017566395419847326]]],
			[["FE,NI_225_CF4",["NB"],[0.011517]],["NB0.002FE0.998_229_CI2",["NB"],[0.016965407]]],
			[["FE,NI_225_CF4",["NB"],[0.0110714]],["NB0.002FE0.998_229_CI2",["NB"],[0.016307400550206328]]],
			[["FE,NI_225_CF4",["NB"],[0.0105611]],["NB0.002FE0.998_229_CI2",["NB"],[0.015589959588068185]]],
			[["FE,NI_225_CF4",["NB"],[0.00998958]],["NB0.002FE0.998_229_CI2",["NB"],[0.014811278739002929]]],
			[["FE,NI_225_CF4",["NB"],[0.00936039]],["NB0.002FE0.998_229_CI2",["NB"],[0.013969462016679306]]],
			[["FE,NI_225_CF4",["NB"],[0.008676979999999999]],["NB0.002FE0.998_229_CI2",["NB"],[0.013064614890282124]]],
			[["FE,NI_225_CF4",["NB"],[0.00794284]],["NB0.002FE0.998_229_CI2",["NB"],[0.012094209245742098]]],
			[["FE,NI_225_CF4",["NB"],[0.00716146]],["NB0.002FE0.998_229_CI2",["NB"],[0.011057757329974818]]],
			[["FE,NI_225_CF4",["NB"],[0.0063363199999999995]],["NB0.002FE0.998_229_CI2",["NB"],[0.00995411561739132]]],
			[["FE,NI_225_CF4",["NB"],[0.00547091]],["NB0.002FE0.998_229_CI2",["NB"],[0.008786603886384133]]],
			[["FE,NI_225_CF4",["NB"],[0.00456873]],["NB0.002FE0.998_229_CI2",["NB"],[null]]],
			[["FE,NI_225_CF4",["NB"],[0.0036332599999999997]],["NB0.002FE0.998_229_CI2",["NB"],[null]]],
			[["FE,NI_225_CF4",["NB"],[0.0026679900000000003]],["NB0.002FE0.998_229_CI2",["NB"],[null]]],
			[["FE,NI_225_CF4",["NB"],[0.0016764100000000001]],["NB0.002FE0.998_229_CI2",["NB"],[null]]],
			[["FE,NI_225_CF4",["NB"],[0.000662013]],["NB0.002FE0.998_229_CI2",["NB"],[null]]]],
	"reference": "C1600299",
    "phase": [
        "FE,NI_225_CF4",
        "NBFE2_194_HP12",
        "NB0.002FE0.998_229_CI2"
    ]
}