{
    "components": [
        "FE",
        "NB"
    ],
    "phases": [
        "NB_229_CI2",
        "LIQUID",
        "NB6.5FE6.5_166_HR39"
    ],
    "conditions": {
        "P": 101325,
        "T": [
            2737.4,
            2688.3255,
            2639.251,
            2590.1765,
            2541.102,
            2492.0275,
            2442.953,
            2393.8785000000003,
            2344.804,
            2295.7295000000004,
            2246.655,
            2197.5805,
            2148.5060000000003,
            2099.4315,
            2050.357,
            2001.2825,
            1952.208,
            1903.1335000000001,
            1854.0590000000002,
            1804.9845,
            1755.91,
            1720.66,
            1720.64,
            1684.58,
            1684.55,
            1647.81,
            1647.79,
            1610.21,
            1610.18,
            1571.61,
            1571.58,
            1531.86,
            1531.83,
            1490.79,
            1490.76,
            1448.25,
            1448.23,
            1404.09,
            1404.06,
            1358.13,
            1358.11,
            1310.23,
            1310.2,
            1260.222,
            1260.1979999999999,
            1207.951,
            1207.9279999999999,
            1153.257,
            1153.2359999999999,
            1095.982,
            1095.962,
            1035.967,
            973.912,
            973.912
        ]
    },
    "output": "ZPF",
    "broadcast_conditions": false,
    "values":
			[[["NB_229_CI2",["NB"],[0.999619]],["LIQUID",["NB"],[null]]],
			[["NB_229_CI2",["NB"],[0.99526435]],["LIQUID",["NB"],[null]]],
			[["NB_229_CI2",["NB"],[0.9909097]],["LIQUID",["NB"],[0.9490105733997902]]],
			[["NB_229_CI2",["NB"],[0.9865550500000001]],["LIQUID",["NB"],[0.9263070705984994]]],
			[["NB_229_CI2",["NB"],[0.9822004]],["LIQUID",["NB"],[0.903885383916449]]],
			[["NB_229_CI2",["NB"],[0.9778457500000001]],["LIQUID",["NB"],[0.8817528723736762]]],
			[["NB_229_CI2",["NB"],[0.9734910999999999]],["LIQUID",["NB"],[0.8599166367272727]]],
			[["NB_229_CI2",["NB"],[0.96913645]],["LIQUID",["NB"],[0.8383797394991366]]],
			[["NB_229_CI2",["NB"],[0.9647817999999999]],["LIQUID",["NB"],[0.8171548063557859]]],
			[["NB_229_CI2",["NB"],[0.96042715]],["LIQUID",["NB"],[0.7963115240826873]]],
			[["NB_229_CI2",["NB"],[0.9560724999999999]],["LIQUID",["NB"],[0.7757938927344555]]],
			[["NB_229_CI2",["NB"],[0.95171785]],["LIQUID",["NB"],[0.7556059993063882]]],
			[["NB_229_CI2",["NB"],[0.9473632000000001]],["LIQUID",["NB"],[0.73575021703944]]],
			[["NB_229_CI2",["NB"],[0.94300855]],["LIQUID",["NB"],[0.7162328504937011]]],
			[["NB_229_CI2",["NB"],[0.9386539]],["LIQUID",["NB"],[0.697060633503055]]],
			[["NB_229_CI2",["NB"],[0.93429925]],["LIQUID",["NB"],[0.6783053790733198]]],
			[["NB_229_CI2",["NB"],[0.9299446]],["LIQUID",["NB"],[0.6599295668809202]]],
			[["NB_229_CI2",["NB"],[0.92558995]],["LIQUID",["NB"],[0.6419114323975721]]],
			[["NB_229_CI2",["NB"],[0.9212353]],["LIQUID",["NB"],[0.6242609314285715]]],
			[["NB_229_CI2",["NB"],[0.91688065]],["LIQUID",["NB"],[0.6069768979834628]]],
			[["NB_229_CI2",["NB"],[0.9125260000000001]],["NB6.5FE6.5_166_HR39",["NB"],[0.4915672052748649]]],
			[["NB_229_CI2",["NB"],[0.920694]],["NB6.5FE6.5_166_HR39",["NB"],[0.49104161998254797]]],
			[["NB_229_CI2",["NB"],[0.920699]],["NB6.5FE6.5_166_HR39",["NB"],[0.4910412945026178]]],
			[["NB_229_CI2",["NB"],[0.928524]],["NB6.5FE6.5_166_HR39",["NB"],[0.4904114619908516]]],
			[["NB_229_CI2",["NB"],[0.928529]],["NB6.5FE6.5_166_HR39",["NB"],[0.490410922892616]]],
			[["NB_229_CI2",["NB"],[0.935941]],["NB6.5FE6.5_166_HR39",["NB"],[0.4897228777463563]]],
			[["NB_229_CI2",["NB"],[0.935946]],["NB6.5FE6.5_166_HR39",["NB"],[0.4897224840113117]]],
			[["NB_229_CI2",["NB"],[0.9429430000000001]],["NB6.5FE6.5_166_HR39",["NB"],[0.48896949902195175]]],
			[["NB_229_CI2",["NB"],[0.9429479999999999]],["NB6.5FE6.5_166_HR39",["NB"],[0.48896885807433166]]],
			[["NB_229_CI2",["NB"],[0.949529]],["NB6.5FE6.5_166_HR39",["NB"],[0.48814407620495004]]],
			[["NB_229_CI2",["NB"],[0.949534]],["NB6.5FE6.5_166_HR39",["NB"],[0.48814338384715583]]],
			[["NB_229_CI2",["NB"],[0.9556990000000001]],["NB6.5FE6.5_166_HR39",["NB"],[0.48722670212765956]]],
			[["NB_229_CI2",["NB"],[0.9557030000000001]],["NB6.5FE6.5_166_HR39",["NB"],[0.4872260097698654]]],
			[["NB_229_CI2",["NB"],[0.961452]],["NB6.5FE6.5_166_HR39",["NB"],[0.48621926507592195]]],
			[["NB_229_CI2",["NB"],[0.961455]],["NB6.5FE6.5_166_HR39",["NB"],[0.4862185219088937]]],
			[["NB_229_CI2",["NB"],[0.966786]],["NB6.5FE6.5_166_HR39",["NB"],[0.48511230008673034]]],
			[["NB_229_CI2",["NB"],[0.966789]],["NB6.5FE6.5_166_HR39",["NB"],[0.48511177103209024]]],
			[["NB_229_CI2",["NB"],[0.9717]],["NB6.5FE6.5_166_HR39",["NB"],[0.48389221981357033]]],
			[["NB_229_CI2",["NB"],[0.971703]],["NB6.5FE6.5_166_HR39",["NB"],[0.4838913737264253]]],
			[["NB_229_CI2",["NB"],[0.976194]],["NB6.5FE6.5_166_HR39",["NB"],[0.48254651570964247]]],
			[["NB_229_CI2",["NB"],[0.976197]],["NB6.5FE6.5_166_HR39",["NB"],[0.4825459180931745]]],
			[["NB_229_CI2",["NB"],[0.980267]],["NB6.5FE6.5_166_HR39",["NB"],[0.4810615162548765]]],
			[["NB_229_CI2",["NB"],[0.980269]],["NB6.5FE6.5_166_HR39",["NB"],[0.48106056827048116]]],
			[["NB_229_CI2",["NB"],[0.9839180000000001]],["NB6.5FE6.5_166_HR39",["NB"],[0.4794204761068851]]],
			[["NB_229_CI2",["NB"],[0.9839190000000001]],["NB6.5FE6.5_166_HR39",["NB"],[0.4794196761588973]]],
			[["NB_229_CI2",["NB"],[0.987145]],["NB6.5FE6.5_166_HR39",["NB"],[0.4776078428949308]]],
			[["NB_229_CI2",["NB"],[0.9871460000000001]],["NB6.5FE6.5_166_HR39",["NB"],[0.47760703703221885]]],
			[["NB_229_CI2",["NB"],[0.989949]],["NB6.5FE6.5_166_HR39",["NB"],[0.47559762053619886]]],
			[["NB_229_CI2",["NB"],[0.98995]],["NB6.5FE6.5_166_HR39",["NB"],[0.4755968113535222]]],
			[["NB_229_CI2",["NB"],[0.992327]],["NB6.5FE6.5_166_HR39",["NB"],[0.4733645165243465]]],
			[["NB_229_CI2",["NB"],[0.992328]],["NB6.5FE6.5_166_HR39",["NB"],[0.47336371084023204]]],
			[["NB_229_CI2",["NB"],[0.9942799999999999]],["NB6.5FE6.5_166_HR39",["NB"],[0.4708959178883717]]],
			[["NB_229_CI2",["NB"],[0.995785]],["NB6.5FE6.5_166_HR39",["NB"],[null]]],
			[["NB_229_CI2",["NB"],[0.999619]],["NB6.5FE6.5_166_HR39",["NB"],[null]]]],
	"reference": "C1600299",
    "phase": [
        "NB_229_CI2",
        "LIQUID",
        "NB6.5FE6.5_166_HR39"
    ]
}