{
    "components": [
        "FE",
        "NB"
    ],
    "phases": [
        "NB0.002FE0.998_229_CI2",
        "FE,NI_225_CF4",
        "NBFE2_194_HP12",
        "LIQUID"
    ],
    "conditions": {
        "P": 101325,
        "T": [
            1665.6,
            1656.95,
            1656.93,
            1647.77,
            1647.76,
            1638.23,
            1638.22,
            1628.3,
            1628.29,
            1617.99,
            1617.98,
            1607.28,
            1607.27,
            1596.18,
            1596.16,
            1584.66,
            1584.65,
            1572.74,
            1572.72,
            1560.39,
            1560.38,
            1547.62,
            1547.6,
            1534.41,
            1534.4,
            1520.76,
            1520.75,
            1506.67,
            1506.66,
            1492.12,
            1492.11,
            1477.11,
            1477.1,
            1469.24,
            1473.87,
            1473.88,
            1486.01,
            1486.02,
            1498.09,
            1498.09,
            1510.1,
            1510.11,
            1522.05,
            1522.05,
            1533.93,
            1533.94,
            1545.76,
            1545.76,
            1557.51,
            1557.52,
            1569.21,
            1569.22,
            1580.85,
            1580.85,
            1592.42,
            1592.42,
            1603.94,
            1603.94,
            1615.39,
            1615.39,
            1626.78,
            1626.79,
            1638.12,
            1638.12,
            1649.4,
            1649.4,
            1660.3,
            1667.732,
            1675.164,
            1682.596,
            1690.028,
            1697.46,
            1704.892,
            1712.324,
            1719.756,
            1727.188,
            1734.62,
            1742.052,
            1749.484,
            1756.916,
            1764.348,
            1771.78,
            1779.212,
            1786.644,
            1794.076,
            1801.508
        ]
    },
    "output": "ZPF",
    "broadcast_conditions": false,
    "values":
			[[["NB0.002FE0.998_229_CI2",["NB"],[0.000381243]],["FE,NI_225_CF4",["NB"],[null]]],
			[["NB0.002FE0.998_229_CI2",["NB"],[0.0016050600000000002]],["FE,NI_225_CF4",["NB"],[null]]],
			[["NB0.002FE0.998_229_CI2",["NB"],[0.00160665]],["FE,NI_225_CF4",["NB"],[null]]],
			[["NB0.002FE0.998_229_CI2",["NB"],[0.0028464000000000002]],["FE,NI_225_CF4",["NB"],[null]]],
			[["NB0.002FE0.998_229_CI2",["NB"],[0.00284795]],["FE,NI_225_CF4",["NB"],[null]]],
			[["NB0.002FE0.998_229_CI2",["NB"],[0.00407932]],["FE,NI_225_CF4",["NB"],[null]]],
			[["NB0.002FE0.998_229_CI2",["NB"],[0.00408083]],["FE,NI_225_CF4",["NB"],[null]]],
			[["NB0.002FE0.998_229_CI2",["NB"],[0.00529963]],["FE,NI_225_CF4",["NB"],[0.0029497716854908883]]],
			[["NB0.002FE0.998_229_CI2",["NB"],[0.0053010800000000005]],["FE,NI_225_CF4",["NB"],[0.00295061032145961]]],
			[["NB0.002FE0.998_229_CI2",["NB"],[0.00650312]],["FE,NI_225_CF4",["NB"],[0.003806703364806872]]],
			[["NB0.002FE0.998_229_CI2",["NB"],[0.006504520000000001]],["FE,NI_225_CF4",["NB"],[0.0038075063433476437]]],
			[["NB0.002FE0.998_229_CI2",["NB"],[0.007685610000000001]],["FE,NI_225_CF4",["NB"],[0.004662164601018678]]],
			[["NB0.002FE0.998_229_CI2",["NB"],[0.00768694]],["FE,NI_225_CF4",["NB"],[0.004662930458404076]]],
			[["NB0.002FE0.998_229_CI2",["NB"],[0.008842889999999999]],["FE,NI_225_CF4",["NB"],[0.005510213734230443]]],
			[["NB0.002FE0.998_229_CI2",["NB"],[0.00884415]],["FE,NI_225_CF4",["NB"],[0.005511669428090829]]],
			[["NB0.002FE0.998_229_CI2",["NB"],[0.00997077]],["FE,NI_225_CF4",["NB"],[0.006347999750208149]]],
			[["NB0.002FE0.998_229_CI2",["NB"],[0.00997196]],["FE,NI_225_CF4",["NB"],[0.00634868679433804]]],
			[["NB0.002FE0.998_229_CI2",["NB"],[0.011065100000000001]],["FE,NI_225_CF4",["NB"],[0.007166621882741531]]],
			[["NB0.002FE0.998_229_CI2",["NB"],[0.0110662]],["FE,NI_225_CF4",["NB"],[0.007167912353426914]]],
			[["NB0.002FE0.998_229_CI2",["NB"],[0.0121216]],["FE,NI_225_CF4",["NB"],[0.007962111927809677]]],
			[["NB0.002FE0.998_229_CI2",["NB"],[0.012122599999999999]],["FE,NI_225_CF4",["NB"],[0.007962714175553727]]],
			[["NB0.002FE0.998_229_CI2",["NB"],[0.0131361]],["FE,NI_225_CF4",["NB"],[0.00872710787286064]]],
			[["NB0.002FE0.998_229_CI2",["NB"],[0.013137099999999999]],["FE,NI_225_CF4",["NB"],[0.008728221825590876]]],
			[["NB0.002FE0.998_229_CI2",["NB"],[0.0141044]],["FE,NI_225_CF4",["NB"],[0.00945413166801619]]],
			[["NB0.002FE0.998_229_CI2",["NB"],[0.014105300000000001]],["FE,NI_225_CF4",["NB"],[0.009454641133603234]]],
			[["NB0.002FE0.998_229_CI2",["NB"],[0.0150224]],["FE,NI_225_CF4",["NB"],[0.01013430361290323]]],
			[["NB0.002FE0.998_229_CI2",["NB"],[0.0150232]],["FE,NI_225_CF4",["NB"],[0.010134764516129036]]],
			[["NB0.002FE0.998_229_CI2",["NB"],[0.015885899999999998]],["FE,NI_225_CF4",["NB"],[0.010759071807228912]]],
			[["NB0.002FE0.998_229_CI2",["NB"],[0.0158866]],["FE,NI_225_CF4",["NB"],[0.010759481686746985]]],
			[["NB0.002FE0.998_229_CI2",["NB"],[0.0166906]],["FE,NI_225_CF4",["NB"],[0.011318638430744597]]],
			[["NB0.002FE0.998_229_CI2",["NB"],[0.0166912]],["FE,NI_225_CF4",["NB"],[0.011318995196156928]]],
			[["NB0.002FE0.998_229_CI2",["NB"],[0.0174323]],["FE,NI_225_CF4",["NB"],[0.011801858626198085]]],
			[["NB0.002FE0.998_229_CI2",["NB"],[0.0174329]],["FE,NI_225_CF4",["NB"],[0.011802160063897766]]],
			[["NB0.002FE0.998_229_CI2",["NB"],[0.017775799999999998]],["NBFE2_194_HP12",["NB"],[0.30341741884553497]]],
			[["NB0.002FE0.998_229_CI2",["NB"],[0.018036399999999998]],["NBFE2_194_HP12",["NB"],[0.30338636283185844]]],
			[["NB0.002FE0.998_229_CI2",["NB"],[0.018036700000000003]],["NBFE2_194_HP12",["NB"],[0.30338629575623494]]],
			[["NB0.002FE0.998_229_CI2",["NB"],[0.01875]],["NBFE2_194_HP12",["NB"],[0.3033049330249397]]],
			[["NB0.002FE0.998_229_CI2",["NB"],[0.0187503]],["NBFE2_194_HP12",["NB"],[0.3033048659493162]]],
			[["NB0.002FE0.998_229_CI2",["NB"],[0.0194894]],["NBFE2_194_HP12",["NB"],[0.3032239056717619]]],
			[["NB0.002FE0.998_229_CI2",["NB"],[0.019489700000000002]],["NBFE2_194_HP12",["NB"],[0.3032239056717619]]],
			[["NB0.002FE0.998_229_CI2",["NB"],[0.0202537]],["NBFE2_194_HP12",["NB"],[0.3031433478479485]]],
			[["NB0.002FE0.998_229_CI2",["NB"],[0.020253999999999998]],["NBFE2_194_HP12",["NB"],[0.30314328077232505]]],
			[["NB0.002FE0.998_229_CI2",["NB"],[0.021042]],["NBFE2_194_HP12",["NB"],[0.3030631924778761]]],
			[["NB0.002FE0.998_229_CI2",["NB"],[0.0210423]],["NBFE2_194_HP12",["NB"],[0.3030631924778761]]],
			[["NB0.002FE0.998_229_CI2",["NB"],[0.021853400000000002]],["NBFE2_194_HP12",["NB"],[0.30298350663716817]]],
			[["NB0.002FE0.998_229_CI2",["NB"],[0.021853699999999997]],["NBFE2_194_HP12",["NB"],[0.30298343956154467]]],
			[["NB0.002FE0.998_229_CI2",["NB"],[0.022686799999999997]],["NBFE2_194_HP12",["NB"],[0.30290415617457767]]],
			[["NB0.002FE0.998_229_CI2",["NB"],[0.0226871]],["NBFE2_194_HP12",["NB"],[0.30290415617457767]]],
			[["NB0.002FE0.998_229_CI2",["NB"],[0.023541500000000003]],["NBFE2_194_HP12",["NB"],[0.30282534231697505]]],
			[["NB0.002FE0.998_229_CI2",["NB"],[0.023541799999999998]],["NBFE2_194_HP12",["NB"],[0.3028252752413516]]],
			[["NB0.002FE0.998_229_CI2",["NB"],[0.0244164]],["NBFE2_194_HP12",["NB"],[0.30274686383748994]]],
			[["NB0.002FE0.998_229_CI2",["NB"],[0.0244167]],["NBFE2_194_HP12",["NB"],[0.30274679676186644]]],
			[["NB0.002FE0.998_229_CI2",["NB"],[0.025310600000000003]],["NBFE2_194_HP12",["NB"],[0.3026687878117458]]],
			[["NB0.002FE0.998_229_CI2",["NB"],[0.025310899999999997]],["NBFE2_194_HP12",["NB"],[0.3026687878117458]]],
			[["NB0.002FE0.998_229_CI2",["NB"],[0.026223200000000002]],["NBFE2_194_HP12",["NB"],[0.30259118131536605]]],
