{
    "components": [
        "FE",
        "NB"
    ],
    "phases": [
        "NB0.002FE0.998_229_CI2",
        "FE_PURE"
    ],
    "conditions": {
        "P": 101325,
        "T": [
            1062.036,
            1072.018,
            1072.021,
            1085.9859999999999,
            1085.989,
            1099.895,
            1099.897,
            1113.739,
            1113.741,
            1127.5140000000001,
            1127.516,
            1141.2150000000001,
            1141.217,
            1154.836,
            1154.838,
            1168.373,
            1168.374,
            1181.821,
            1181.8220000000001,
            1195.174,
            1201.161,
            1184.8400000000001,
            1184.7559999999999,
            1184.674,
            1184.597,
            1184.525,
            1184.4589999999998,
            1184.4,
            1184.347,
            1184.3020000000001,
            1184.2640000000001,
            1184.2359999999999,
            1184.2150000000001,
            1184.204,
            1184.201,
            1184.208,
            1184.223,
            1184.2469999999998,
            1184.28,
            1184.321
        ]
    },
    "output": "ZPF",
    "broadcast_conditions": false,
    "values":
			[[["NB0.002FE0.998_229_CI2",["NB"],[0.000381243]],["FE_PURE",["NB"],[null]]],
			[["NB0.002FE0.998_229_CI2",["NB"],[0.000523665]],["FE_PURE",["NB"],[null]]],
			[["NB0.002FE0.998_229_CI2",["NB"],[0.00052371]],["FE_PURE",["NB"],[null]]],
			[["NB0.002FE0.998_229_CI2",["NB"],[0.000742344]],["FE_PURE",["NB"],[null]]],
			[["NB0.002FE0.998_229_CI2",["NB"],[0.00074239]],["FE_PURE",["NB"],[null]]],
			[["NB0.002FE0.998_229_CI2",["NB"],[0.000977786]],["FE_PURE",["NB"],[null]]],
			[["NB0.002FE0.998_229_CI2",["NB"],[0.0009778299999999998]],["FE_PURE",["NB"],[null]]],
			[["NB0.002FE0.998_229_CI2",["NB"],[0.00122812]],["FE_PURE",["NB"],[null]]],
			[["NB0.002FE0.998_229_CI2",["NB"],[0.00122817]],["FE_PURE",["NB"],[null]]],
			[["NB0.002FE0.998_229_CI2",["NB"],[0.0014915]],["FE_PURE",["NB"],[null]]],
			[["NB0.002FE0.998_229_CI2",["NB"],[0.0014915400000000002]],["FE_PURE",["NB"],[null]]],
			[["NB0.002FE0.998_229_CI2",["NB"],[0.0017660400000000002]],["FE_PURE",["NB"],[null]]],
			[["NB0.002FE0.998_229_CI2",["NB"],[0.00176608]],["FE_PURE",["NB"],[null]]],
			[["NB0.002FE0.998_229_CI2",["NB"],[0.0020499]],["FE_PURE",["NB"],[null]]],
			[["NB0.002FE0.998_229_CI2",["NB"],[0.00204993]],["FE_PURE",["NB"],[null]]],
			[["NB0.002FE0.998_229_CI2",["NB"],[0.00234119]],["FE_PURE",["NB"],[null]]],
			[["NB0.002FE0.998_229_CI2",["NB"],[0.0023412199999999998]],["FE_PURE",["NB"],[null]]],
			[["NB0.002FE0.998_229_CI2",["NB"],[0.00263807]],["FE_PURE",["NB"],[null]]],
			[["NB0.002FE0.998_229_CI2",["NB"],[0.0026381]],["FE_PURE",["NB"],[null]]],
			[["NB0.002FE0.998_229_CI2",["NB"],[0.00293869]],["FE_PURE",["NB"],[null]]],
			[["NB0.002FE0.998_229_CI2",["NB"],[0.0030753200000000003]],["FE_PURE",["NB"],[null]]],
			[["NB0.002FE0.998_229_CI2",["NB"],[0.000935626]],["FE_PURE",["NB"],[null]]],
			[["NB0.002FE0.998_229_CI2",["NB"],[0.000922545]],["FE_PURE",["NB"],[null]]],
			[["NB0.002FE0.998_229_CI2",["NB"],[0.000906021]],["FE_PURE",["NB"],[null]]],
			[["NB0.002FE0.998_229_CI2",["NB"],[0.000886216]],["FE_PURE",["NB"],[null]]],
			[["NB0.002FE0.998_229_CI2",["NB"],[0.0008633240000000001]],["FE_PURE",["NB"],[null]]],
			[["NB0.002FE0.998_229_CI2",["NB"],[0.0008375699999999999]],["FE_PURE",["NB"],[null]]],
			[["NB0.002FE0.998_229_CI2",["NB"],[0.0008092069999999999]],["FE_PURE",["NB"],[null]]],
			[["NB0.002FE0.998_229_CI2",["NB"],[0.000778513]],["FE_PURE",["NB"],[null]]],
			[["NB0.002FE0.998_229_CI2",["NB"],[0.000745791]],["FE_PURE",["NB"],[null]]],
			[["NB0.002FE0.998_229_CI2",["NB"],[0.0007113600000000001]],["FE_PURE",["NB"],[null]]],
			[["NB0.002FE0.998_229_CI2",["NB"],[0.0006755600000000001]],["FE_PURE",["NB"],[null]]],
			[["NB0.002FE0.998_229_CI2",["NB"],[0.0006387410000000001]],["FE_PURE",["NB"],[null]]],
			[["NB0.002FE0.998_229_CI2",["NB"],[0.000601266]],["FE_PURE",["NB"],[null]]],
			[["NB0.002FE0.998_229_CI2",["NB"],[0.000563502]],["FE_PURE",["NB"],[null]]],
			[["NB0.002FE0.998_229_CI2",["NB"],[0.00052582]],["FE_PURE",["NB"],[null]]],
			[["NB0.002FE0.998_229_CI2",["NB"],[0.000488591]],["FE_PURE",["NB"],[null]]],
			[["NB0.002FE0.998_229_CI2",["NB"],[0.000452179]],["FE_PURE",["NB"],[null]]],
			[["NB0.002FE0.998_229_CI2",["NB"],[0.000416942]],["FE_PURE",["NB"],[null]]],
			[["NB0.002FE0.998_229_CI2",["NB"],[0.00038322599999999997]],["FE_PURE",["NB"],[null]]]],
	"reference": "C1600299",
    "phase": [
        "NB0.002FE0.998_229_CI2",
        "FE_PURE"
    ]
}