{
    "components": [
        "FE",
        "NB"
    ],
    "phases": [
        "NB6.5FE6.5_166_HR39",
        "NBFE2_194_HP12",
        "LIQUID",
        "NB_229_CI2"
    ],
    "conditions": {
        "P": 101325,
        "T": [
            973.0,
            973.0,
            1022.189,
            1071.225,
            1120.106,
            1168.83,
            1217.396,
            1265.8029999999999,
            1314.05,
            1362.13,
            1410.05,
            1457.8,
            1505.38,
            1552.79,
            1600.03,
            1647.1,
            1693.99,
            1740.7,
            1787.24,
            1755.77,
            1709.93,
            1664.02,
            1618.05,
            1572.04,
            1525.98,
            1479.88,
            1433.76,
            1387.63,
            1341.48,
            1295.3400000000001,
            1249.1970000000001,
            1203.075,
            1156.978,
            1110.913,
            1064.8899999999999,
            1018.916
        ]
    },
    "output": "ZPF",
    "broadcast_conditions": false,
    "values":
			[[["NB6.5FE6.5_166_HR39",["NB"],[0.468166]],["NBFE2_194_HP12",["NB"],[0.329013]]],
			[["NB6.5FE6.5_166_HR39",["NB"],[0.45596600000000004]],["NBFE2_194_HP12",["NB"],[0.329013]]],
			[["NB6.5FE6.5_166_HR39",["NB"],[0.456687]],["NBFE2_194_HP12",["NB"],[0.3297650938668895]]],
			[["NB6.5FE6.5_166_HR39",["NB"],[0.457502]],["NBFE2_194_HP12",["NB"],[0.3305648754281895]]],
			[["NB6.5FE6.5_166_HR39",["NB"],[0.45841299999999996]],["NBFE2_194_HP12",["NB"],[0.33141276406723036]]],
			[["NB6.5FE6.5_166_HR39",["NB"],[0.45942]],["NBFE2_194_HP12",["NB"],[0.33230744896681275]]],
			[["NB6.5FE6.5_166_HR39",["NB"],[0.460522]],["NBFE2_194_HP12",["NB"],[0.3332503381745336]]],
			[["NB6.5FE6.5_166_HR39",["NB"],[0.461721]],["NBFE2_194_HP12",["NB"],[0.3342409353041809]]],
			[["NB6.5FE6.5_166_HR39",["NB"],[0.463016]],["NBFE2_194_HP12",["NB"],[0.33527875839766325]]],
			[["NB6.5FE6.5_166_HR39",["NB"],[0.46440800000000004]],["NBFE2_194_HP12",["NB"],[0.3363635811430956]]],
			[["NB6.5FE6.5_166_HR39",["NB"],[0.465896]],["NBFE2_194_HP12",["NB"],[0.33749660630085543]]],
			[["NB6.5FE6.5_166_HR39",["NB"],[0.46748199999999995]],["NBFE2_194_HP12",["NB"],[0.3386774494053828]]],
			[["NB6.5FE6.5_166_HR39",["NB"],[0.469165]],["NBFE2_194_HP12",["NB"],[0.3399053513457125]]],
			[["NB6.5FE6.5_166_HR39",["NB"],[0.470946]],["NBFE2_194_HP12",["NB"],[0.3411799183886454]]],
			[["NB6.5FE6.5_166_HR39",["NB"],[0.472824]],["NBFE2_194_HP12",["NB"],[0.3425020653581124]]],
			[["NB6.5FE6.5_166_HR39",["NB"],[0.47479999999999994]],["NBFE2_194_HP12",["NB"],[0.34387214285714285]]],
			[["NB6.5FE6.5_166_HR39",["NB"],[0.47687399999999996]],["NBFE2_194_HP12",["NB"],[0.34528912476489027]]],
			[["NB6.5FE6.5_166_HR39",["NB"],[0.479047]],["NBFE2_194_HP12",["NB"],[0.3467538852184821]]],
			[["NB6.5FE6.5_166_HR39",["NB"],[0.481319]],["LIQUID",["NB"],[0.5159684479166663]]],
			[["NB6.5FE6.5_166_HR39",["NB"],[0.49161299999999997]],["NB_229_CI2",["NB"],[0.9125584402836879]]],
			[["NB6.5FE6.5_166_HR39",["NB"],[0.490867]],["NB_229_CI2",["NB"],[0.9230230640599002]]],
			[["NB6.5FE6.5_166_HR39",["NB"],[0.490042]],["NB_229_CI2",["NB"],[0.9326707626565052]]],
			[["NB6.5FE6.5_166_HR39",["NB"],[0.489137]],["NB_229_CI2",["NB"],[0.9414832746141565]]],
			[["NB6.5FE6.5_166_HR39",["NB"],[0.488154]],["NB_229_CI2",["NB"],[0.9494556313196785]]],
			[["NB6.5FE6.5_166_HR39",["NB"],[0.487091]],["NB_229_CI2",["NB"],[0.9565224846491227]]],
			[["NB6.5FE6.5_166_HR39",["NB"],[0.485949]],["NB_229_CI2",["NB"],[0.9628194149611856]]],
			[["NB6.5FE6.5_166_HR39",["NB"],[0.484729]],["NB_229_CI2",["NB"],[0.9683989268237427]]],
			[["NB6.5FE6.5_166_HR39",["NB"],[0.48342799999999997]],["NB_229_CI2",["NB"],[0.9733095127367732]]],
			[["NB6.5FE6.5_166_HR39",["NB"],[0.482049]],["NB_229_CI2",["NB"],[0.9776106194653299]]],
			[["NB6.5FE6.5_166_HR39",["NB"],[0.480591]],["NB_229_CI2",["NB"],[0.9813539601824803]]],
			[["NB6.5FE6.5_166_HR39",["NB"],[0.47905299999999995]],["NB_229_CI2",["NB"],[0.9845982586368597]]],
			[["NB6.5FE6.5_166_HR39",["NB"],[0.47743699999999994]],["NB_229_CI2",["NB"],[0.987394814892722]]],
			[["NB6.5FE6.5_166_HR39",["NB"],[0.475741]],["NB_229_CI2",["NB"],[0.9897582231164602]]],
			[["NB6.5FE6.5_166_HR39",["NB"],[0.473966]],["NB_229_CI2",["NB"],[0.9917071134069235]]],
			[["NB6.5FE6.5_166_HR39",["NB"],[0.472112]],["NB_229_CI2",["NB"],[0.9933389599799983]]],
			[["NB6.5FE6.5_166_HR39",["NB"],[0.47017899999999996]],["NB_229_CI2",["NB"],[0.9946935324309081]]]],
	"reference": "C1600299",
    "phase": [
        "NB6.5FE6.5_166_HR39",
        "NBFE2_194_HP12",
        "LIQUID",
        "NB_229_CI2"
    ]
}