{
    "components": [
        "FE",
        "NB"
    ],
    "phases": [
        "NBFE2_194_HP12",
        "NB0.002FE0.998_229_CI2",
        "FE_PURE",
        "LIQUID",
        "NB6.5FE6.5_166_HR39"
    ],
    "conditions": {
        "P": 101325,
        "T": [
            973.0,
            973.0,
            984.7689,
            996.5378000000001,
            1008.3067,
            1020.0756,
            1031.8445000000002,
            1043.6134,
            1055.3823,
            1067.1512,
            1078.9201,
            1090.689,
            1102.4578999999999,
            1114.2268,
            1125.9957,
            1137.7646,
            1149.5335,
            1161.3024,
            1173.0713,
            1184.8402,
            1196.6091000000001,
            1208.3780000000002,
            1221.0366,
            1233.6952,
            1246.3538,
            1259.0124,
            1271.671,
            1284.3296,
            1296.9882,
            1309.6468,
            1322.3054,
            1334.964,
            1347.6226,
            1360.2812,
            1372.9398,
            1385.5984,
            1398.257,
            1410.9156,
            1423.5742,
            1436.2328,
            1448.8914,
            1461.55,
            1471.494,
            1481.4379999999999,
            1491.382,
            1501.326,
            1511.27,
            1521.214,
            1531.158,
            1541.102,
            1551.046,
            1560.99,
            1570.934,
            1580.878,
            1590.8220000000001,
            1600.766,
            1610.71,
            1620.654,
            1630.598,
            1640.5420000000001,
            1650.486,
            1660.43,
            1688.52,
            1714.7,
            1739.0,
            1761.43,
            1782.03,
            1800.83,
            1817.85,
            1833.11,
            1846.66,
            1858.51,
            1868.69,
            1877.23,
            1884.15,
            1889.49,
            1893.27,
            1895.52,
            1896.26,
            1895.83,
            1894.53,
            1892.4,
            1889.46,
            1885.72,
            1881.21,
            1875.96,
            1869.98,
            1863.3,
            1855.94,
            1847.92,
            1839.27,
            1830.0,
            1820.14,
            1809.71,
            1798.74,
            1787.24,
            1739.41,
            1691.56,
            1643.68,
            1595.79,
            1547.88,
            1499.95,
            1452.02,
            1404.09,
            1356.15,
            1308.22,
            1260.288,
            1212.366,
            1164.4560000000001,
            1116.5610000000001,
            1068.685,
            1020.83
        ]
    },
    "output": "ZPF",
    "broadcast_conditions": false,
    "values":
			[[["NBFE2_194_HP12",["NB"],[0.329013]],["NB0.002FE0.998_229_CI2",["NB"],[null]]],
			[["NBFE2_194_HP12",["NB"],[0.318338]],["NB0.002FE0.998_229_CI2",["NB"],[null]]],
			[["NBFE2_194_HP12",["NB"],[0.31789005]],["NB0.002FE0.998_229_CI2",["NB"],[null]]],
			[["NBFE2_194_HP12",["NB"],[0.3174421]],["NB0.002FE0.998_229_CI2",["NB"],[null]]],
			[["NBFE2_194_HP12",["NB"],[0.31699415]],["NB0.002FE0.998_229_CI2",["NB"],[null]]],
			[["NBFE2_194_HP12",["NB"],[0.3165462]],["NB0.002FE0.998_229_CI2",["NB"],[null]]],
			[["NBFE2_194_HP12",["NB"],[0.31609825]],["NB0.002FE0.998_229_CI2",["NB"],[null]]],
			[["NBFE2_194_HP12",["NB"],[0.3156503]],["NB0.002FE0.998_229_CI2",["NB"],[null]]],
			[["NBFE2_194_HP12",["NB"],[0.31520235]],["NB0.002FE0.998_229_CI2",["NB"],[null]]],
			[["NBFE2_194_HP12",["NB"],[0.3147544]],["NB0.002FE0.998_229_CI2",["NB"],[0.0004542260709677424]]],
			[["NBFE2_194_HP12",["NB"],[0.31430644999999996]],["NB0.002FE0.998_229_CI2",["NB"],[0.0006317213017830302]]],
			[["NBFE2_194_HP12",["NB"],[0.3138585]],["NB0.002FE0.998_229_CI2",["NB"],[0.0008219499884941763]]],
			[["NBFE2_194_HP12",["NB"],[0.31341055]],["NB0.002FE0.998_229_CI2",["NB"],[0.0010241360006501942]]],
			[["NBFE2_194_HP12",["NB"],[0.3129626]],["NB0.002FE0.998_229_CI2",["NB"],[0.0012374581517461708]]],
			[["NBFE2_194_HP12",["NB"],[0.31251465]],["NB0.002FE0.998_229_CI2",["NB"],[0.0014624711799172301]]],
			[["NBFE2_194_HP12",["NB"],[0.3120667]],["NB0.002FE0.998_229_CI2",["NB"],[0.0016969010263522878]]],
			[["NBFE2_194_HP12",["NB"],[0.31161875]],["NB0.002FE0.998_229_CI2",["NB"],[0.0019393958844261695]]],
			[["NBFE2_194_HP12",["NB"],[0.31117079999999997]],["NB0.002FE0.998_229_CI2",["NB"],[0.0021890375835980796]]],
			[["NBFE2_194_HP12",["NB"],[0.31072285]],["NB0.002FE0.998_229_CI2",["NB"],[0.0024449155086636435]]],
			[["NBFE2_194_HP12",["NB"],[0.3102749]],["NB0.002FE0.998_229_CI2",["NB"],[0.0027060479282504514]]],
			[["NBFE2_194_HP12",["NB"],[0.30982695]],["FE_PURE",["NB"],[0.0]]],
			[["NBFE2_194_HP12",["NB"],[0.309379]],["FE_PURE",["NB"],[0.0]]],
			[["NBFE2_194_HP12",["NB"],[0.3090835]],["FE_PURE",["NB"],[0.0]]],
			[["NBFE2_194_HP12",["NB"],[0.308788]],["FE_PURE",["NB"],[0.0]]],
			[["NBFE2_194_HP12",["NB"],[0.3084925]],["FE_PURE",["NB"],[0.0]]],
			[["NBFE2_194_HP12",["NB"],[0.308197]],["FE_PURE",["NB"],[0.0]]],
			[["NBFE2_194_HP12",["NB"],[0.3079015]],["FE_PURE",["NB"],[0.0]]],
			[["NBFE2_194_HP12",["NB"],[0.307606]],["FE_PURE",["NB"],[0.0]]],
			[["NBFE2_194_HP12",["NB"],[0.3073105]],["FE_PURE",["NB"],[0.0]]],
			[["NBFE2_194_HP12",["NB"],[0.307015]],["FE_PURE",["NB"],[0.0]]],
			[["NBFE2_194_HP12",["NB"],[0.3067195]],["FE_PURE",["NB"],[0.0]]],
			[["NBFE2_194_HP12",["NB"],[0.30642400000000003]],["FE_PURE",["NB"],[0.0]]],
			[["NBFE2_194_HP12",["NB"],[0.3061285]],["FE_PURE",["NB"],[0.0]]],
			[["NBFE2_194_HP12",["NB"],[0.305833]],["FE_PURE",["NB"],[0.0]]],
			[["NBFE2_194_HP12",["NB"],[0.3055375]],["FE_PURE",["NB"],[0.0]]],
			[["NBFE2_194_HP12",["NB"],[0.305242]],["FE_PURE",["NB"],[0.0]]],
			[["NBFE2_194_HP12",["NB"],[0.3049465]],["FE_PURE",["NB"],[0.0]]],
			[["NBFE2_194_HP12",["NB"],[0.304651]],["FE_PURE",["NB"],[0.0]]],
			[["NBFE2_194_HP12",["NB"],[0.3043555]],["FE_PURE",["NB"],[0.0]]],
			[["NBFE2_194_HP12",["NB"],[0.30406]],["FE_PURE",["NB"],[0.0]]],
			[["NBFE2_194_HP12",["NB"],[0.3037645]],["FE_PURE",["NB"],[0.0]]],
			[["NBFE2_194_HP12",["NB"],[0.303469]],["FE_PURE",["NB"],[0.0]]],
			[["NBFE2_194_HP12",["NB"],[0.3034023]],["NB0.002FE0.998_229_CI2",["NB"],[0.01790266660907127]]],
			[["NBFE2_194_HP12",["NB"],[0.30333560000000004]],["NB0.002FE0.998_229_CI2",["NB"],[0.01848114529266281]]],
			[["NBFE2_194_HP12",["NB"],[0.3032689]],["NB0.002FE0.998_229_CI2",["NB"],[0.01907863920463961]]],
			[["NBFE2_194_HP12",["NB"],[0.30320220000000003]],["NB0.002FE0.998_229_CI2",["NB"],[0.01969555378850958]]],
			[["NBFE2_194_HP12",["NB"],[0.3031355]],["NB0.002FE0.998_229_CI2",["NB"],[0.020330556113902852]]],
			[["NBFE2_194_HP12",["NB"],[0.30306879999999997]],["NB0.002FE0.998_229_CI2",["NB"],[0.020986826800670016]]],
			[["NBFE2_194_HP12",["NB"],[0.3030021]],["NB0.002FE0.998_229_CI2",["NB"],[0.021664143333333327]]],
			[["NBFE2_194_HP12",["NB"],[0.3029354]],["NB0.002FE0.998_229_CI2",["NB"],[0.02235849375634518]]],
			[["NBFE2_194_HP12",["NB"],[0.3028687]],["NB0.002FE0.998_229_CI2",["NB"],[0.02307147092765958]]],
			[["NBFE2_194_HP12",["NB"],[0.302802]],["NB0.002FE0.998_229_CI2",["NB"],[0.023801411804961505]]],
			[["NBFE2_194_HP12",["NB"],[0.3027353]],["NB0.002FE0.998_229_CI2",["NB"],[0.024548440722269985]]],
			[["NBFE2_194_HP12",["NB"],[0.3026686]],["NB0.002FE0.998_229_CI2",["NB"],[0.02531310781331029]]],
			[["NBFE2_194_HP12",["NB"],[0.30260190000000003]],["NB0.002FE0.998_229_CI2",["NB"],[0.026097196940363013]]],
			[["NBFE2_194_HP12",["NB"],[0.3025352]],["NB0.002FE0.998_229_CI2",["NB"],[0.026897120729166665]]],
