{
    "components": [
        "CR",
        "FE",
        "NI"
    ],
    "phases": [
        "FE",
        "CR"
    ],
    "conditions": {
        "P": [
            101325
        ],
        "T": [
            1123,
            1123,
            1123,
            1123,
            1123,
            1123,
            1123,
            1123,
            1123,
            1123,
            1123,
            1123,
            1123,
            1123,
            1123,
            1123,
            1123,
            1123,
            1123,
            1123,
            1123,
            1123,
            1123,
            1123,
            1123,
            1123,
            1123,
            1123,
            1123,
            1123,
            1123,
            1123,
            1123,
            1123,
            1123,
            1123,
            1123,
            1123,
            1123,
            1123
        ]
    },
    "broadcast_conditions": false,
    "output": "ZPF",
    "values":
			[[["FE",["NI","CR"],[0,0.11333167573040315]],["CR",["NI","CR"],[0,0.11501080753769322]]],
			[["FE",["NI","CR"],[0,0.11333167573040315]],["CR",["NI","CR"],[0,0.11501119299739015]]],
			[["FE",["NI","CR"],[0,0.11333167573040315]],["CR",["NI","CR"],[0,0.11501119299739015]]],
			[["FE",["NI","CR"],[0,0.11333167573040315]],["CR",["NI","CR"],[0,0.1150115784570871]]],
			[["FE",["NI","CR"],[0,0.11333167573040315]],["CR",["NI","CR"],[0,0.11501196391678425]]],
			[["FE",["NI","CR"],[0,0.11333167573040315]],["CR",["NI","CR"],[0,0.1150123493764812]]],
			[["FE",["NI","CR"],[0,0.11333167573040315]],["CR",["NI","CR"],[0,0.11501273483617824]]],
			[["FE",["NI","CR"],[0,0.11333167573040315]],["CR",["NI","CR"],[0,0.11501312029587529]]],
			[["FE",["NI","CR"],[0,0.11333167573040315]],["CR",["NI","CR"],[0,0.11501350575557234]]],
			[["FE",["NI","CR"],[0,0.11333167573040315]],["CR",["NI","CR"],[0,0.11501389121526917]]],
			[["FE",["NI","CR"],[0,0.11333167573040315]],["CR",["NI","CR"],[0,0.11501427667496622]]],
			[["FE",["NI","CR"],[0,0.11333167573040315]],["CR",["NI","CR"],[0,0.11501466213466327]]],
			[["FE",["NI","CR"],[0,0.11333167573040315]],["CR",["NI","CR"],[0,0.11501504759436021]]],
			[["FE",["NI","CR"],[0,0.11333167573040315]],["CR",["NI","CR"],[0,0.11501543305405726]]],
			[["FE",["NI","CR"],[0,0.11333167573040315]],["CR",["NI","CR"],[0,0.11501581851375431]]],
			[["FE",["NI","CR"],[0,0.11333167573040315]],["CR",["NI","CR"],[0,0.11501620397345136]]],
			[["FE",["NI","CR"],[0,0.11333167573040315]],["CR",["NI","CR"],[0,0.1150165894331483]]],
			[["FE",["NI","CR"],[0,0.11333167573040315]],["CR",["NI","CR"],[0,0.11501697489284535]]],
			[["FE",["NI","CR"],[0,0.11333167573040315]],["CR",["NI","CR"],[0,0.1150173603525424]]],
			[["FE",["NI","CR"],[0,0.11333167573040315]],["CR",["NI","CR"],[0,0.11501774581223922]]],
			[["FE",["NI","CR"],[0,0.11333167573040315]],["CR",["NI","CR"],[0,0.11501813127193627]]],
			[["FE",["NI","CR"],[0,0.11333167573040315]],["CR",["NI","CR"],[0,0.11501851673163332]]],
			[["FE",["NI","CR"],[0,0.11333167573040315]],["CR",["NI","CR"],[0,0.11501890219133037]]],
			[["FE",["NI","CR"],[0,0.11333167573040315]],["CR",["NI","CR"],[0,0.11501928765102731]]],
			[["FE",["NI","CR"],[0,0.11333167573040315]],["CR",["NI","CR"],[0,0.11501967311072447]]],
			[["FE",["NI","CR"],[0,0.11333167573040315]],["CR",["NI","CR"],[0,0.11502005857042141]]],
			[["FE",["NI","CR"],[0,0.11333167573040315]],["CR",["NI","CR"],[0,0.11502044403011835]]],
			[["FE",["NI","CR"],[0,0.11333167573040315]],["CR",["NI","CR"],[0,0.1150208294898154]]],
			[["FE",["NI","CR"],[0,0.11333167573040315]],["CR",["NI","CR"],[0,0.11502121494951245]]],
			[["FE",["NI","CR"],[0,0.11333167573040315]],["CR",["NI","CR"],[0,0.1150216004092095]]],
			[["FE",["NI","CR"],[0,0.11333167573040315]],["CR",["NI","CR"],[0,0.11502198586890633]]],
			[["FE",["NI","CR"],[0,0.11333167573040315]],["CR",["NI","CR"],[0,0.11502237132860338]]],
			[["FE",["NI","CR"],[0,0.11333167573040315]],["CR",["NI","CR"],[0,0.11502275678830043]]],
			[["FE",["NI","CR"],[0,0.11333167573040315]],["CR",["NI","CR"],[0,0.11502314224799737]]],
			[["FE",["NI","CR"],[0,0.11333167573040315]],["CR",["NI","CR"],[0,0.11502352770769453]]],
			[["FE",["NI","CR"],[0,0.11333167573040315]],["CR",["NI","CR"],[0,0.11502391316739147]]],
			[["FE",["NI","CR"],[0,0.11333167573040315]],["CR",["NI","CR"],[0,0.1150242986270884]]],
			[["FE",["NI","CR"],[0,0.11333167573040315]],["CR",["NI","CR"],[0,0.11502468408678546]]],
			[["FE",["NI","CR"],[0,0.11333167573040315]],["CR",["NI","CR"],[0,0.1150250695464825]]],
			[["FE",["NI","CR"],[0,0.11333167573040315]],["CR",["NI","CR"],[0,0.11502545500617956]]]],
	"reference": "C-A58757"
}