{
    "components": [
        "CR",
        "FE",
        "NI"
    ],
    "phases": [
        "CR",
        "CR0.48FE0.52HT",
        "FE"
    ],
    "conditions": {
        "P": [
            101325
        ],
        "T": [
            1123,
            1123,
            1123,
            1123,
            1123,
            1123,
            1123,
            1123,
            1123,
            1123,
            1123,
            1123,
            1123,
            1123,
            1123,
            1123,
            1123,
            1123,
            1123,
            1123,
            1123,
            1123,
            1123,
            1123,
            1123,
            1123,
            1123,
            1123,
            1123,
            1123,
            1123,
            1123,
            1123,
            1123,
            1123,
            1123,
            1123,
            1123,
            1123,
            1123,
            1123
        ]
    },
    "broadcast_conditions": false,
    "output": "ZPF",
    "values":
			[[["CR",["NI","CR"],[0.05272297798629483,0.3282082312272545]],["CR0.48FE0.52HT",["NI","CR"],[0.04501692670892937,0.4410895870981446]]],
			[["CR",["NI","CR"],[0.050462633089718045,0.3371031395716375]],["CR0.48FE0.52HT",["NI","CR"],[0.045590624535962576,0.44299156196348455]]],
			[["CR",["NI","CR"],[0.04821759926730529,0.34599363031274555]],["CR0.48FE0.52HT",["NI","CR"],[0.045590624535962576,0.44299156196348455]]],
			[["CR",["NI","CR"],[0.04609113452592306,0.35484991109868824]],["CR0.48FE0.52HT",["NI","CR"],[0.04612047168762873,0.4453461255568445]]],
			[["CR",["NI","CR"],[0.04396466978454078,0.36370619188463094]],["CR0.48FE0.52HT",["NI","CR"],[0.04675630337993647,0.44762997075879696]]],
			[["CR",["NI","CR"],[0.04183820504315855,0.37256247267057363]],["CR0.48FE0.52HT",["NI","CR"],[0.04739213507224416,0.44991381596074953]]],
			[["CR",["NI","CR"],[0.039858967190630645,0.38137397788796434]],["CR0.48FE0.52HT",["NI","CR"],[0.048088243563259275,0.4521554410926173]]],
			[["CR",["NI","CR"],[0.03790601389603104,0.39017748928007934]],["CR0.48FE0.52HT",["NI","CR"],[0.04883699740079925,0.4543601915020782]]],
			[["CR",["NI","CR"],[0.03595306060143155,0.39898100067219444]],["CR0.48FE0.52HT",["NI","CR"],[0.04959635758962677,0.45655713128875797]]],
			[["CR",["NI","CR"],[0.0341798634090244,0.40772630400754695]],["CR0.48FE0.52HT",["NI","CR"],[0.05046464645808427,0.4586738549102771]]],
			[["CR",["NI","CR"],[0.032446420936042386,0.4164587340944441]],["CR0.48FE0.52HT",["NI","CR"],[0.05133293532654176,0.4607905785317963]]],
			[["CR",["NI","CR"],[0.030713657575393183,0.4251909278136248]],["CR0.48FE0.52HT",["NI","CR"],[0.05228493055582539,0.4628423978606472]]],
			[["CR",["NI","CR"],[0.02925164180352613,0.43382888677040854]],["CR0.48FE0.52HT",["NI","CR"],[0.05327731948993078,0.46486289669229997]]],
			[["CR",["NI","CR"],[0.027789626031659076,0.4424668457271923]],["CR0.48FE0.52HT",["NI","CR"],[0.05430705169766409,0.46685286019712535]]],
			[["CR",["NI","CR"],[0.02645077879675095,0.451058347809713]],["CR0.48FE0.52HT",["NI","CR"],[0.055429283933132456,0.468767187093158]]],
			[["CR",["NI","CR"],[0.0253165457341763,0.45957267324378714]],["CR0.48FE0.52HT",["NI","CR"],[0.05655151616860091,0.47068151398919067]]],
			[["CR",["NI","CR"],[0.024182312671601647,0.4680869986778612]],["CR0.48FE0.52HT",["NI","CR"],[0.05779656372412356,0.47248976657701003]]],
			[["CR",["NI","CR"],[0.02340026664663636,0.47645645719365737]],["CR0.48FE0.52HT",["NI","CR"],[0.05905167720308882,0.4742893253319652]]],
			[["CR",["NI","CR"],[0.0226514257814783,0.48481225725908883]],["CR0.48FE0.52HT",["NI","CR"],[0.06038600516857093,0.47601650319188327]]],
			[["CR",["NI","CR"],[0.022163700078427967,0.493050436308042]],["CR0.48FE0.52HT",["NI","CR"],[0.06177755918160008,0.477691391720354]]],
			[["CR",["NI","CR"],[0.02185662674679864,0.5012072393258822]],["CR0.48FE0.52HT",["NI","CR"],[0.06320394443603586,0.4793325427241769]]],
			[["CR",["NI","CR"],[0.021735879877298636,0.5092719681309792]],["CR0.48FE0.52HT",["NI","CR"],[0.06473417066218012,0.4808731134098434]]],
			[["CR",["NI","CR"],[0.021918193529166186,0.5171869379667944]],["CR0.48FE0.52HT",["NI","CR"],[0.06626439688832442,0.4824136840955099]]],
			[["CR",["NI","CR"],[0.022233780871986214,0.5250297240033692]],["CR0.48FE0.52HT",["NI","CR"],[0.06792337336747392,0.48382181890511444]]],
			[["CR",["NI","CR"],[0.02293884957385317,0.532661558845988]],["CR0.48FE0.52HT",["NI","CR"],[0.06959187802674016,0.485220152779563]]],
			[["CR",["NI","CR"],[0.02374315603160282,0.5402346701807956]],["CR0.48FE0.52HT",["NI","CR"],[0.07134518265956713,0.4865256613069916]]],
			[["CR",["NI","CR"],[0.024985473609383108,0.5475485903519199]],["CR0.48FE0.52HT",["NI","CR"],[0.07315178872568392,0.48777282401384936]]],
			[["CR",["NI","CR"],[0.026302361309239325,0.5548145561864317]],["CR0.48FE0.52HT",["NI","CR"],[0.07499804015215361,0.4889736976564]]],
			[["CR",["NI","CR"],[0.02807316018494274,0.5617886221458617]],["CR0.48FE0.52HT",["NI","CR"],[0.07693955038342051,0.4900633491811084]]],
			[["CR",["NI","CR"],[0.029891243222407854,0.568729872859286]],["CR0.48FE0.52HT",["NI","CR"],[0.07888106061468739,0.4911530007058169]]],
			[["CR",["NI","CR"],[0.03216136748830278,0.5753574065993541]],["CR0.48FE0.52HT",["NI","CR"],[0.08094817419883929,0.49208587421282024]]],
			[["CR",["NI","CR"],[0.03443911201220576,0.5819792793246]],["CR0.48FE0.52HT",["NI","CR"],[0.08302018068633768,0.4930126404012698]]],
			[["CR",["NI","CR"],[0.03716131557055474,0.5882709677989799]],["CR0.48FE0.52HT",["NI","CR"],[0.085168890978007,0.4938367783059454]]],
			[["CR",["NI","CR"],[0.039883519128903755,0.5945626562733597]],["CR0.48FE0.52HT",["NI","CR"],[0.08736589279066409,0.4945963030408653]]],
			[["CR",["NI","CR"],[0.0429513098419006,0.6005819656809049]],["CR0.48FE0.52HT",["NI","CR"],[0.08959100663529884,0.495315387965502]]],
			[["CR",["NI","CR"],[0.04606629168172749,0.6065640807803981]],["CR0.48FE0.52HT",["NI","CR"],[0.09190580008017729,0.495905466704353]]],
			[["CR",["NI","CR"],[0.04939816924720031,0.6123664687021837]],["CR0.48FE0.52HT",["NI","CR"],[0.0942205935250558,0.49649554544320385]]],
			[["CR",["NI","CR"],[0.052843068627730305,0.6180752029026745]],["CR0.48FE0.52HT",["NI","CR"],[0.09662616892677647,0.49694476314833524]]],
			[["CR",["NI","CR"],[0.0563744738699537,0.6237092378424652]],["CR0.48FE0.52HT",["NI","CR"],[0.0990504721290322,0.49736492202465954]]],
			[["CR",["NI","CR"],[0.060086189637156645,0.6291875716234124]],["CR0.48FE0.52HT",["NI","CR"],[0.10151265986476793,0.4977214417279845]]],
			[["FE",["NI","CR"],[0.28411453434019235,0.3154145343401924]],["CR",["NI","CR"],[0.0638702586496605,0.6358602586496604]],["CR0.48FE0.52HT",["NI","CR"],[0.1071564092443468,0.4977524092443468]]]],
	"reference": "C-A58757"
}