{
    "components": [
        "CR",
        "FE",
        "NI"
    ],
    "phases": [
        "FE",
        "CR0.48FE0.52HT",
        "CR"
    ],
    "conditions": {
        "P": [
            101325
        ],
        "T": [
            1123,
            1123,
            1123,
            1123,
            1123,
            1123,
            1123,
            1123,
            1123,
            1123,
            1123,
            1123,
            1123,
            1123,
            1123,
            1123,
            1123,
            1123,
            1123,
            1123,
            1123,
            1123,
            1123,
            1123,
            1123,
            1123,
            1123,
            1123,
            1123,
            1123,
            1123,
            1123,
            1123,
            1123,
            1123,
            1123,
            1123,
            1123,
            1123,
            1123,
            1123,
            1123
        ]
    },
    "broadcast_conditions": false,
    "output": "ZPF",
    "values":
			[[["FE",["NI","CR"],[0.28411453434019235,0.3154145343401924]],["CR",["NI","CR"],[0.0638702586496605,0.6358602586496604]],["CR0.48FE0.52HT",["NI","CR"],[0.1071564092443468,0.4977524092443468]]],
			[["FE",["NI","CR"],[0.2803784964600557,0.31241937872654657]],["CR0.48FE0.52HT",["NI","CR"],[0.10647909464458175,0.4950198560143232]]],
			[["FE",["NI","CR"],[0.2773192550940554,0.3092370196270373]],["CR0.48FE0.52HT",["NI","CR"],[0.10552758766595208,0.4930811104054349]]],
			[["FE",["NI","CR"],[0.2742215077573936,0.3060932120085622]],["CR0.48FE0.52HT",["NI","CR"],[0.10552758766595208,0.4930811104054349]]],
			[["FE",["NI","CR"],[0.2710281691169256,0.3030451086736672]],["CR0.48FE0.52HT",["NI","CR"],[0.10453040817280362,0.49117934454131573]]],
			[["FE",["NI","CR"],[0.2678348304764575,0.2999970053387724]],["CR0.48FE0.52HT",["NI","CR"],[0.10349834305491615,0.48930582458203775]]],
			[["FE",["NI","CR"],[0.26456712676206207,0.2970255249774725]],["CR0.48FE0.52HT",["NI","CR"],[0.10246627793702864,0.4874323046227599]]],
			[["FE",["NI","CR"],[0.26124112122609405,0.2941141166190495]],["CR0.48FE0.52HT",["NI","CR"],[0.10135827403314529,0.4856224399360194]]],
			[["FE",["NI","CR"],[0.25791511569012593,0.29120270826062666]],["CR0.48FE0.52HT",["NI","CR"],[0.10024706991239088,0.48381525781358936]]],
			[["FE",["NI","CR"],[0.254471167824288,0.28841639948085973]],["CR0.48FE0.52HT",["NI","CR"],[0.09910522092779875,0.48203465756801545]]],
			[["FE",["NI","CR"],[0.2510130717662694,0.285645097466539]],["CR0.48FE0.52HT",["NI","CR"],[0.09791554393015159,0.48029554415560316]]],
			[["FE",["NI","CR"],[0.24751840695555072,0.2829137370767373]],["CR0.48FE0.52HT",["NI","CR"],[0.09672586693250443,0.4785564307431909]]],
			[["FE",["NI","CR"],[0.24393005866805012,0.2802847009385705]],["CR0.48FE0.52HT",["NI","CR"],[0.09547109419020039,0.47687571240616256]]],
			[["FE",["NI","CR"],[0.2403417103805496,0.2776556648004036]],["CR0.48FE0.52HT",["NI","CR"],[0.09420546040031058,0.47520473712831346]]],
			[["FE",["NI","CR"],[0.23666070968004507,0.2751308644441999]],["CR0.48FE0.52HT",["NI","CR"],[0.09291354207285951,0.4735581273966528]]],
			[["FE",["NI","CR"],[0.23294378207246502,0.2726464825631457]],["CR0.48FE0.52HT",["NI","CR"],[0.09157395394765105,0.4719557071682823]]],
			[["FE",["NI","CR"],[0.22920070075839638,0.2701924125933517]],["CR0.48FE0.52HT",["NI","CR"],[0.09023436582244262,0.47035328693991163]]],
			[["FE",["NI","CR"],[0.22535846270110282,0.2678532643996665]],["CR0.48FE0.52HT",["NI","CR"],[0.08883120403650516,0.4688117303177485]]],
			[["FE",["NI","CR"],[0.22151622464380916,0.2655141162059813]],["CR0.48FE0.52HT",["NI","CR"],[0.08741956585767297,0.46727828875193544]]],
			[["FE",["NI","CR"],[0.2175829683231265,0.26328365720815516]],["CR0.48FE0.52HT",["NI","CR"],[0.08597779051081372,0.4657746245834615]]],
			[["FE",["NI","CR"],[0.21361802989976403,0.2610910313015702]],["CR0.48FE0.52HT",["NI","CR"],[0.08449699681077741,0.46430951297589906]]],
			[["FE",["NI","CR"],[0.20961535997860747,0.25894483639657384]],["CR0.48FE0.52HT",["NI","CR"],[0.08301536304143864,0.46284525732319604]]],
			[["FE",["NI","CR"],[0.20553128678305582,0.2568988133846575]],["CR0.48FE0.52HT",["NI","CR"],[0.08146812021271715,0.4614478513851872]]],
			[["FE",["NI","CR"],[0.20144721358750423,0.25485279037274133]],["CR0.48FE0.52HT",["NI","CR"],[0.07992087738399567,0.4600504454471782]]],
			[["FE",["NI","CR"],[0.19725626994239676,0.2529422897232314]],["CR0.48FE0.52HT",["NI","CR"],[0.07833484008485228,0.4586937706815153]]],
			[["FE",["NI","CR"],[0.19305729685202455,0.25104197120915395]],["CR0.48FE0.52HT",["NI","CR"],[0.0767240028602347,0.4573631339060007]]],
			[["FE",["NI","CR"],[0.1887943842423403,0.24922520094894207]],["CR0.48FE0.52HT",["NI","CR"],[0.07509955727383028,0.4560472066019945]]],
			[["FE",["NI","CR"],[0.18448501404049356,0.24746913572288987]],["CR0.48FE0.52HT",["NI","CR"],[0.07342851194750735,0.4547816496186312]]],
			[["FE",["NI","CR"],[0.1801481432085062,0.24575009257629832]],["CR0.48FE0.52HT",["NI","CR"],[0.0717574666211844,0.45351609263526804]]],
			[["FE",["NI","CR"],[0.1757332504897734,0.24413608456802882]],["CR0.48FE0.52HT",["NI","CR"],[0.07003706720164071,0.45230541136715974]]],
			[["FE",["NI","CR"],[0.17131835777104054,0.24252207655975933]],["CR0.48FE0.52HT",["NI","CR"],[0.06830853355553584,0.45110377436410554]]],
			[["FE",["NI","CR"],[0.16680559027395397,0.24104379221359218]],["CR0.48FE0.52HT",["NI","CR"],[0.06655253797039648,0.44993352164913136]]],
			[["FE",["NI","CR"],[0.16229000864833,0.23956941023979483]],["CR0.48FE0.52HT",["NI","CR"],[0.06476963541303588,0.44879401899031635]]],
			[["FE",["NI","CR"],[0.15770671405716669,0.238191722594433]],["CR0.48FE0.52HT",["NI","CR"],[0.06297839110198439,0.44766430480597763]]],
			[["FE",["NI","CR"],[0.15309582162495045,0.2368534447531705]],["CR0.48FE0.52HT",["NI","CR"],[0.06114475204313821,0.4465843379436165]]],
			[["FE",["NI","CR"],[0.1484422414033601,0.23557791730529742]],["CR0.48FE0.52HT",["NI","CR"],[0.05931111298429195,0.4455043710812554]]],
			[["FE",["NI","CR"],[0.14374123331943867,0.23437210808510833]],["CR0.48FE0.52HT",["NI","CR"],[0.057437812053509396,0.4444721387849516]]],
			[["FE",["NI","CR"],[0.13901850264289062,0.23319915030545624]],["CR0.48FE0.52HT",["NI","CR"],[0.05555664459533127,0.4434493741525092]]],
			[["FE",["NI","CR"],[0.13423369918229927,0.2321200662364149]],["CR0.48FE0.52HT",["NI","CR"],[0.053652695836896025,0.4424547020984638]]],
			[["FE",["NI","CR"],[0.1294438296069223,0.2310488585181476]],["CR0.48FE0.52HT",["NI","CR"],[0.05172719807499926,0.4414866030258676]]],
			[["FE",["NI","CR"],[0.12458083097896566,0.2300913454345782]],["CR0.48FE0.52HT",["NI","CR"],[0.04979343422218435,0.440528936310151]]],
			[["FE",["NI","CR"],[0.11948783075611563,0.2285278307561156]],["CR0.48FE0.52HT",["NI","CR"],[0.04528350524256508,0.43908150524256506]],["CR",["NI","CR"],[0.05593920086230436,0.3137652008623044]]]],
	"reference": "C-A58757"
}