{
    "components": [
        "FE",
        "NB",
        "NI"
    ],
    "phases": [
        "(NB6.33FE6.67,NB7NI6)",
        "NBFE2",
        "NBNI3"
    ],
    "conditions": {
        "P": [
            101325
        ],
        "T": [
            1273,
            1273,
            1273,
            1273,
            1273,
            1273,
            1273,
            1273,
            1273,
            1273,
            1273,
            1273,
            1273,
            1273,
            1273,
            1273,
            1273,
            1273,
            1273,
            1273,
            1273,
            1273,
            1273,
            1273,
            1273,
            1273,
            1273,
            1273,
            1273,
            1273,
            1273,
            1273,
            1273,
            1273,
            1273,
            1273,
            1273,
            1273,
            1273,
            1273,
            1273
        ]
    },
    "broadcast_conditions": false,
    "output": "ZPF",
    "values":
			[[["(NB6.33FE6.67,NB7NI6)",["NI","FE"],[0.4153855179178856,0.10747951791788557]],["NBFE2",["NI","FE"],[0.3428599411861809,0.30340794118618075]],["NBNI3",["NI","FE"],[0.6964549169735019,0.12970491697350173]]],
			[["(NB6.33FE6.67,NB7NI6)",["NI","FE"],[0.4042846260430329,0.11899691872595985]],["NBFE2",["NI","FE"],[0.3341010439238012,0.31173709270428906]]],
			[["(NB6.33FE6.67,NB7NI6)",["NI","FE"],[0.3941766282529672,0.12902721361882108]],["NBFE2",["NI","FE"],[0.32574787137878836,0.32016396893976373]]],
			[["(NB6.33FE6.67,NB7NI6)",["NI","FE"],[0.3840686304629015,0.13905750851168208]],["NBFE2",["NI","FE"],[0.32574787137878836,0.32016396893976373]]],
			[["(NB6.33FE6.67,NB7NI6)",["NI","FE"],[0.37396063267283586,0.1490878034045432]],["NBFE2",["NI","FE"],[0.31739469883377536,0.3285908451752386]]],
			[["(NB6.33FE6.67,NB7NI6)",["NI","FE"],[0.36385263488277014,0.1591180982974043]],["NBFE2",["NI","FE"],[0.30904152628876247,0.3370177214107135]]],
			[["(NB6.33FE6.67,NB7NI6)",["NI","FE"],[0.35374463709270443,0.1691483931902653]],["NBFE2",["NI","FE"],[0.30068835374374947,0.3454445976461884]]],
			[["(NB6.33FE6.67,NB7NI6)",["NI","FE"],[0.34363663930263866,0.17917868808312654]],["NBFE2",["NI","FE"],[0.29233518119873647,0.3538714738816633]]],
			[["(NB6.33FE6.67,NB7NI6)",["NI","FE"],[0.333528641512573,0.18920898297598754]],["NBFE2",["NI","FE"],[0.2839820086537236,0.3622983501171382]]],
			[["(NB6.33FE6.67,NB7NI6)",["NI","FE"],[0.32342064372250734,0.19923927786884876]],["NBFE2",["NI","FE"],[0.2756288361087106,0.37072522635261307]]],
			[["(NB6.33FE6.67,NB7NI6)",["NI","FE"],[0.3133126459324415,0.20926957276171]],["NBFE2",["NI","FE"],[0.2672756635636977,0.37915210258808785]]],
			[["(NB6.33FE6.67,NB7NI6)",["NI","FE"],[0.3032046481423758,0.219299867654571]],["NBFE2",["NI","FE"],[0.25892249101868475,0.3875789788235626]]],
			[["(NB6.33FE6.67,NB7NI6)",["NI","FE"],[0.29309665035231014,0.22933016254743221]],["NBFE2",["NI","FE"],[0.25056931847367186,0.3960058550590375]]],
			[["(NB6.33FE6.67,NB7NI6)",["NI","FE"],[0.28298865256224437,0.23936045744029322]],["NBFE2",["NI","FE"],[0.24221614592865887,0.4044327312945124]]],
			[["(NB6.33FE6.67,NB7NI6)",["NI","FE"],[0.27288065477217865,0.24939075233315444]],["NBFE2",["NI","FE"],[0.23386297338364592,0.4128596075299873]]],
			[["(NB6.33FE6.67,NB7NI6)",["NI","FE"],[0.26277265698211294,0.25942104722601544]],["NBFE2",["NI","FE"],[0.22550980083863295,0.4212864837654622]]],
			[["(NB6.33FE6.67,NB7NI6)",["NI","FE"],[0.2526646591920473,0.26945134211887656]],["NBFE2",["NI","FE"],[0.21715662829362,0.4297133600009371]]],
			[["(NB6.33FE6.67,NB7NI6)",["NI","FE"],[0.24255666140198157,0.27948163701173767]],["NBFE2",["NI","FE"],[0.2088034557486071,0.43814023623641196]]],
			[["(NB6.33FE6.67,NB7NI6)",["NI","FE"],[0.23244866361191588,0.2895119319045988]],["NBFE2",["NI","FE"],[0.20045028320359415,0.44656711247188674]]],
			[["(NB6.33FE6.67,NB7NI6)",["NI","FE"],[0.22234066582185014,0.2995422267974599]],["NBFE2",["NI","FE"],[0.19209711065858115,0.45499398870736163]]],
			[["(NB6.33FE6.67,NB7NI6)",["NI","FE"],[0.21223266803178448,0.3095725216903211]],["NBFE2",["NI","FE"],[0.18374393811356823,0.4634208649428365]]],
			[["(NB6.33FE6.67,NB7NI6)",["NI","FE"],[0.2021246702417187,0.3196028165831821]],["NBFE2",["NI","FE"],[0.1753907655685553,0.4718477411783113]]],
			[["(NB6.33FE6.67,NB7NI6)",["NI","FE"],[0.19201667245165302,0.32963311147604324]],["NBFE2",["NI","FE"],[0.16703759302354237,0.4802746174137862]]],
			[["(NB6.33FE6.67,NB7NI6)",["NI","FE"],[0.18190867466158728,0.33966340636890435]],["NBFE2",["NI","FE"],[0.15868442047852938,0.4887014936492611]]],
			[["(NB6.33FE6.67,NB7NI6)",["NI","FE"],[0.1718006768715216,0.34969370126176547]],["NBFE2",["NI","FE"],[0.15033124793351643,0.49712836988473597]]],
			[["(NB6.33FE6.67,NB7NI6)",["NI","FE"],[0.16169267908145593,0.3597239961546266]],["NBFE2",["NI","FE"],[0.14197807538850352,0.5055552461202107]]],
			[["(NB6.33FE6.67,NB7NI6)",["NI","FE"],[0.15158468129139013,0.3697542910474878]],["NBFE2",["NI","FE"],[0.13362490284349052,0.5139821223556856]]],
			[["(NB6.33FE6.67,NB7NI6)",["NI","FE"],[0.1414766835013245,0.3797845859403488]],["NBFE2",["NI","FE"],[0.12527173029847766,0.5224089985911604]]],
			[["(NB6.33FE6.67,NB7NI6)",["NI","FE"],[0.13136868571125876,0.38981488083321003]],["NBFE2",["NI","FE"],[0.11691855775346466,0.5308358748266353]]],
			[["(NB6.33FE6.67,NB7NI6)",["NI","FE"],[0.12126068792119302,0.39984517572607114]],["NBFE2",["NI","FE"],[0.10856538520845171,0.5392627510621102]]],
			[["(NB6.33FE6.67,NB7NI6)",["NI","FE"],[0.11115269013112739,0.40987547061893215]],["NBFE2",["NI","FE"],[0.1002122126634388,0.5476896272975851]]],
			[["(NB6.33FE6.67,NB7NI6)",["NI","FE"],[0.10104469234106164,0.41990576551179326]],["NBFE2",["NI","FE"],[0.0918590401184258,0.55611650353306]]],
			[["(NB6.33FE6.67,NB7NI6)",["NI","FE"],[0.0909366945509959,0.4299360604046545]],["NBFE2",["NI","FE"],[0.08350586757341286,0.5645433797685349]]],
			[["(NB6.33FE6.67,NB7NI6)",["NI","FE"],[0.08082869676093024,0.4399663552975155]],["NBFE2",["NI","FE"],[0.07515269502839997,0.5729702560040096]]],
			[["(NB6.33FE6.67,NB7NI6)",["NI","FE"],[0.07072069897086444,0.4499966501903767]],["NBFE2",["NI","FE"],[0.06679952248338697,0.5813971322394845]]],
			[["(NB6.33FE6.67,NB7NI6)",["NI","FE"],[0.06061270118079881,0.4600269450832377]],["NBFE2",["NI","FE"],[0.058446349938374054,0.5898240084749594]]],
			[["(NB6.33FE6.67,NB7NI6)",["NI","FE"],[0.05050470339073307,0.47005723997609894]],["NBFE2",["NI","FE"],[0.05009317739336111,0.5982508847104342]]],
			[["(NB6.33FE6.67,NB7NI6)",["NI","FE"],[0.04039670560066738,0.48008753486895994]],["NBFE2",["NI","FE"],[0.04174000484834814,0.6066777609459092]]],
			[["(NB6.33FE6.67,NB7NI6)",["NI","FE"],[0.030288707810601695,0.49011782976182106]],["NBFE2",["NI","FE"],[0.03338683230333525,0.615104637181384]]],
			[["(NB6.33FE6.67,NB7NI6)",["NI","FE"],[0.020180710020535952,0.5001481246546822]],["NBFE2",["NI","FE"],[0.025033659758322252,0.6235315134168589]]],
			[["(NB6.33FE6.67,NB7NI6)",["NI","FE"],[0.01007271223047021,0.5101784195475434]],["NBFE2",["NI","FE"],[0.01668048721330928,0.6319583896523338]]]],
	"reference": "C-A58757"
}