{
    "components": [
        "FE",
        "NB",
        "NI"
    ],
    "phases": [
        "NBNI3",
        "(NB6.33FE6.67,NB7NI6)",
        "NBFE2"
    ],
    "conditions": {
        "P": [
            101325
        ],
        "T": [
            1273,
            1273,
            1273,
            1273,
            1273,
            1273,
            1273,
            1273,
            1273,
            1273,
            1273,
            1273,
            1273,
            1273,
            1273,
            1273,
            1273,
            1273,
            1273,
            1273,
            1273,
            1273,
            1273,
            1273,
            1273,
            1273,
            1273,
            1273,
            1273,
            1273,
            1273,
            1273,
            1273,
            1273,
            1273,
            1273,
            1273,
            1273,
            1273,
            1273,
            1273
        ]
    },
    "broadcast_conditions": false,
    "output": "ZPF",
    "values":
			[[["(NB6.33FE6.67,NB7NI6)",["NI","FE"],[0.4153855179178856,0.10747951791788557]],["NBFE2",["NI","FE"],[0.3428599411861809,0.30340794118618075]],["NBNI3",["NI","FE"],[0.6964549169735019,0.12970491697350173]]],
			[["NBNI3",["NI","FE"],[0.6977483446209127,0.1260149787672542]],["(NB6.33FE6.67,NB7NI6)",["NI","FE"],[0.41885243743697786,0.10441882768088062]]],
			[["NBNI3",["NI","FE"],[0.6992257708871056,0.12286503917978842]],["(NB6.33FE6.67,NB7NI6)",["NI","FE"],[0.42138444719327994,0.10180922768108491]]],
			[["NBNI3",["NI","FE"],[0.7007031971532984,0.11971509959232263]],["(NB6.33FE6.67,NB7NI6)",["NI","FE"],[0.42138444719327994,0.10180922768108491]]],
			[["NBNI3",["NI","FE"],[0.7021806234194912,0.11656516000485695]],["(NB6.33FE6.67,NB7NI6)",["NI","FE"],[0.4239164569495819,0.09919962768128943]]],
			[["NBNI3",["NI","FE"],[0.703658049685684,0.11341522041739116]],["(NB6.33FE6.67,NB7NI6)",["NI","FE"],[0.426448466705884,0.09659002768149394]]],
			[["NBNI3",["NI","FE"],[0.7051354759518768,0.11026528082992548]],["(NB6.33FE6.67,NB7NI6)",["NI","FE"],[0.42898047646218596,0.09398042768169834]]],
			[["NBNI3",["NI","FE"],[0.7066129022180696,0.1071153412424597]],["(NB6.33FE6.67,NB7NI6)",["NI","FE"],[0.43151248621848803,0.09137082768190274]]],
			[["NBNI3",["NI","FE"],[0.7080903284842623,0.10396540165499402]],["(NB6.33FE6.67,NB7NI6)",["NI","FE"],[0.43404449597479,0.08876122768210726]]],
			[["NBNI3",["NI","FE"],[0.7095677547504552,0.10081546206752834]],["(NB6.33FE6.67,NB7NI6)",["NI","FE"],[0.4365765057310921,0.08615162768231166]]],
			[["NBNI3",["NI","FE"],[0.7110451810166479,0.09766552248006266]],["(NB6.33FE6.67,NB7NI6)",["NI","FE"],[0.43910851548739405,0.08354202768251606]]],
			[["NBNI3",["NI","FE"],[0.7125226072828408,0.09451558289259687]],["(NB6.33FE6.67,NB7NI6)",["NI","FE"],[0.4416405252436961,0.08093242768272058]]],
			[["NBNI3",["NI","FE"],[0.7140000335490335,0.0913656433051312]],["(NB6.33FE6.67,NB7NI6)",["NI","FE"],[0.4441725349999981,0.07832282768292509]]],
			[["NBNI3",["NI","FE"],[0.7154774598152264,0.0882157037176654]],["(NB6.33FE6.67,NB7NI6)",["NI","FE"],[0.44670454475630017,0.07571322768312938]]],
			[["NBNI3",["NI","FE"],[0.7169548860814192,0.08506576413019962]],["(NB6.33FE6.67,NB7NI6)",["NI","FE"],[0.4492365545126021,0.0731036276833339]]],
			[["NBNI3",["NI","FE"],[0.718432312347612,0.08191582454273394]],["(NB6.33FE6.67,NB7NI6)",["NI","FE"],[0.45176856426890416,0.07049402768353841]]],
			[["NBNI3",["NI","FE"],[0.7199097386138049,0.07876588495526804]],["(NB6.33FE6.67,NB7NI6)",["NI","FE"],[0.4543005740252061,0.06788442768374292]]],
			[["NBNI3",["NI","FE"],[0.7213871648799977,0.07561594536780236]],["(NB6.33FE6.67,NB7NI6)",["NI","FE"],[0.4568325837815082,0.06527482768394721]]],
			[["NBNI3",["NI","FE"],[0.7228645911461905,0.07246600578033657]],["(NB6.33FE6.67,NB7NI6)",["NI","FE"],[0.4593645935378101,0.06266522768415173]]],
			[["NBNI3",["NI","FE"],[0.7243420174123831,0.069316066192871]],["(NB6.33FE6.67,NB7NI6)",["NI","FE"],[0.46189660329411225,0.06005562768435624]]],
			[["NBNI3",["NI","FE"],[0.7258194436785761,0.0661661266054051]],["(NB6.33FE6.67,NB7NI6)",["NI","FE"],[0.46442861305041416,0.05744602768456075]]],
			[["NBNI3",["NI","FE"],[0.7272968699447688,0.06301618701793943]],["(NB6.33FE6.67,NB7NI6)",["NI","FE"],[0.46696062280671624,0.05483642768476504]]],
			[["NBNI3",["NI","FE"],[0.7287742962109617,0.05986624743047364]],["(NB6.33FE6.67,NB7NI6)",["NI","FE"],[0.4694926325630182,0.05222682768496956]]],
			[["NBNI3",["NI","FE"],[0.7302517224771544,0.05671630784300796]],["(NB6.33FE6.67,NB7NI6)",["NI","FE"],[0.4720246423193203,0.04961722768517407]]],
			[["NBNI3",["NI","FE"],[0.7317291487433473,0.053566368255542285]],["(NB6.33FE6.67,NB7NI6)",["NI","FE"],[0.47455665207562225,0.04700762768537847]]],
			[["NBNI3",["NI","FE"],[0.73320657500954,0.05041642866807661]],["(NB6.33FE6.67,NB7NI6)",["NI","FE"],[0.47708866183192433,0.044398027685582875]]],
			[["NBNI3",["NI","FE"],[0.7346840012757329,0.04726648908061071]],["(NB6.33FE6.67,NB7NI6)",["NI","FE"],[0.4796206715882263,0.04178842768578739]]],
			[["NBNI3",["NI","FE"],[0.7361614275419256,0.04411654949314514]],["(NB6.33FE6.67,NB7NI6)",["NI","FE"],[0.4821526813445284,0.03917882768599179]]],
			[["NBNI3",["NI","FE"],[0.7376388538081184,0.04096660990567935]],["(NB6.33FE6.67,NB7NI6)",["NI","FE"],[0.48468469110083034,0.03656922768619619]]],
			[["NBNI3",["NI","FE"],[0.7391162800743113,0.03781667031821356]],["(NB6.33FE6.67,NB7NI6)",["NI","FE"],[0.4872167008571324,0.033959627686400706]]],
			[["NBNI3",["NI","FE"],[0.740593706340504,0.034666730730747886]],["(NB6.33FE6.67,NB7NI6)",["NI","FE"],[0.48974871061343433,0.03135002768660522]]],
			[["NBNI3",["NI","FE"],[0.7420711326066969,0.0315167911432821]],["(NB6.33FE6.67,NB7NI6)",["NI","FE"],[0.49228072036973647,0.02874042768680951]]],
			[["NBNI3",["NI","FE"],[0.7435485588728896,0.02836685155581642]],["(NB6.33FE6.67,NB7NI6)",["NI","FE"],[0.4948127301260384,0.026130827687014024]]],
			[["NBNI3",["NI","FE"],[0.7450259851390825,0.02521691196835063]],["(NB6.33FE6.67,NB7NI6)",["NI","FE"],[0.49734473988234046,0.023521227687218538]]],
			[["NBNI3",["NI","FE"],[0.7465034114052752,0.022066972380884953]],["(NB6.33FE6.67,NB7NI6)",["NI","FE"],[0.4998767496386424,0.02091162768742305]]],
			[["NBNI3",["NI","FE"],[0.7479808376714681,0.018917032793419164]],["(NB6.33FE6.67,NB7NI6)",["NI","FE"],[0.5024087593949444,0.018302027687627453]]],
			[["NBNI3",["NI","FE"],[0.7494582639376608,0.015767093205953486]],["(NB6.33FE6.67,NB7NI6)",["NI","FE"],[0.5049407691512464,0.015692427687831856]]],
			[["NBNI3",["NI","FE"],[0.7509356902038536,0.012617153618487698]],["(NB6.33FE6.67,NB7NI6)",["NI","FE"],[0.5074727789075485,0.01308282768803637]]],
			[["NBNI3",["NI","FE"],[0.7524131164700464,0.009467214031022131]],["(NB6.33FE6.67,NB7NI6)",["NI","FE"],[0.5100047886638505,0.010473227688240883]]],
			[["NBNI3",["NI","FE"],[0.7538905427362392,0.006317274443556231]],["(NB6.33FE6.67,NB7NI6)",["NI","FE"],[0.5125367984201525,0.007863627688445174]]],
			[["NBNI3",["NI","FE"],[0.755367969002432,0.0031673348560905534]],["(NB6.33FE6.67,NB7NI6)",["NI","FE"],[0.5150688081764545,0.005254027688649687]]]],
	"reference": "C-A58757"
}