{
    "components": [
        "FE",
        "NB",
        "NI"
    ],
    "phases": [
        "NBFE2",
        "NBNI3",
        "(NB6.33FE6.67,NB7NI6)",
        "(FE,NI)"
    ],
    "conditions": {
        "P": [
            101325
        ],
        "T": [
            1273,
            1273,
            1273,
            1273,
            1273,
            1273,
            1273,
            1273,
            1273,
            1273,
            1273,
            1273,
            1273,
            1273,
            1273,
            1273,
            1273,
            1273,
            1273,
            1273,
            1273,
            1273,
            1273,
            1273,
            1273,
            1273,
            1273,
            1273,
            1273,
            1273,
            1273,
            1273,
            1273,
            1273,
            1273,
            1273,
            1273,
            1273,
            1273,
            1273,
            1273,
            1273
        ]
    },
    "broadcast_conditions": false,
    "output": "ZPF",
    "values":
			[[["(NB6.33FE6.67,NB7NI6)",["NI","FE"],[0.4153855179178856,0.10747951791788557]],["NBFE2",["NI","FE"],[0.3428599411861809,0.30340794118618075]],["NBNI3",["NI","FE"],[0.6964549169735019,0.12970491697350173]]],
			[["NBFE2",["NI","FE"],[0.34420623138418205,0.3036904265061331]],["NBNI3",["NI","FE"],[0.6965552610935508,0.13067926109355077]]],
			[["NBFE2",["NI","FE"],[0.34460137341763886,0.30400376366154125]],["NBNI3",["NI","FE"],[0.6969488449965715,0.13107284499657146]]],
			[["NBFE2",["NI","FE"],[0.3449965154510959,0.3043171008169494]],["NBNI3",["NI","FE"],[0.6969488449965715,0.13107284499657146]]],
			[["NBFE2",["NI","FE"],[0.3453916574845527,0.30463043797235767]],["NBNI3",["NI","FE"],[0.6973424288995923,0.13146642889959215]]],
			[["NBFE2",["NI","FE"],[0.3457867995180097,0.3049437751277657]],["NBNI3",["NI","FE"],[0.697736012802613,0.13186001280261295]]],
			[["NBFE2",["NI","FE"],[0.34618194155146653,0.305257112283174]],["NBNI3",["NI","FE"],[0.6981295967056338,0.13225359670563364]]],
			[["NBFE2",["NI","FE"],[0.34657708358492356,0.305570449438582]],["NBNI3",["NI","FE"],[0.6985231806086545,0.13264718060865444]]],
			[["NBFE2",["NI","FE"],[0.34697222561838037,0.3058837865939903]],["NBNI3",["NI","FE"],[0.6989167645116752,0.13304076451167512]]],
			[["NBFE2",["NI","FE"],[0.3473673676518374,0.30619712374939834]],["NBNI3",["NI","FE"],[0.699310348414696,0.1334343484146958]]],
			[["NBFE2",["NI","FE"],[0.3477625096852944,0.3065104609048064]],["NBNI3",["NI","FE"],[0.6997039323177167,0.1338279323177166]]],
			[["NBFE2",["NI","FE"],[0.34815765171875124,0.30682379806021465]],["NBNI3",["NI","FE"],[0.7000975162207375,0.1342215162207373]]],
			[["NBFE2",["NI","FE"],[0.3485527937522082,0.3071371352156227]],["NBNI3",["NI","FE"],[0.7004911001237581,0.1346151001237581]]],
			[["NBFE2",["NI","FE"],[0.3489479357856651,0.30745047237103096]],["NBNI3",["NI","FE"],[0.7008846840267788,0.1350086840267788]]],
			[["NBFE2",["NI","FE"],[0.3493430778191221,0.307763809526439]],["NBNI3",["NI","FE"],[0.7012782679297996,0.13540226792979948]]],
			[["NBFE2",["NI","FE"],[0.3497382198525789,0.30807714668184727]],["NBNI3",["NI","FE"],[0.7016718518328203,0.13579585183282028]]],
			[["NBFE2",["NI","FE"],[0.35013336188603594,0.3083904838372553]],["NBNI3",["NI","FE"],[0.7020654357358411,0.13618943573584097]]],
			[["NBFE2",["NI","FE"],[0.35052850391949286,0.3087038209926636]],["NBNI3",["NI","FE"],[0.7024590196388618,0.13658301963886177]]],
			[["NBFE2",["NI","FE"],[0.3509236459529498,0.3090171581480716]],["NBNI3",["NI","FE"],[0.7028526035418825,0.13697660354188246]]],
			[["NBFE2",["NI","FE"],[0.3513187879864067,0.3093304953034799]],["NBNI3",["NI","FE"],[0.7032461874449033,0.13737018744490315]]],
			[["NBFE2",["NI","FE"],[0.3517139300198636,0.30964383245888805]],["NBNI3",["NI","FE"],[0.703639771347924,0.13776377134792395]]],
			[["NBFE2",["NI","FE"],[0.35210907205332054,0.3099571696142962]],["NBNI3",["NI","FE"],[0.7040333552509447,0.13815735525094475]]],
			[["NBFE2",["NI","FE"],[0.35250421408677746,0.31027050676970436]],["NBNI3",["NI","FE"],[0.7044269391539655,0.13855093915396544]]],
			[["NBFE2",["NI","FE"],[0.35289935612023443,0.3105838439251125]],["NBNI3",["NI","FE"],[0.7048205230569862,0.13894452305698612]]],
			[["NBFE2",["NI","FE"],[0.3532944981536913,0.31089718108052067]],["NBNI3",["NI","FE"],[0.705214106960007,0.1393381069600068]]],
			[["NBFE2",["NI","FE"],[0.35368964018714827,0.3112105182359288]],["NBNI3",["NI","FE"],[0.7056076908630277,0.1397316908630276]]],
			[["NBFE2",["NI","FE"],[0.35408478222060524,0.31152385539133687]],["NBNI3",["NI","FE"],[0.7060012747660483,0.1401252747660484]]],
			[["NBFE2",["NI","FE"],[0.3544799242540621,0.31183719254674513]],["NBNI3",["NI","FE"],[0.7063948586690691,0.1405188586690691]]],
			[["NBFE2",["NI","FE"],[0.3548750662875191,0.3121505297021532]],["NBNI3",["NI","FE"],[0.7067884425720898,0.1409124425720898]]],
			[["NBFE2",["NI","FE"],[0.355270208320976,0.31246386685756145]],["NBNI3",["NI","FE"],[0.7071820264751105,0.1413060264751106]]],
			[["NBFE2",["NI","FE"],[0.3556653503544329,0.3127772040129695]],["NBNI3",["NI","FE"],[0.7075756103781313,0.14169961037813128]]],
			[["NBFE2",["NI","FE"],[0.35606049238788984,0.31309054116837776]],["NBNI3",["NI","FE"],[0.707969194281152,0.14209319428115208]]],
			[["NBFE2",["NI","FE"],[0.35645563442134676,0.3134038783237858]],["NBNI3",["NI","FE"],[0.7083627781841728,0.14248677818417277]]],
			[["NBFE2",["NI","FE"],[0.3568507764548038,0.31371721547919396]],["NBNI3",["NI","FE"],[0.7087563620871935,0.14288036208719346]]],
			[["NBFE2",["NI","FE"],[0.3572459184882606,0.3140305526346021]],["NBNI3",["NI","FE"],[0.7091499459902142,0.14327394599021426]]],
			[["NBFE2",["NI","FE"],[0.3576410605217176,0.31434388979001027]],["NBNI3",["NI","FE"],[0.709543529893235,0.14366752989323495]]],
			[["NBFE2",["NI","FE"],[0.3580362025551745,0.3146572269454184]],["NBNI3",["NI","FE"],[0.7099371137962557,0.14406111379625575]]],
			[["NBFE2",["NI","FE"],[0.35843134458863146,0.3149705641008266]],["NBNI3",["NI","FE"],[0.7103306976992765,0.14445469769927644]]],
			[["NBFE2",["NI","FE"],[0.3588264866220883,0.31528390125623473]],["NBNI3",["NI","FE"],[0.7107242816022972,0.14484828160229712]]],
			[["NBFE2",["NI","FE"],[0.3592216286555453,0.315597238411643]],["NBNI3",["NI","FE"],[0.7111178655053179,0.14524186550531792]]],
			[["NBFE2",["NI","FE"],[0.35961677068900216,0.31591057556705104]],["NBNI3",["NI","FE"],[0.7115114494083387,0.1456354494083386]]],
			[["(FE,NI)",["NI","FE"],[0.7002677570820294,0.25551575708202934]],["NBFE2",["NI","FE"],[0.35973813704110247,0.31679213704110265]],["NBNI3",["NI","FE"],[0.7131830636730021,0.14643306367300202]]]],
	"reference": "C-A58757"
}