{
    "components": [
        "FE",
        "NB",
        "NI"
    ],
    "phases": [
        "(NB6.33FE6.67,NB7NI6)",
        "NI"
    ],
    "conditions": {
        "P": [
            101325
        ],
        "T": [
            1273,
            1273,
            1273,
            1273,
            1273,
            1273,
            1273,
            1273,
            1273,
            1273,
            1273,
            1273,
            1273,
            1273,
            1273,
            1273,
            1273,
            1273,
            1273,
            1273,
            1273,
            1273,
            1273,
            1273,
            1273,
            1273,
            1273,
            1273,
            1273,
            1273,
            1273,
            1273,
            1273,
            1273,
            1273,
            1273,
            1273,
            1273,
            1273,
            1273
        ]
    },
    "broadcast_conditions": false,
    "output": "ZPF",
    "values":
			[[["(NB6.33FE6.67,NB7NI6)",["NI","FE"],[0.009788293393784453,0.46778668363768694]],["NI",["NI","FE"],[0,0]]],
			[["(NB6.33FE6.67,NB7NI6)",["NI","FE"],[0.019614325742559224,0.45609310623036414]],["NI",["NI","FE"],[0,0]]],
			[["(NB6.33FE6.67,NB7NI6)",["NI","FE"],[0.029440358091333996,0.44439952882304135]],["NI",["NI","FE"],[0,0]]],
			[["(NB6.33FE6.67,NB7NI6)",["NI","FE"],[0.03926639044010888,0.43270595141571855]],["NI",["NI","FE"],[0,0]]],
			[["(NB6.33FE6.67,NB7NI6)",["NI","FE"],[0.04909242278888365,0.42101237400839575]],["NI",["NI","FE"],[0,0]]],
			[["(NB6.33FE6.67,NB7NI6)",["NI","FE"],[0.058918455137658476,0.40931879660107306]],["NI",["NI","FE"],[0,0]]],
			[["(NB6.33FE6.67,NB7NI6)",["NI","FE"],[0.06874448748643325,0.39762521919375027]],["NI",["NI","FE"],[0,0]]],
			[["(NB6.33FE6.67,NB7NI6)",["NI","FE"],[0.07857051983520802,0.3859316417864276]],["NI",["NI","FE"],[0,0]]],
			[["(NB6.33FE6.67,NB7NI6)",["NI","FE"],[0.08839655218398285,0.3742380643791048]],["NI",["NI","FE"],[0,0]]],
			[["(NB6.33FE6.67,NB7NI6)",["NI","FE"],[0.09822258453275762,0.362544486971782]],["NI",["NI","FE"],[0,0]]],
			[["(NB6.33FE6.67,NB7NI6)",["NI","FE"],[0.10804861688153244,0.3508509095644593]],["NI",["NI","FE"],[0,0]]],
			[["(NB6.33FE6.67,NB7NI6)",["NI","FE"],[0.11787464923030727,0.3391573321571364]],["NI",["NI","FE"],[0,0]]],
			[["(NB6.33FE6.67,NB7NI6)",["NI","FE"],[0.12770068157908204,0.3274637547498138]],["NI",["NI","FE"],[0,0]]],
			[["(NB6.33FE6.67,NB7NI6)",["NI","FE"],[0.13752671392785687,0.3157701773424909]],["NI",["NI","FE"],[0,0]]],
			[["(NB6.33FE6.67,NB7NI6)",["NI","FE"],[0.14735274627663164,0.3040765999351682]],["NI",["NI","FE"],[0,0]]],
			[["(NB6.33FE6.67,NB7NI6)",["NI","FE"],[0.1571787786254064,0.2923830225278454]],["NI",["NI","FE"],[0,0]]],
			[["(NB6.33FE6.67,NB7NI6)",["NI","FE"],[0.16700481097418124,0.28068944512052263]],["NI",["NI","FE"],[0,0]]],
			[["(NB6.33FE6.67,NB7NI6)",["NI","FE"],[0.176830843322956,0.26899586771319983]],["NI",["NI","FE"],[0,0]]],
			[["(NB6.33FE6.67,NB7NI6)",["NI","FE"],[0.18665687567173084,0.25730229030587715]],["NI",["NI","FE"],[0,0]]],
			[["(NB6.33FE6.67,NB7NI6)",["NI","FE"],[0.19648290802050566,0.24560871289855446]],["NI",["NI","FE"],[0,0]]],
			[["(NB6.33FE6.67,NB7NI6)",["NI","FE"],[0.20630894036928044,0.23391513549123166]],["NI",["NI","FE"],[0,0]]],
			[["(NB6.33FE6.67,NB7NI6)",["NI","FE"],[0.21613497271805526,0.22222155808390887]],["NI",["NI","FE"],[0,0]]],
			[["(NB6.33FE6.67,NB7NI6)",["NI","FE"],[0.22596100506682998,0.21052798067658607]],["NI",["NI","FE"],[0,0]]],
			[["(NB6.33FE6.67,NB7NI6)",["NI","FE"],[0.23578703741560486,0.19883440326926327]],["NI",["NI","FE"],[0,0]]],
			[["(NB6.33FE6.67,NB7NI6)",["NI","FE"],[0.24561306976437958,0.18714082586194059]],["NI",["NI","FE"],[0,0]]],
			[["(NB6.33FE6.67,NB7NI6)",["NI","FE"],[0.25543910211315446,0.1754472484546178]],["NI",["NI","FE"],[0,0]]],
			[["(NB6.33FE6.67,NB7NI6)",["NI","FE"],[0.2652651344619292,0.1637536710472951]],["NI",["NI","FE"],[0,0]]],
			[["(NB6.33FE6.67,NB7NI6)",["NI","FE"],[0.27509116681070406,0.1520600936399723]],["NI",["NI","FE"],[0,0]]],
			[["(NB6.33FE6.67,NB7NI6)",["NI","FE"],[0.2849171991594789,0.1403665162326494]],["NI",["NI","FE"],[0,0]]],
			[["(NB6.33FE6.67,NB7NI6)",["NI","FE"],[0.29474323150825366,0.1286729388253267]],["NI",["NI","FE"],[0,0]]],
			[["(NB6.33FE6.67,NB7NI6)",["NI","FE"],[0.3045692638570284,0.11697936141800402]],["NI",["NI","FE"],[0,0]]],
			[["(NB6.33FE6.67,NB7NI6)",["NI","FE"],[0.31439529620580325,0.10528578401068112]],["NI",["NI","FE"],[0,0]]],
			[["(NB6.33FE6.67,NB7NI6)",["NI","FE"],[0.324221328554578,0.09359220660335854]],["NI",["NI","FE"],[0,0]]],
			[["(NB6.33FE6.67,NB7NI6)",["NI","FE"],[0.33404736090335285,0.08189862919603563]],["NI",["NI","FE"],[0,0]]],
			[["(NB6.33FE6.67,NB7NI6)",["NI","FE"],[0.3438733932521276,0.07020505178871295]],["NI",["NI","FE"],[0,0]]],
			[["(NB6.33FE6.67,NB7NI6)",["NI","FE"],[0.35369942560090234,0.05851147438139015]],["NI",["NI","FE"],[0,0]]],
			[["(NB6.33FE6.67,NB7NI6)",["NI","FE"],[0.3635254579496772,0.04681789697406735]],["NI",["NI","FE"],[0,0]]],
			[["(NB6.33FE6.67,NB7NI6)",["NI","FE"],[0.37335149029845205,0.035124319566744555]],["NI",["NI","FE"],[0,0]]],
			[["(NB6.33FE6.67,NB7NI6)",["NI","FE"],[0.3831775226472268,0.02343074215942187]],["NI",["NI","FE"],[0,0]]],
			[["(NB6.33FE6.67,NB7NI6)",["NI","FE"],[0.3930035549960017,0.011737164752099072]],["NI",["NI","FE"],[0,0]]]],
	"reference": "C-A58757"
}