{
    "components": [
        "FE",
        "NB",
        "NI"
    ],
    "phases": [
        "NBFE2",
        "(FE,NI)",
        "NBNI3"
    ],
    "conditions": {
        "P": [
            101325
        ],
        "T": [
            1273,
            1273,
            1273,
            1273,
            1273,
            1273,
            1273,
            1273,
            1273,
            1273,
            1273,
            1273,
            1273,
            1273,
            1273,
            1273,
            1273,
            1273,
            1273,
            1273,
            1273,
            1273,
            1273,
            1273,
            1273,
            1273,
            1273,
            1273,
            1273,
            1273,
            1273,
            1273,
            1273,
            1273,
            1273,
            1273,
            1273,
            1273,
            1273,
            1273,
            1273
        ]
    },
    "broadcast_conditions": false,
    "output": "ZPF",
    "values":
			[[["(FE,NI)",["NI","FE"],[0.7002677570820294,0.25551575708202934]],["NBFE2",["NI","FE"],[0.35973813704110247,0.31679213704110265]],["NBNI3",["NI","FE"],[0.7131830636730021,0.14643306367300202]]],
			[["NBFE2",["NI","FE"],[0.35102601471345274,0.32657835617686715]],["(FE,NI)",["NI","FE"],[0.6820501254764278,0.27350063767154964]]],
			[["NBFE2",["NI","FE"],[0.34224981681547495,0.3359124997423043]],["(FE,NI)",["NI","FE"],[0.6649988100002048,0.29080983439044894]]],
			[["NBFE2",["NI","FE"],[0.3334736189174974,0.34524664330774124]],["(FE,NI)",["NI","FE"],[0.6649988100002048,0.29080983439044894]]],
			[["NBFE2",["NI","FE"],[0.3246974210195197,0.35458078687317807]],["(FE,NI)",["NI","FE"],[0.6479474945239819,0.3081190311093479]]],
			[["NBFE2",["NI","FE"],[0.315921223121542,0.3639149304386151]],["(FE,NI)",["NI","FE"],[0.6308961790477591,0.325428227828247]]],
			[["NBFE2",["NI","FE"],[0.30714502522356435,0.37324907400405216]],["(FE,NI)",["NI","FE"],[0.6138448635715362,0.34273742454714595]]],
			[["NBFE2",["NI","FE"],[0.29836882732558667,0.3825832175694891]],["(FE,NI)",["NI","FE"],[0.5967935480953134,0.36004662126604503]]],
			[["NBFE2",["NI","FE"],[0.28959262942760905,0.39191736113492603]],["(FE,NI)",["NI","FE"],[0.5797422326190903,0.37735581798494433]]],
			[["NBFE2",["NI","FE"],[0.2808164315296313,0.4012515047003631]],["(FE,NI)",["NI","FE"],[0.5626909171428676,0.3946650147038432]]],
			[["NBFE2",["NI","FE"],[0.2720402336316537,0.4105856482657999]],["(FE,NI)",["NI","FE"],[0.5456396016666446,0.4119742114227424]]],
			[["NBFE2",["NI","FE"],[0.26326403573367607,0.41991979183123695]],["(FE,NI)",["NI","FE"],[0.5285882861904218,0.42928340814164134]]],
			[["NBFE2",["NI","FE"],[0.2544878378356983,0.429253935396674]],["(FE,NI)",["NI","FE"],[0.511536970714199,0.4465926048605403]]],
			[["NBFE2",["NI","FE"],[0.24571163993772072,0.43858807896211083]],["(FE,NI)",["NI","FE"],[0.49448565523797605,0.4639018015794395]]],
			[["NBFE2",["NI","FE"],[0.23693544203974307,0.44792222252754776]],["(FE,NI)",["NI","FE"],[0.4774343397617531,0.4812109982983386]]],
			[["NBFE2",["NI","FE"],[0.22815924414176536,0.4572563660929848]],["(FE,NI)",["NI","FE"],[0.4603830242855303,0.49852019501723754]]],
			[["NBFE2",["NI","FE"],[0.21938304624378768,0.46659050965842175]],["(FE,NI)",["NI","FE"],[0.4433317088093074,0.5158293917361367]]],
			[["NBFE2",["NI","FE"],[0.21060684834581003,0.4759246532238587]],["(FE,NI)",["NI","FE"],[0.42628039333308443,0.5331385884550358]]],
			[["NBFE2",["NI","FE"],[0.20183065044783238,0.4852587967892956]],["(FE,NI)",["NI","FE"],[0.40922907785686163,0.5504477851739348]]],
			[["NBFE2",["NI","FE"],[0.19305445254985473,0.49459294035473267]],["(FE,NI)",["NI","FE"],[0.39217776238063873,0.5677569818928339]]],
			[["NBFE2",["NI","FE"],[0.184278254651877,0.5039270839201696]],["(FE,NI)",["NI","FE"],[0.3751264469044158,0.5850661786117329]]],
			[["NBFE2",["NI","FE"],[0.17550205675389935,0.5132612274856065]],["(FE,NI)",["NI","FE"],[0.35807513142819297,0.602375375330632]]],
			[["NBFE2",["NI","FE"],[0.1667258588559217,0.5225953710510436]],["(FE,NI)",["NI","FE"],[0.34102381595197007,0.6196845720495311]]],
			[["NBFE2",["NI","FE"],[0.157949660957944,0.5319295146164806]],["(FE,NI)",["NI","FE"],[0.32397250047574716,0.6369937687684302]]],
			[["NBFE2",["NI","FE"],[0.14917346305996632,0.5412636581819175]],["(FE,NI)",["NI","FE"],[0.30692118499952425,0.6543029654873292]]],
			[["NBFE2",["NI","FE"],[0.14039726516198867,0.5505978017473545]],["(FE,NI)",["NI","FE"],[0.2898698695233014,0.6716121622062283]]],
			[["NBFE2",["NI","FE"],[0.13162106726401102,0.5599319453127914]],["(FE,NI)",["NI","FE"],[0.27281855404707855,0.6889213589251273]]],
			[["NBFE2",["NI","FE"],[0.12284486936603337,0.5692660888782284]],["(FE,NI)",["NI","FE"],[0.25576723857085565,0.7062305556440265]]],
			[["NBFE2",["NI","FE"],[0.11406867146805563,0.5786002324436654]],["(FE,NI)",["NI","FE"],[0.23871592309463277,0.7235397523629254]]],
			[["NBFE2",["NI","FE"],[0.10529247357007798,0.5879343760091024]],["(FE,NI)",["NI","FE"],[0.2216646076184099,0.7408489490818245]]],
			[["NBFE2",["NI","FE"],[0.09651627567210033,0.5972685195745393]],["(FE,NI)",["NI","FE"],[0.20461329214218696,0.7581581458007236]]],
			[["NBFE2",["NI","FE"],[0.08774007777412268,0.6066026631399764]],["(FE,NI)",["NI","FE"],[0.1875619766659642,0.7754673425196226]]],
			[["NBFE2",["NI","FE"],[0.078963879876145,0.6159368067054132]],["(FE,NI)",["NI","FE"],[0.17051066118974129,0.7927765392385216]]],
			[["NBFE2",["NI","FE"],[0.07018768197816733,0.6252709502708502]],["(FE,NI)",["NI","FE"],[0.15345934571351846,0.8100857359574207]]],
			[["NBFE2",["NI","FE"],[0.06141148408018968,0.6346050938362872]],["(FE,NI)",["NI","FE"],[0.13640803023729542,0.8273949326763199]]],
			[["NBFE2",["NI","FE"],[0.052635286182212,0.6439392374017242]],["(FE,NI)",["NI","FE"],[0.1193567147610726,0.8447041293952189]]],
			[["NBFE2",["NI","FE"],[0.04385908828423432,0.6532733809671611]],["(FE,NI)",["NI","FE"],[0.10230539928484977,0.8620133261141179]]],
			[["NBFE2",["NI","FE"],[0.03508289038625667,0.6626075245325981]],["(FE,NI)",["NI","FE"],[0.08525408380862685,0.879322522833017]]],
			[["NBFE2",["NI","FE"],[0.026306692488278993,0.671941668098035]],["(FE,NI)",["NI","FE"],[0.06820276833240403,0.896631719551916]]],
			[["NBFE2",["NI","FE"],[0.017530494590301343,0.6812758116634721]],["(FE,NI)",["NI","FE"],[0.0511514528561811,0.9139409162708152]]],
			[["NBFE2",["NI","FE"],[0.008754296692323638,0.690609955228909]],["(FE,NI)",["NI","FE"],[0.03410013737995818,0.9312501129897143]]]],
	"reference": "C-A58757"
}