{
    "components": [
        "FE",
        "NB",
        "NI"
    ],
    "phases": [
        "(FE,NI)",
        "NBNI3",
        "NBFE2"
    ],
    "conditions": {
        "P": [
            101325
        ],
        "T": [
            1273,
            1273,
            1273,
            1273,
            1273,
            1273,
            1273,
            1273,
            1273,
            1273,
            1273,
            1273,
            1273,
            1273,
            1273,
            1273,
            1273,
            1273,
            1273,
            1273,
            1273,
            1273,
            1273,
            1273,
            1273,
            1273,
            1273,
            1273,
            1273,
            1273,
            1273,
            1273,
            1273,
            1273,
            1273,
            1273,
            1273,
            1273,
            1273,
            1273,
            1273
        ]
    },
    "broadcast_conditions": false,
    "output": "ZPF",
    "values":
			[[["(FE,NI)",["NI","FE"],[0.7002677570820294,0.25551575708202934]],["NBFE2",["NI","FE"],[0.35973813704110247,0.31679213704110265]],["NBNI3",["NI","FE"],[0.7131830636730021,0.14643306367300202]]],
			[["(FE,NI)",["NI","FE"],[0.706401568560741,0.24859659151753544]],["NBNI3",["NI","FE"],[0.7152262773447362,0.14274110661302886]]],
			[["(FE,NI)",["NI","FE"],[0.7119207924009986,0.24283483831458774]],["NBNI3",["NI","FE"],[0.7167773162805989,0.13917297481718427]]],
			[["(FE,NI)",["NI","FE"],[0.7173856993558719,0.23702734190667463]],["NBNI3",["NI","FE"],[0.7167773162805989,0.13917297481718427]]],
			[["(FE,NI)",["NI","FE"],[0.722818632042773,0.23119291822774635]],["NBNI3",["NI","FE"],[0.7183283552164615,0.13560484302133968]]],
			[["(FE,NI)",["NI","FE"],[0.7282409772940868,0.2253503153386145]],["NBNI3",["NI","FE"],[0.7198793941523243,0.13203671122549498]]],
			[["(FE,NI)",["NI","FE"],[0.7335836101532496,0.21944613149289882]],["NBNI3",["NI","FE"],[0.7214304330881869,0.1284685794296504]]],
			[["(FE,NI)",["NI","FE"],[0.7389262430124126,0.21354194764718304]],["NBNI3",["NI","FE"],[0.7229814720240496,0.1249004476338057]]],
			[["(FE,NI)",["NI","FE"],[0.7442102101528688,0.20759627267757663]],["NBNI3",["NI","FE"],[0.7245325109599123,0.12133231583796111]]],
			[["(FE,NI)",["NI","FE"],[0.749458519636146,0.20162537895493482]],["NBNI3",["NI","FE"],[0.726083549895775,0.11776418404211642]]],
			[["(FE,NI)",["NI","FE"],[0.7546928097433918,0.19564543084284258]],["NBNI3",["NI","FE"],[0.7276345888316377,0.11419605224627172]]],
			[["(FE,NI)",["NI","FE"],[0.7598428364577104,0.18961106136604022]],["NBNI3",["NI","FE"],[0.7291856277675003,0.11062792045042724]]],
			[["(FE,NI)",["NI","FE"],[0.7649928631720291,0.18357669188923786]],["NBNI3",["NI","FE"],[0.730736666703363,0.10705978865458254]]],
			[["(FE,NI)",["NI","FE"],[0.7700734346584415,0.17750148730337134]],["NBNI3",["NI","FE"],[0.7322877056392256,0.10349165685873796]]],
			[["(FE,NI)",["NI","FE"],[0.7751210949130669,0.1714069330763046]],["NBNI3",["NI","FE"],[0.7338387445750884,0.09992352506289326]]],
			[["(FE,NI)",["NI","FE"],[0.7801444258463435,0.1652994072429096]],["NBNI3",["NI","FE"],[0.7353897835109511,0.09635539326704856]]],
			[["(FE,NI)",["NI","FE"],[0.7850857949177026,0.15914818199877157]],["NBNI3",["NI","FE"],[0.7369408224468137,0.09278726147120397]]],
			[["(FE,NI)",["NI","FE"],[0.7900271639890616,0.15299695675463365]],["NBNI3",["NI","FE"],[0.7384918613826763,0.08921912967535939]]],
			[["(FE,NI)",["NI","FE"],[0.7948811136107551,0.1468036593465043]],["NBNI3",["NI","FE"],[0.740042900318539,0.0856509978795148]]],
			[["(FE,NI)",["NI","FE"],[0.7997122234016835,0.14059936986385213]],["NBNI3",["NI","FE"],[0.7415939392544018,0.0820828660836701]]],
			[["(FE,NI)",["NI","FE"],[0.8045011147562647,0.13437684444062192]],["NBNI3",["NI","FE"],[0.7431449781902644,0.07851473428782552]]],
			[["(FE,NI)",["NI","FE"],[0.8092179851110081,0.12812321008046568]],["NBNI3",["NI","FE"],[0.7446960171261272,0.07494660249198071]]],
			[["(FE,NI)",["NI","FE"],[0.8139348554657514,0.12186957572030943]],["NBNI3",["NI","FE"],[0.7462470560619897,0.07137847069613623]]],
			[["(FE,NI)",["NI","FE"],[0.8185384941629549,0.11557235210148253]],["NBNI3",["NI","FE"],[0.7477980949978525,0.06781033890029142]]],
			[["(FE,NI)",["NI","FE"],[0.8231372140612565,0.10927323495921604]],["NBNI3",["NI","FE"],[0.7493491339337153,0.06424220710444672]]],
			[["(FE,NI)",["NI","FE"],[0.827667873868785,0.10295096837060969]],["NBNI3",["NI","FE"],[0.7509001728695779,0.06067407530860214]]],
			[["(FE,NI)",["NI","FE"],[0.8321447189419469,0.09661039764383172]],["NBNI3",["NI","FE"],[0.7524512118054406,0.05710594351275744]]],
			[["(FE,NI)",["NI","FE"],[0.8366003332336764,0.09026351582810987]],["NBNI3",["NI","FE"],[0.7540022507413032,0.05353781171691285]]],
			[["(FE,NI)",["NI","FE"],[0.8409513868165108,0.08388555216380145]],["NBNI3",["NI","FE"],[0.755553289677166,0.049969679921068266]]],
			[["(FE,NI)",["NI","FE"],[0.8453024403993452,0.07750758849949291]],["NBNI3",["NI","FE"],[0.7571043286130286,0.04640154812522368]]],
			[["(FE,NI)",["NI","FE"],[0.8495513765999285,0.07110346631676978]],["NBNI3",["NI","FE"],[0.7586553675488913,0.04283341632937898]]],
			[["(FE,NI)",["NI","FE"],[0.8537729529790421,0.06469233560740828]],["NBNI3",["NI","FE"],[0.760206406484754,0.039265284533534284]]],
			[["(FE,NI)",["NI","FE"],[0.8579389930128891,0.058269169598155424]],["NBNI3",["NI","FE"],[0.7617574454206166,0.0356971527376897]]],
			[["(FE,NI)",["NI","FE"],[0.8620274933239143,0.05182919992972823]],["NBNI3",["NI","FE"],[0.7633084843564792,0.03212902094184511]]],
			[["(FE,NI)",["NI","FE"],[0.86610864568385,0.04538791656819141]],["NBNI3",["NI","FE"],[0.764859523292342,0.028560889146000412]]],
			[["(FE,NI)",["NI","FE"],[0.8700606469089175,0.03892354310250068]],["NBNI3",["NI","FE"],[0.7664105622282047,0.024992757350155825]]],
			[["(FE,NI)",["NI","FE"],[0.8740126481339849,0.03245916963680995]],["NBNI3",["NI","FE"],[0.7679616011640673,0.021424625554311127]]],
			[["(FE,NI)",["NI","FE"],[0.8778669373089892,0.0259808992403614]],["NBNI3",["NI","FE"],[0.76951264009993,0.01785649375846643]]],
			[["(FE,NI)",["NI","FE"],[0.8816787807397692,0.01949659206986032]],["NBNI3",["NI","FE"],[0.7710636790357926,0.014288361962621954]]],
			[["(FE,NI)",["NI","FE"],[0.8854408827905229,0.013006966995778524]],["NBNI3",["NI","FE"],[0.7726147179716554,0.010720230166777256]]],
			[["(FE,NI)",["NI","FE"],[0.8891092819430524,0.006507324045680107]],["NBNI3",["NI","FE"],[0.774165756907518,0.007152098370932669]]]],
	"reference": "C-A58757"
}