{
    "components": [
        "CR",
        "MO",
        "NB"
    ],
    "phases": [
        "(NB,CR,MO)",
        "NBCR2RT"
    ],
    "conditions": {
        "P": [
            101325
        ],
        "T": [
            1388,
            1388,
            1388,
            1388,
            1388,
            1388,
            1388,
            1388,
            1388,
            1388,
            1388,
            1388,
            1388,
            1388,
            1388,
            1388,
            1388,
            1388,
            1388,
            1388,
            1388,
            1388,
            1388,
            1388,
            1388,
            1388,
            1388,
            1388,
            1388,
            1388,
            1388,
            1388,
            1388,
            1388,
            1388,
            1388,
            1388,
            1388,
            1388,
            1388
        ]
    },
    "broadcast_conditions": false,
    "output": "ZPF",
    "values":
			[[["(NB,CR,MO)",["NB","CR"],[0.0232363,0.9767637]],["NBCR2RT",["NB","CR"],[0.3081663277870484,0.5926507940514358]]],
			[["(NB,CR,MO)",["NB","CR"],[0.0232363,0.9767637]],["NBCR2RT",["NB","CR"],[0.30838629957866126,0.5947884521778357]]],
			[["(NB,CR,MO)",["NB","CR"],[0.0232363,0.9767637]],["NBCR2RT",["NB","CR"],[0.30838629957866126,0.5947884521778357]]],
			[["(NB,CR,MO)",["NB","CR"],[0.0232363,0.9767637]],["NBCR2RT",["NB","CR"],[0.30880188101326267,0.5968054672127217]]],
			[["(NB,CR,MO)",["NB","CR"],[0.0232363,0.9767637]],["NBCR2RT",["NB","CR"],[0.3092901077234456,0.5987768003830978]]],
			[["(NB,CR,MO)",["NB","CR"],[0.0232363,0.9767637]],["NBCR2RT",["NB","CR"],[0.3098973574068317,0.6006667183855063]]],
			[["(NB,CR,MO)",["NB","CR"],[0.0232363,0.9767637]],["NBCR2RT",["NB","CR"],[0.3105111936794285,0.6025518882218228]]],
			[["(NB,CR,MO)",["NB","CR"],[0.0232363,0.9767637]],["NBCR2RT",["NB","CR"],[0.3111912560875198,0.6043893167035612]]],
			[["(NB,CR,MO)",["NB","CR"],[0.0232363,0.9767637]],["NBCR2RT",["NB","CR"],[0.31187131849561117,0.6062267451852994]]],
			[["(NB,CR,MO)",["NB","CR"],[0.0232363,0.9767637]],["NBCR2RT",["NB","CR"],[0.31258140083596436,0.6080419174253432]]],
			[["(NB,CR,MO)",["NB","CR"],[0.0232363,0.9767637]],["NBCR2RT",["NB","CR"],[0.31329994832340524,0.6098508137565034]]],
			[["(NB,CR,MO)",["NB","CR"],[0.0232363,0.9767637]],["NBCR2RT",["NB","CR"],[0.31402194654479776,0.6116571163978364]]],
			[["(NB,CR,MO)",["NB","CR"],[0.0232363,0.9767637]],["NBCR2RT",["NB","CR"],[0.3147569088202983,0.6134536748120774]]],
			[["(NB,CR,MO)",["NB","CR"],[0.0232363,0.9767637]],["NBCR2RT",["NB","CR"],[0.3154918710957988,0.6152502332263182]]],
			[["(NB,CR,MO)",["NB","CR"],[0.0232363,0.9767637]],["NBCR2RT",["NB","CR"],[0.3162268060181026,0.6170468122842019]]],
			[["(NB,CR,MO)",["NB","CR"],[0.0232363,0.9767637]],["NBCR2RT",["NB","CR"],[0.31696170404420254,0.6188434191879005]]],
			[["(NB,CR,MO)",["NB","CR"],[0.0232363,0.9767637]],["NBCR2RT",["NB","CR"],[0.31769660207030237,0.6206400260915992]]],
			[["(NB,CR,MO)",["NB","CR"],[0.0232363,0.9767637]],["NBCR2RT",["NB","CR"],[0.31842529240541584,0.6224413025592691]]],
			[["(NB,CR,MO)",["NB","CR"],[0.0232363,0.9767637]],["NBCR2RT",["NB","CR"],[0.31914703870939926,0.6242478024824316]]],
			[["(NB,CR,MO)",["NB","CR"],[0.0232363,0.9767637]],["NBCR2RT",["NB","CR"],[0.3198687850133828,0.626054302405594]]],
			[["(NB,CR,MO)",["NB","CR"],[0.0232363,0.9767637]],["NBCR2RT",["NB","CR"],[0.32057984670759504,0.6278687591320637]]],
			[["(NB,CR,MO)",["NB","CR"],[0.0232363,0.9767637]],["NBCR2RT",["NB","CR"],[0.3212745303134024,0.6296954125817436]]],
			[["(NB,CR,MO)",["NB","CR"],[0.0232363,0.9767637]],["NBCR2RT",["NB","CR"],[0.3219692139192098,0.6315220660314234]]],
			[["(NB,CR,MO)",["NB","CR"],[0.0232363,0.9767637]],["NBCR2RT",["NB","CR"],[0.3226545192589034,0.6333555882008348]]],
			[["(NB,CR,MO)",["NB","CR"],[0.0232363,0.9767637]],["NBCR2RT",["NB","CR"],[0.32331000399552756,0.6352109512267785]]],
			[["(NB,CR,MO)",["NB","CR"],[0.0232363,0.9767637]],["NBCR2RT",["NB","CR"],[0.32396548873215175,0.637066314252722]]],
			[["(NB,CR,MO)",["NB","CR"],[0.0232363,0.9767637]],["NBCR2RT",["NB","CR"],[0.32461823325411154,0.6389236373846077]]],
			[["(NB,CR,MO)",["NB","CR"],[0.0232363,0.9767637]],["NBCR2RT",["NB","CR"],[0.32521955460148844,0.6408177440836218]]],
			[["(NB,CR,MO)",["NB","CR"],[0.0232363,0.9767637]],["NBCR2RT",["NB","CR"],[0.3258208759488653,0.6427118507826362]]],
			[["(NB,CR,MO)",["NB","CR"],[0.0232363,0.9767637]],["NBCR2RT",["NB","CR"],[0.32642219729624217,0.6446059574816505]]],
			[["(NB,CR,MO)",["NB","CR"],[0.0232363,0.9767637]],["NBCR2RT",["NB","CR"],[0.3269614409926602,0.6465430673945828]]],
			[["(NB,CR,MO)",["NB","CR"],[0.0232363,0.9767637]],["NBCR2RT",["NB","CR"],[0.32749165038647465,0.6484864356636459]]],
			[["(NB,CR,MO)",["NB","CR"],[0.0232363,0.9767637]],["NBCR2RT",["NB","CR"],[0.328021859780289,0.6504298039327092]]],
			[["(NB,CR,MO)",["NB","CR"],[0.0232363,0.9767637]],["NBCR2RT",["NB","CR"],[0.32848287683674154,0.652419103613846]]],
			[["(NB,CR,MO)",["NB","CR"],[0.0232363,0.9767637]],["NBCR2RT",["NB","CR"],[0.3289207630447208,0.6544237580665279]]],
			[["(NB,CR,MO)",["NB","CR"],[0.0232363,0.9767637]],["NBCR2RT",["NB","CR"],[0.32935864925270003,0.6564284125192096]]],
			[["(NB,CR,MO)",["NB","CR"],[0.0232363,0.9767637]],["NBCR2RT",["NB","CR"],[0.32970998445399285,0.6584873371521975]]],
			[["(NB,CR,MO)",["NB","CR"],[0.0232363,0.9767637]],["NBCR2RT",["NB","CR"],[0.33002792233016676,0.6605672029495386]]],
			[["(NB,CR,MO)",["NB","CR"],[0.0232363,0.9767637]],["NBCR2RT",["NB","CR"],[0.3303458602063406,0.6626470687468798]]],
			[["(NB,CR,MO)",["NB","CR"],[0.0232363,0.9767637]],["NBCR2RT",["NB","CR"],[0.3305338800272472,0.6648022879055444]]]],
	"reference": "C-A58757"
}