{
    "components": [
        "CR",
        "MO",
        "NB"
    ],
    "phases": [
        "NBCR2RT",
        "(NB,CR,MO)",
        "(NB,CR,MO)"
    ],
    "conditions": {
        "P": [
            101325
        ],
        "T": [
            1388,
            1388,
            1388,
            1388,
            1388,
            1388,
            1388,
            1388,
            1388,
            1388,
            1388,
            1388,
            1388,
            1388,
            1388,
            1388,
            1388,
            1388,
            1388,
            1388,
            1388,
            1388,
            1388,
            1388,
            1388,
            1388,
            1388,
            1388,
            1388,
            1388,
            1388,
            1388,
            1388,
            1388,
            1388,
            1388,
            1388,
            1388,
            1388,
            1388,
            1388
        ]
    },
    "broadcast_conditions": false,
    "output": "ZPF",
    "values":
			[[["(NB,CR,MO)",["NB","CR"],[0.04494133792917235,0.7904653379291724]],["NBCR2RT",["NB","CR"],[0.309916667091093,0.588704667091093]],["(NB,CR,MO)",["NB","CR"],[0.2341289148090768,0.31143291480907687]]],
			[["NBCR2RT",["NB","CR"],[0.3129438962584851,0.5863592120851707]],["(NB,CR,MO)",["NB","CR"],[0.23469313397294417,0.31135713397294396]]],
			[["NBCR2RT",["NB","CR"],[0.315608789147851,0.585183813119281]],["(NB,CR,MO)",["NB","CR"],[0.2506003027517966,0.29464766320801683]]],
			[["NBCR2RT",["NB","CR"],[0.31823141755045137,0.5843402494272736]],["(NB,CR,MO)",["NB","CR"],[0.2506003027517966,0.29464766320801683]]],
			[["NBCR2RT",["NB","CR"],[0.3207660127963362,0.5838181841293544]],["(NB,CR,MO)",["NB","CR"],[0.2667968477023151,0.27822216474533756]]],
			[["NBCR2RT",["NB","CR"],[0.32324392957593145,0.5834498090636746]],["(NB,CR,MO)",["NB","CR"],[0.2834104217752966,0.2622059077185668]]],
			[["NBCR2RT",["NB","CR"],[0.3256700578361061,0.5832179949483262]],["(NB,CR,MO)",["NB","CR"],[0.30053392216526037,0.24684401891852814]]],
			[["NBCR2RT",["NB","CR"],[0.3280039227301429,0.5831855781810413]],["(NB,CR,MO)",["NB","CR"],[0.317867354873869,0.2317803111395731]]],
			[["NBCR2RT",["NB","CR"],[0.33032132490667054,0.5831885406403641]],["(NB,CR,MO)",["NB","CR"],[0.33570668383683133,0.2175916034097145]]],
			[["NBCR2RT",["NB","CR"],[0.3325304842582009,0.5833943565393006]],["(NB,CR,MO)",["NB","CR"],[0.353729657338577,0.2038524618040246]]],
			[["NBCR2RT",["NB","CR"],[0.3347396436097312,0.5836001724382373]],["(NB,CR,MO)",["NB","CR"],[0.3720252519588806,0.19078070306987804]]],
			[["NBCR2RT",["NB","CR"],[0.3368434912916614,0.5839824226283189]],["(NB,CR,MO)",["NB","CR"],[0.3905249453921805,0.17848095817610998]]],
			[["NBCR2RT",["NB","CR"],[0.3389431562262729,0.5843716803994312]],["(NB,CR,MO)",["NB","CR"],[0.4091435180752277,0.1666308799158278]]],
			[["NBCR2RT",["NB","CR"],[0.34096315315452635,0.5848824532055821]],["(NB,CR,MO)",["NB","CR"],[0.42790514260675017,0.1557947536281319]]],
			[["NBCR2RT",["NB","CR"],[0.3429525611070113,0.585439882387764]],["(NB,CR,MO)",["NB","CR"],[0.4467059820126753,0.14523658249920723]]],
			[["NBCR2RT",["NB","CR"],[0.3449093684886891,0.5860431050556589]],["(NB,CR,MO)",["NB","CR"],[0.46554580849699745,0.13579333209802447]]],
			[["NBCR2RT",["NB","CR"],[0.3467867339927211,0.5867579184227013]],["(NB,CR,MO)",["NB","CR"],[0.48439287581446144,0.12655714914810912]]],
			[["NBCR2RT",["NB","CR"],[0.3486640994967531,0.5874727317897438]],["(NB,CR,MO)",["NB","CR"],[0.5031808817068895,0.11835847159703805]]],
			[["NBCR2RT",["NB","CR"],[0.3504654307027922,0.5882866623729491]],["(NB,CR,MO)",["NB","CR"],[0.521953036486149,0.11043824339729935]]],
			[["NBCR2RT",["NB","CR"],[0.35222916774458857,0.5891496001674008]],["(NB,CR,MO)",["NB","CR"],[0.5406199565396768,0.10328593240769057]]],
			[["NBCR2RT",["NB","CR"],[0.353992904786385,0.5900125379618524]],["(NB,CR,MO)",["NB","CR"],[0.5592168049009059,0.09664494748544938]]],
			[["NBCR2RT",["NB","CR"],[0.3556569748524855,0.5909966823436137]],["(NB,CR,MO)",["NB","CR"],[0.577748213279483,0.09031969314605837]]],
			[["NBCR2RT",["NB","CR"],[0.3573045920334168,0.5920008353395506]],["(NB,CR,MO)",["NB","CR"],[0.596092671445601,0.08489642406325548]]],
			[["NBCR2RT",["NB","CR"],[0.35895220921434806,0.5930049883354875]],["(NB,CR,MO)",["NB","CR"],[0.614437129611719,0.07947315498045249]]],
			[["NBCR2RT",["NB","CR"],[0.3604980798356198,0.5941249792944829]],["(NB,CR,MO)",["NB","CR"],[0.6325525820170543,0.07490077592603395]]],
			[["NBCR2RT",["NB","CR"],[0.36202723847412066,0.5952639967645401]],["(NB,CR,MO)",["NB","CR"],[0.6505898709938984,0.07061881961757721]]],
			[["NBCR2RT",["NB","CR"],[0.36355639711262155,0.5964030142345972]],["(NB,CR,MO)",["NB","CR"],[0.6686135434575465,0.06637889991326074]]],
			[["NBCR2RT",["NB","CR"],[0.3650045739511802,0.5976285545503471]],["(NB,CR,MO)",["NB","CR"],[0.6863087054051162,0.06315315074742078]]],
			[["NBCR2RT",["NB","CR"],[0.3664129240656512,0.5988966466679235]],["(NB,CR,MO)",["NB","CR"],[0.7040038673526859,0.05992740158158083]]],
			[["NBCR2RT",["NB","CR"],[0.36782127418012217,0.6001647387855]],["(NB,CR,MO)",["NB","CR"],[0.72165456903455,0.05682095403541121]]],
			[["NBCR2RT",["NB","CR"],[0.3691938387473408,0.6014687679128643]],["(NB,CR,MO)",["NB","CR"],[0.7389882801303228,0.054565097230004356]]],
			[["NBCR2RT",["NB","CR"],[0.3704791491000081,0.6028604205587476]],["(NB,CR,MO)",["NB","CR"],[0.7563219912260956,0.0523092404245975]]],
			[["NBCR2RT",["NB","CR"],[0.37176445945267544,0.6042520732046308]],["(NB,CR,MO)",["NB","CR"],[0.7736557023218682,0.05005338361919087]]],
			[["NBCR2RT",["NB","CR"],[0.37304976980534277,0.6056437258505142]],["(NB,CR,MO)",["NB","CR"],[0.7906300713730227,0.04866082948642625]]],
			[["NBCR2RT",["NB","CR"],[0.37424518490370057,0.6071203004883048]],["(NB,CR,MO)",["NB","CR"],[0.8075959209984321,0.04728874288070206]]],
			[["NBCR2RT",["NB","CR"],[0.3754052019971102,0.6086303148122372]],["(NB,CR,MO)",["NB","CR"],[0.8245617706238416,0.045916656274977985]]],
			[["NBCR2RT",["NB","CR"],[0.37656521909051976,0.6101403291361696]],["(NB,CR,MO)",["NB","CR"],[0.841314290700991,0.04501307713035707]]],
			[["NBCR2RT",["NB","CR"],[0.37772523618392934,0.6116503434601019]],["(NB,CR,MO)",["NB","CR"],[0.8579144298323764,0.04444415209531727]]],
			[["NBCR2RT",["NB","CR"],[0.37876507033972295,0.6132671859094826]],["(NB,CR,MO)",["NB","CR"],[0.8745145689637618,0.04387522706027758]]],
			[["NBCR2RT",["NB","CR"],[0.3797980468931486,0.6148901239396551]],["(NB,CR,MO)",["NB","CR"],[0.8911147080951471,0.043306302025238]]],
			[["NBCR2RT",["NB","CR"],[0.3808310234465743,0.6165130619698276]],["(NB,CR,MO)",["NB","CR"],[0.907384815430986,0.043410137067938726]]]],
	"reference": "C-A58757"
}