{
    "components": [
        "NB",
        "NI"
    ],
    "phases": [
        "NB0.06NI0.94_225_CF4",
        "LIQUID",
        "NBNI3_59_OP8",
        "NBNI8RT"
    ],
    "conditions": {
        "P": 101325,
        "T": [
            1721.36,
            1712.72,
            1703.38,
            1693.99,
            1684.55,
            1675.05,
            1665.5,
            1655.88,
            1646.2,
            1636.45,
            1626.62,
            1616.72,
            1606.73,
            1596.66,
            1586.5,
            1576.25,
            1565.89,
            1555.92,
            1512.73,
            1468.37,
            1468.36,
            1423.88,
            1379.27,
            1334.55,
            1289.7,
            1244.7469999999998,
            1199.681,
            1199.676,
            1154.508,
            1154.504,
            1109.232,
            1109.228,
            1063.855,
            1018.381,
            972.812,
            972.809,
            927.153,
            881.405,
            835.573,
            789.744,
            759.204,
            759.19,
            728.596,
            728.581,
            698.015,
            697.999,
            667.462,
            667.446,
            636.938,
            636.921,
            606.444,
            606.4259999999999,
            575.98,
            575.962,
            545.547,
            545.529,
            515.146,
            515.1279999999999,
            484.778,
            484.759,
            454.44399999999996,
            454.424,
            424.144,
            424.123,
            393.879,
            393.858,
            363.6492,
            363.6279,
            333.4565,
            333.4346,
            303.3012,
            303.2788,
            274.26711,
            274.26711
        ]
    },
    "output": "ZPF",
    "broadcast_conditions": false,
    "values":
			[[["NB0.06NI0.94_225_CF4",["NI"],[0.999619]],["LIQUID",["NI"],[null]]],
			[["NB0.06NI0.94_225_CF4",["NI"],[0.9927819999999999]],["LIQUID",["NI"],[0.9879920866228069]]],
			[["NB0.06NI0.94_225_CF4",["NI"],[0.9854559999999999]],["LIQUID",["NI"],[0.9786596262188517]]],
			[["NB0.06NI0.94_225_CF4",["NI"],[0.978162]],["LIQUID",["NI"],[0.9694411648822271]]],
			[["NB0.06NI0.94_225_CF4",["NI"],[0.970904]],["LIQUID",["NI"],[0.9603268509513743]]],
			[["NB0.06NI0.94_225_CF4",["NI"],[0.963686]],["LIQUID",["NI"],[0.9512993333333333]]],
			[["NB0.06NI0.94_225_CF4",["NI"],[0.956511]],["LIQUID",["NI"],[0.9423674225206611]]],
			[["NB0.06NI0.94_225_CF4",["NI"],[0.949384]],["LIQUID",["NI"],[0.9335184989775052]]],
			[["NB0.06NI0.94_225_CF4",["NI"],[0.942308]],["LIQUID",["NI"],[0.9247457674418605]]],
			[["NB0.06NI0.94_225_CF4",["NI"],[0.935288]],["LIQUID",["NI"],[0.91603745]]],
			[["NB0.06NI0.94_225_CF4",["NI"],[0.928327]],["LIQUID",["NI"],[0.9073921760633036]]],
			[["NB0.06NI0.94_225_CF4",["NI"],[0.92143]],["LIQUID",["NI"],[0.8988138539215685]]],
			[["NB0.06NI0.94_225_CF4",["NI"],[0.914601]],["LIQUID",["NI"],[0.8902750426770126]]],
			[["NB0.06NI0.94_225_CF4",["NI"],[0.907842]],["LIQUID",["NI"],[0.8817947673076924]]],
			[["NB0.06NI0.94_225_CF4",["NI"],[0.90116]],["LIQUID",["NI"],[0.8733528742857142]]],
			[["NB0.06NI0.94_225_CF4",["NI"],[0.894556]],["LIQUID",["NI"],[0.8649549745042493]]],
			[["NB0.06NI0.94_225_CF4",["NI"],[0.888036]],["LIQUID",["NI"],[0.8565857315436242]]],
			[["NB0.06NI0.94_225_CF4",["NI"],[0.881895]],["NBNI3_59_OP8",["NI"],[0.7581059251550044]]],
			[["NB0.06NI0.94_225_CF4",["NI"],[0.885977]],["NBNI3_59_OP8",["NI"],[0.7584282243135518]]],
			[["NB0.06NI0.94_225_CF4",["NI"],[0.890106]],["NBNI3_59_OP8",["NI"],[0.7586963953488373]]],
			[["NB0.06NI0.94_225_CF4",["NI"],[0.890107]],["NBNI3_59_OP8",["NI"],[0.7586964553709856]]],
			[["NB0.06NI0.94_225_CF4",["NI"],[0.8941870000000001]],["NBNI3_59_OP8",["NI"],[0.7589024073089701]]],
			[["NB0.06NI0.94_225_CF4",["NI"],[0.898219]],["NBNI3_59_OP8",["NI"],[0.7590476069133614]]],
			[["NB0.06NI0.94_225_CF4",["NI"],[0.902205]],["NBNI3_59_OP8",["NI"],[0.7591333120567376]]],
			[["NB0.06NI0.94_225_CF4",["NI"],[0.9061450000000001]],["NBNI3_59_OP8",["NI"],[0.7591591615691489]]],
			[["NB0.06NI0.94_225_CF4",["NI"],[0.9100400000000001]],["NBNI3_59_OP8",["NI"],[0.759126465800789]]],
			[["NB0.06NI0.94_225_CF4",["NI"],[0.913892]],["NBNI3_59_OP8",["NI"],[0.7590367663474753]]],
			[["NB0.06NI0.94_225_CF4",["NI"],[0.9138930000000001]],["NBNI3_59_OP8",["NI"],[0.7590367558185929]]],
			[["NB0.06NI0.94_225_CF4",["NI"],[0.917702]],["NBNI3_59_OP8",["NI"],[0.7588907303156587]]],
			[["NB0.06NI0.94_225_CF4",["NI"],[0.917703]],["NBNI3_59_OP8",["NI"],[0.75889071692676]]],
			[["NB0.06NI0.94_225_CF4",["NI"],[0.9214709999999999]],["NBNI3_59_OP8",["NI"],[0.7586889908675798]]],
			[["NB0.06NI0.94_225_CF4",["NI"],[0.921472]],["NBNI3_59_OP8",["NI"],[0.7586889726027397]]],
			[["NB0.06NI0.94_225_CF4",["NI"],[0.9252009999999999]],["NBNI3_59_OP8",["NI"],[0.758432201790939]]],
			[["NB0.06NI0.94_225_CF4",["NI"],[0.928891]],["NBNI3_59_OP8",["NI"],[0.7581229183289007]]],
			[["NB0.06NI0.94_225_CF4",["NI"],[0.932544]],["NBNI3_59_OP8",["NI"],[0.7577611118448754]]],
			[["NB0.06NI0.94_225_CF4",["NI"],[0.932545]],["NBNI3_59_OP8",["NI"],[0.7577610877783932]]],
			[["NB0.06NI0.94_225_CF4",["NI"],[0.936161]],["NBNI3_59_OP8",["NI"],[0.7573484369848444]]],
			[["NB0.06NI0.94_225_CF4",["NI"],[0.939743]],["NBNI3_59_OP8",["NI"],[0.7568867152857776]]],
			[["NB0.06NI0.94_225_CF4",["NI"],[0.94329]],["NBNI3_59_OP8",["NI"],[0.7563759116963079]]],
			[["NB0.06NI0.94_225_CF4",["NI"],[0.946798]],["NBNI8RT",["NI"],[0.888486]]],
			[["NB0.06NI0.94_225_CF4",["NI"],[0.9505549999999999]],["NBNI8RT",["NI"],[0.888486]]],
			[["NB0.06NI0.94_225_CF4",["NI"],[0.950557]],["NBNI8RT",["NI"],[0.888486]]],
			[["NB0.06NI0.94_225_CF4",["NI"],[0.954188]],["NBNI8RT",["NI"],[0.888486]]],
			[["NB0.06NI0.94_225_CF4",["NI"],[0.95419]],["NBNI8RT",["NI"],[0.888486]]],
			[["NB0.06NI0.94_225_CF4",["NI"],[0.957681]],["NBNI8RT",["NI"],[0.888486]]],
			[["NB0.06NI0.94_225_CF4",["NI"],[0.957683]],["NBNI8RT",["NI"],[0.888486]]],
			[["NB0.06NI0.94_225_CF4",["NI"],[0.9610339999999999]],["NBNI8RT",["NI"],[0.888486]]],
			[["NB0.06NI0.94_225_CF4",["NI"],[0.961036]],["NBNI8RT",["NI"],[0.888486]]],
			[["NB0.06NI0.94_225_CF4",["NI"],[0.9642440000000001]],["NBNI8RT",["NI"],[0.888486]]],
			[["NB0.06NI0.94_225_CF4",["NI"],[0.9642459999999999]],["NBNI8RT",["NI"],[0.888486]]],
			[["NB0.06NI0.94_225_CF4",["NI"],[0.9673090000000001]],["NBNI8RT",["NI"],[0.888486]]],
			[["NB0.06NI0.94_225_CF4",["NI"],[0.9673099999999999]],["NBNI8RT",["NI"],[0.888486]]],
			[["NB0.06NI0.94_225_CF4",["NI"],[0.9702259999999999]],["NBNI8RT",["NI"],[0.888486]]],
			[["NB0.06NI0.94_225_CF4",["NI"],[0.9702280000000001]],["NBNI8RT",["NI"],[0.888486]]],
			[["NB0.06NI0.94_225_CF4",["NI"],[0.9729949999999999]],["NBNI8RT",["NI"],[0.888486]]],
			[["NB0.06NI0.94_225_CF4",["NI"],[0.972996]],["NBNI8RT",["NI"],[0.888486]]],
			[["NB0.06NI0.94_225_CF4",["NI"],[0.975612]],["NBNI8RT",["NI"],[0.888486]]],
			[["NB0.06NI0.94_225_CF4",["NI"],[0.9756130000000001]],["NBNI8RT",["NI"],[0.888486]]],
			[["NB0.06NI0.94_225_CF4",["NI"],[0.978075]],["NBNI8RT",["NI"],[0.888486]]],
			[["NB0.06NI0.94_225_CF4",["NI"],[0.978077]],["NBNI8RT",["NI"],[0.888486]]],
			[["NB0.06NI0.94_225_CF4",["NI"],[0.9803830000000001]],["NBNI8RT",["NI"],[0.888486]]],
			[["NB0.06NI0.94_225_CF4",["NI"],[0.9803839999999999]],["NBNI8RT",["NI"],[0.888486]]],
			[["NB0.06NI0.94_225_CF4",["NI"],[0.982533]],["NBNI8RT",["NI"],[0.888486]]],
			[["NB0.06NI0.94_225_CF4",["NI"],[0.982535]],["NBNI8RT",["NI"],[0.888486]]],
			[["NB0.06NI0.94_225_CF4",["NI"],[0.984524]],["NBNI8RT",["NI"],[0.888486]]],
			[["NB0.06NI0.94_225_CF4",["NI"],[0.984525]],["NBNI8RT",["NI"],[0.888486]]],
