{
    "components": [
        "NB",
        "NI"
    ],
    "phases": [
        "NB_229_CI2",
        "NB7NI6_166_HR39",
        "LIQUID"
    ],
    "conditions": {
        "P": 101325,
        "T": [
            516.844,
            539.569,
            539.585,
            616.0219999999999,
            616.0419999999999,
            687.9580000000001,
            687.98,
            756.386,
            756.4110000000001,
            822.317,
            822.343,
            886.76,
            886.786,
            950.724,
            950.75,
            1015.219,
            1015.242,
            1081.254,
            1081.274,
            1149.838,
            1149.855,
            1221.982,
            1221.995,
            1298.7,
            1298.71,
            1380.99,
            1381.0,
            1469.88,
            1469.88,
            1566.14,
            1624.4535,
            1682.767,
            1741.0805,
            1799.394,
            1857.7075,
            1916.0210000000002,
            1974.3345,
            2032.6480000000001,
            2090.9615,
            2149.275,
            2207.5885,
            2265.902,
            2324.2155000000002,
            2382.529,
            2440.8424999999997,
            2499.156,
            2557.4695,
            2615.783,
            2674.0964999999997
        ]
    },
    "output": "ZPF",
    "broadcast_conditions": false,
    "values":
			[[["NB_229_CI2",["NI"],[0.000381243]],["NB7NI6_166_HR39",["NI"],[null]]],
			[["NB_229_CI2",["NI"],[0.00052605]],["NB7NI6_166_HR39",["NI"],[null]]],
			[["NB_229_CI2",["NI"],[0.000526183]],["NB7NI6_166_HR39",["NI"],[null]]],
			[["NB_229_CI2",["NI"],[0.0013050400000000001]],["NB7NI6_166_HR39",["NI"],[null]]],
			[["NB_229_CI2",["NI"],[0.00130528]],["NB7NI6_166_HR39",["NI"],[null]]],
			[["NB_229_CI2",["NI"],[0.00236815]],["NB7NI6_166_HR39",["NI"],[null]]],
			[["NB_229_CI2",["NI"],[0.00236854]],["NB7NI6_166_HR39",["NI"],[null]]],
			[["NB_229_CI2",["NI"],[0.00374289]],["NB7NI6_166_HR39",["NI"],[null]]],
			[["NB_229_CI2",["NI"],[0.00374346]],["NB7NI6_166_HR39",["NI"],[null]]],
			[["NB_229_CI2",["NI"],[0.00545677]],["NB7NI6_166_HR39",["NI"],[0.4840448300004002]]],
			[["NB_229_CI2",["NI"],[0.00545753]],["NB7NI6_166_HR39",["NI"],[0.4840438456222735]]],
			[["NB_229_CI2",["NI"],[0.00753725]],["NB7NI6_166_HR39",["NI"],[0.48092626645114644]]],
			[["NB_229_CI2",["NI"],[0.00753819]],["NB7NI6_166_HR39",["NI"],[0.48092500565740787]]],
			[["NB_229_CI2",["NI"],[0.0100118]],["NB7NI6_166_HR39",["NI"],[0.47717598859179505]]],
			[["NB_229_CI2",["NI"],[0.0100129]],["NB7NI6_166_HR39",["NI"],[0.4771744334073997]]],
			[["NB_229_CI2",["NI"],[0.0129078]],["NB7NI6_166_HR39",["NI"],[0.4726842993292126]]],
			[["NB_229_CI2",["NI"],[0.012908999999999999]],["NB7NI6_166_HR39",["NI"],[0.47268265710833296]]],
			[["NB_229_CI2",["NI"],[0.0162528]],["NB7NI6_166_HR39",["NI"],[0.4673313066374631]]],
			[["NB_229_CI2",["NI"],[0.016253899999999998]],["NB7NI6_166_HR39",["NI"],[0.46732965155699463]]],
			[["NB_229_CI2",["NI"],[0.020074]],["NB7NI6_166_HR39",["NI"],[0.46100148692030435]]],
			[["NB_229_CI2",["NI"],[0.020074900000000003]],["NB7NI6_166_HR39",["NI"],[0.46099990007208647]]],
			[["NB_229_CI2",["NI"],[0.024398800000000002]],["NB7NI6_166_HR39",["NI"],[0.45353546869008093]]],
			[["NB_229_CI2",["NI"],[0.0243996]],["NB7NI6_166_HR39",["NI"],[0.45353403491870486]]],
			[["NB_229_CI2",["NI"],[0.029254799999999997]],["NB7NI6_166_HR39",["NI"],[0.44495226410835215]]],
			[["NB_229_CI2",["NI"],[0.029255399999999997]],["NB7NI6_166_HR39",["NI"],[0.44495110383747183]]],
			[["NB_229_CI2",["NI"],[0.0346692]],["NB7NI6_166_HR39",["NI"],[0.43526530001434105]]],
			[["NB_229_CI2",["NI"],[0.0346697]],["NB7NI6_166_HR39",["NI"],[0.43526410225154166]]],
			[["NB_229_CI2",["NI"],[0.0406697]],["NB7NI6_166_HR39",["NI"],[0.4245084196078431]]],
			[["NB_229_CI2",["NI"],[0.040670000000000005]],["NB7NI6_166_HR39",["NI"],[0.4245084196078431]]],
			[["NB_229_CI2",["NI"],[0.0472684]],["LIQUID",["NI"],[0.47004398630136973]]],
			[["NB_229_CI2",["NI"],[0.04492404215]],["LIQUID",["NI"],[0.4591812580712265]]],
			[["NB_229_CI2",["NI"],[0.042579684300000004]],["LIQUID",["NI"],[0.4497728809286071]]],
			[["NB_229_CI2",["NI"],[0.040235326450000004]],["LIQUID",["NI"],[0.43904283689510487]]],
			[["NB_229_CI2",["NI"],[0.0378909686]],["LIQUID",["NI"],[0.4280615918924595]]],
			[["NB_229_CI2",["NI"],[0.035546610750000006]],["LIQUID",["NI"],[0.41549191548519215]]],
			[["NB_229_CI2",["NI"],[0.0332022529]],["LIQUID",["NI"],[0.4020105527068557]]],
			[["NB_229_CI2",["NI"],[0.03085789505]],["LIQUID",["NI"],[0.3873901313297873]]],
			[["NB_229_CI2",["NI"],[0.0285135372]],["LIQUID",["NI"],[0.3703906818302387]]],
			[["NB_229_CI2",["NI"],[0.026169179350000002]],["LIQUID",["NI"],[0.35146031951634377]]],
			[["NB_229_CI2",["NI"],[0.0238248215]],["LIQUID",["NI"],[0.3300850798367347]]],
			[["NB_229_CI2",["NI"],[0.02148046365]],["LIQUID",["NI"],[0.30577522923254585]]],
			[["NB_229_CI2",["NI"],[0.019136105800000004]],["LIQUID",["NI"],[0.278235529920364]]],
			[["NB_229_CI2",["NI"],[0.01679174795]],["LIQUID",["NI"],[0.24751923862109826]]],
			[["NB_229_CI2",["NI"],[0.014447390100000002]],["LIQUID",["NI"],[0.21414925662191953]]],
			[["NB_229_CI2",["NI"],[0.012103032250000001]],["LIQUID",["NI"],[0.1790653719419687]]],
			[["NB_229_CI2",["NI"],[0.0097586744]],["LIQUID",["NI"],[0.1434887791325987]]],
			[["NB_229_CI2",["NI"],[0.007414316549999999]],["LIQUID",["NI"],[0.10844262587990179]]],
			[["NB_229_CI2",["NI"],[0.005069958699999999]],["LIQUID",["NI"],[0.07445616208703384]]],
			[["NB_229_CI2",["NI"],[0.002725600850000003]],["LIQUID",["NI"],[null]]]],
	"reference": "C101170",
    "phase": [
        "NB_229_CI2",
        "NB7NI6_166_HR39",
        "LIQUID"
    ]
}