{
    "components": [
        "NB",
        "NI"
    ],
    "phases": [
        "NBNI8RT",
        "NBNI3_59_OP8"
    ],
    "conditions": {
        "P": 101325,
        "T": [
            789.979,
            789.979,
            764.13005,
            738.2811,
            712.4321500000001,
            686.5832,
            660.73425,
            634.8853,
            609.0363500000001,
            583.1874,
            557.33845,
            531.4895,
            505.64055,
            479.7916,
            453.94265,
            428.0937,
            402.24475,
            376.3958,
            350.54685,
            324.6979,
            298.84895,
            273.0,
            324.6979,
            376.3958,
            428.0937,
            479.7916,
            531.4895,
            583.1874,
            634.8853,
            686.5832,
            738.2811
        ]
    },
    "output": "ZPF",
    "broadcast_conditions": false,
    "values":
			[[["NBNI8RT",["NI"],[0.888486]],["NBNI3_59_OP8",["NI"],[0.7558217089145742]]],
			[["NBNI8RT",["NI"],[0.888486]],["NBNI3_59_OP8",["NI"],[0.7558217089145742]]],
			[["NBNI8RT",["NI"],[0.888486]],["NBNI3_59_OP8",["NI"],[0.7550470158906317]]],
			[["NBNI8RT",["NI"],[0.888486]],["NBNI3_59_OP8",["NI"],[0.7543272986846]]],
			[["NBNI8RT",["NI"],[0.888486]],["NBNI3_59_OP8",["NI"],[0.7536740497221126]]],
			[["NBNI8RT",["NI"],[0.888486]],["NBNI3_59_OP8",["NI"],[0.7530846925869894]]],
			[["NBNI8RT",["NI"],[0.888486]],["NBNI3_59_OP8",["NI"],[0.7525564751833701]]],
			[["NBNI8RT",["NI"],[0.888486]],["NBNI3_59_OP8",["NI"],[0.7520867297937432]]],
			[["NBNI8RT",["NI"],[0.888486]],["NBNI3_59_OP8",["NI"],[0.7516785750518109]]],
			[["NBNI8RT",["NI"],[0.888486]],["NBNI3_59_OP8",["NI"],[0.7513288963940251]]],
			[["NBNI8RT",["NI"],[0.888486]],["NBNI3_59_OP8",["NI"],[0.7510285919493895]]],
			[["NBNI8RT",["NI"],[0.888486]],["NBNI3_59_OP8",["NI"],[0.7507754006484103]]],
			[["NBNI8RT",["NI"],[0.888486]],["NBNI3_59_OP8",["NI"],[0.7505664770196866]]],
			[["NBNI8RT",["NI"],[0.888486]],["NBNI3_59_OP8",["NI"],[0.7503990836143309]]],
			[["NBNI8RT",["NI"],[0.888486]],["NBNI3_59_OP8",["NI"],[0.7502715138838566]]],
			[["NBNI8RT",["NI"],[0.888486]],["NBNI3_59_OP8",["NI"],[0.7501863696103297]]],
			[["NBNI8RT",["NI"],[0.888486]],["NBNI3_59_OP8",["NI"],[0.7501358878336081]]],
			[["NBNI8RT",["NI"],[0.888486]],["NBNI3_59_OP8",["NI"],[0.7501155116166395]]],
			[["NBNI8RT",["NI"],[0.888486]],["NBNI3_59_OP8",["NI"],[0.7501229336330455]]],
			[["NBNI8RT",["NI"],[0.888486]],["NBNI3_59_OP8",["NI"],[0.7501556628097211]]],
			[["NBNI8RT",["NI"],[0.888486]],["NBNI3_59_OP8",["NI"],[0.7502109400234943]]],
			[["NBNI8RT",["NI"],[0.888486]],["NBNI3_59_OP8",["NI"],[0.750286]]],
			[["NBNI8RT",["NI"],[0.888486]],["NBNI3_59_OP8",["NI"],[0.7501556628097211]]],
			[["NBNI8RT",["NI"],[0.888486]],["NBNI3_59_OP8",["NI"],[0.7501155116166395]]],
			[["NBNI8RT",["NI"],[0.888486]],["NBNI3_59_OP8",["NI"],[0.7501863696103297]]],
			[["NBNI8RT",["NI"],[0.888486]],["NBNI3_59_OP8",["NI"],[0.7503990836143309]]],
			[["NBNI8RT",["NI"],[0.888486]],["NBNI3_59_OP8",["NI"],[0.7507754006484103]]],
			[["NBNI8RT",["NI"],[0.888486]],["NBNI3_59_OP8",["NI"],[0.7513288963940251]]],
			[["NBNI8RT",["NI"],[0.888486]],["NBNI3_59_OP8",["NI"],[0.7520867297937432]]],
			[["NBNI8RT",["NI"],[0.888486]],["NBNI3_59_OP8",["NI"],[0.7530846925869894]]],
			[["NBNI8RT",["NI"],[0.888486]],["NBNI3_59_OP8",["NI"],[0.7543272986846]]]],
	"reference": "C101170",
    "phase": [
        "NBNI8RT",
        "NBNI3_59_OP8"
    ]
}