{
    "components": [
        "NB",
        "NI"
    ],
    "phases": [
        "NB7NI6_166_HR39",
        "NBNI3_59_OP8",
        "LIQUID",
        "NB_229_CI2"
    ],
    "conditions": {
        "P": 101325,
        "T": [
            273.0,
            273.0,
            342.0347,
            411.171,
            480.404,
            549.731,
            619.148,
            688.6510000000001,
            758.236,
            827.899,
            897.636,
            967.444,
            1037.318,
            1107.255,
            1177.251,
            1247.301,
            1317.4,
            1387.55,
            1457.74,
            1467.29,
            1476.46,
            1485.25,
            1493.66,
            1501.69,
            1509.34,
            1516.59,
            1523.44,
            1529.9,
            1535.95,
            1541.6,
            1546.84,
            1551.66,
            1556.06,
            1560.04,
            1563.59,
            1566.72,
            1487.57,
            1413.62,
            1343.89,
            1277.44,
            1213.2910000000002,
            1150.4859999999999,
            1088.0610000000001,
            1025.0549999999998,
            960.504,
            893.447,
            822.92,
            747.961,
            667.608,
            580.8969999999999,
            486.868,
            481.75239999999997,
            476.6368,
            471.5212,
            466.4056,
            461.28999999999996,
            456.1744,
            451.0588,
            445.9432,
            440.82759999999996,
            435.712,
            430.5964,
            425.4808,
            420.3652,
            415.2496,
            410.134,
            405.0184,
            399.9028,
            394.7872,
            389.6716,
            384.556,
            373.4004,
            362.2448,
            351.0892,
            339.9336,
            328.778,
            317.62239999999997,
            306.4668,
            295.3112,
            284.1556
        ]
    },
    "output": "ZPF",
    "broadcast_conditions": false,
    "values":
			[[["NB7NI6_166_HR39",["NI"],[0.492566]],["NBNI3_59_OP8",["NI"],[0.74857]]],
			[["NB7NI6_166_HR39",["NI"],[0.49485300000000004]],["NBNI3_59_OP8",["NI"],[0.74857]]],
			[["NB7NI6_166_HR39",["NI"],[0.495711]],["NBNI3_59_OP8",["NI"],[0.7485771272661573]]],
			[["NB7NI6_166_HR39",["NI"],[0.496471]],["NBNI3_59_OP8",["NI"],[0.7485855054560834]]],
			[["NB7NI6_166_HR39",["NI"],[0.49713999999999997]],["NBNI3_59_OP8",["NI"],[0.7485965676394568]]],
			[["NB7NI6_166_HR39",["NI"],[0.497723]],["NBNI3_59_OP8",["NI"],[0.7485978885898871]]],
			[["NB7NI6_166_HR39",["NI"],[0.498225]],["NBNI3_59_OP8",["NI"],[0.7485826187943858]]],
			[["NB7NI6_166_HR39",["NI"],[0.49865200000000004]],["NBNI3_59_OP8",["NI"],[0.7485384096344254]]],
			[["NB7NI6_166_HR39",["NI"],[0.499009]],["NBNI3_59_OP8",["NI"],[0.7484362127602285]]],
			[["NB7NI6_166_HR39",["NI"],[0.49930300000000005]],["NBNI3_59_OP8",["NI"],[0.7482419777851768]]],
			[["NB7NI6_166_HR39",["NI"],[0.49953899999999996]],["NBNI3_59_OP8",["NI"],[0.7479209078926473]]],
			[["NB7NI6_166_HR39",["NI"],[0.499722]],["NBNI3_59_OP8",["NI"],[0.7474161313225635]]],
			[["NB7NI6_166_HR39",["NI"],[0.49985799999999997]],["NBNI3_59_OP8",["NI"],[0.7466389959744342]]],
			[["NB7NI6_166_HR39",["NI"],[0.499953]],["NBNI3_59_OP8",["NI"],[0.7454800978051669]]],
			[["NB7NI6_166_HR39",["NI"],[0.500012]],["NBNI3_59_OP8",["NI"],[0.7438753818676059]]],
			[["NB7NI6_166_HR39",["NI"],[0.5000399999999999]],["NBNI3_59_OP8",["NI"],[0.7417587993771545]]],
			[["NB7NI6_166_HR39",["NI"],[0.5000439999999999]],["NBNI3_59_OP8",["NI"],[0.7389934982578397]]],
			[["NB7NI6_166_HR39",["NI"],[0.500029]],["NBNI3_59_OP8",["NI"],[0.7357154215483142]]],
			[["NB7NI6_166_HR39",["NI"],[0.5]],["LIQUID",["NI"],[null]]],
			[["NB7NI6_166_HR39",["NI"],[0.49850900000000004]],["LIQUID",["NI"],[0.57835831787176]]],
			[["NB7NI6_166_HR39",["NI"],[0.496471]],["LIQUID",["NI"],[0.5708811109570041]]],
			[["NB7NI6_166_HR39",["NI"],[0.49390300000000004]],["LIQUID",["NI"],[0.5633510197183099]]],
			[["NB7NI6_166_HR39",["NI"],[0.490825]],["LIQUID",["NI"],[0.5557858997134669]]],
			[["NB7NI6_166_HR39",["NI"],[0.487254]],["LIQUID",["NI"],[0.5481917667161961]]],
			[["NB7NI6_166_HR39",["NI"],[0.483209]],["LIQUID",["NI"],[0.5405938272727274]]],
			[["NB7NI6_166_HR39",["NI"],[0.478709]],["LIQUID",["NI"],[0.5330606486068112]]],
			[["NB7NI6_166_HR39",["NI"],[0.473772]],["LIQUID",["NI"],[0.5256164746835442]]],
			[["NB7NI6_166_HR39",["NI"],[0.468415]],["LIQUID",["NI"],[0.5182808654781198]]],
			[["NB7NI6_166_HR39",["NI"],[0.46265900000000004]],["LIQUID",["NI"],[0.5111200564784053]]],
			[["NB7NI6_166_HR39",["NI"],[0.45652000000000004]],["LIQUID",["NI"],[0.5041426666666667]]],
			[["NB7NI6_166_HR39",["NI"],[0.45001800000000003]],["LIQUID",["NI"],[0.497419244755245]]],
			[["NB7NI6_166_HR39",["NI"],[0.44317]],["LIQUID",["NI"],[0.4910006690647482]]],
			[["NB7NI6_166_HR39",["NI"],[0.43599600000000005]],["LIQUID",["NI"],[0.4849055611510793]]],
			[["NB7NI6_166_HR39",["NI"],[0.42851300000000003]],["LIQUID",["NI"],[0.4791661131725417]]],
			[["NB7NI6_166_HR39",["NI"],[0.42074]],["LIQUID",["NI"],[0.47392138356164387]]],
			[["NB7NI6_166_HR39",["NI"],[0.41269500000000003]],["NB_229_CI2",["NI"],[0.047245082456841045]]],
			[["NB7NI6_166_HR39",["NI"],[0.42235500000000004]],["NB_229_CI2",["NI"],[0.04188260851859546]]],
			[["NB7NI6_166_HR39",["NI"],[0.431357]],["NB_229_CI2",["NI"],[0.03687177020702069]]],
			[["NB7NI6_166_HR39",["NI"],[0.439709]],["NB_229_CI2",["NI"],[0.032228121001458436]]],
			[["NB7NI6_166_HR39",["NI"],[0.447419]],["NB_229_CI2",["NI"],[0.02790910477804576]]],
			[["NB7NI6_166_HR39",["NI"],[0.45449399999999995]],["NB_229_CI2",["NI"],[0.023877788244346783]]],
			[["NB7NI6_166_HR39",["NI"],[0.460941]],["NB_229_CI2",["NI"],[0.020112727455737795]]],
			[["NB7NI6_166_HR39",["NI"],[0.466768]],["NB_229_CI2",["NI"],[0.01663204332156817]]],
			[["NB7NI6_166_HR39",["NI"],[0.471982]],["NB_229_CI2",["NI"],[0.013406071886929646]]],
			[["NB7NI6_166_HR39",["NI"],[0.47659100000000004]],["NB_229_CI2",["NI"],[0.010450891198870776]]],
			[["NB7NI6_166_HR39",["NI"],[0.48060200000000003]],["NB_229_CI2",["NI"],[0.007795888336044294]]],
			[["NB7NI6_166_HR39",["NI"],[0.484022]],["NB_229_CI2",["NI"],[0.005476158598661844]]],
			[["NB7NI6_166_HR39",["NI"],[0.48686]],["NB_229_CI2",["NI"],[0.0035736227025407125]]],
			[["NB7NI6_166_HR39",["NI"],[0.489122]],["NB_229_CI2",["NI"],[0.002067390718338061]]],
			[["NB7NI6_166_HR39",["NI"],[0.490817]],["NB_229_CI2",["NI"],[0.0009471328068213039]]],
			[["NB7NI6_166_HR39",["NI"],[0.49195]],["NB_229_CI2",["NI"],[null]]],
			[["NB7NI6_166_HR39",["NI"],[0.49197905]],["NB_229_CI2",["NI"],[null]]],
			[["NB7NI6_166_HR39",["NI"],[0.49200810000000006]],["NB_229_CI2",["NI"],[null]]],
			[["NB7NI6_166_HR39",["NI"],[0.49203715000000003]],["NB_229_CI2",["NI"],[null]]],
			[["NB7NI6_166_HR39",["NI"],[0.4920662]],["NB_229_CI2",["NI"],[null]]],
			[["NB7NI6_166_HR39",["NI"],[0.49209525]],["NB_229_CI2",["NI"],[null]]],
			[["NB7NI6_166_HR39",["NI"],[0.49212429999999996]],["NB_229_CI2",["NI"],[null]]],
			[["NB7NI6_166_HR39",["NI"],[0.49215335000000004]],["NB_229_CI2",["NI"],[null]]],
			[["NB7NI6_166_HR39",["NI"],[0.4921824]],["NB_229_CI2",["NI"],[null]]],
			[["NB7NI6_166_HR39",["NI"],[0.49221145]],["NB_229_CI2",["NI"],[null]]],
			[["NB7NI6_166_HR39",["NI"],[0.4922405000000001]],["NB_229_CI2",["NI"],[null]]],
			[["NB7NI6_166_HR39",["NI"],[0.49226955000000006]],["NB_229_CI2",["NI"],[null]]],
			[["NB7NI6_166_HR39",["NI"],[0.49229860000000003]],["NB_229_CI2",["NI"],[null]]],
			[["NB7NI6_166_HR39",["NI"],[0.49232765]],["NB_229_CI2",["NI"],[null]]],
			[["NB7NI6_166_HR39",["NI"],[0.4923567]],["NB_229_CI2",["NI"],[null]]],
