{
    "components": [
        "NB",
        "NI"
    ],
    "phases": [
        "NBNI3_59_OP8",
        "NBNI8RT",
        "NB0.06NI0.94_225_CF4",
        "LIQUID",
        "NB7NI6_166_HR39"
    ],
    "conditions": {
        "P": 101325,
        "T": [
            273.0,
            273.0,
            303.3052,
            333.6228,
            363.9519,
            394.29200000000003,
            424.642,
            455.001,
            485.369,
            515.745,
            546.127,
            576.5160000000001,
            606.9100000000001,
            637.309,
            667.712,
            698.1179999999999,
            728.5260000000001,
            758.935,
            789.346,
            834.508,
            879.659,
            924.799,
            969.931,
            1015.056,
            1060.176,
            1105.292,
            1150.406,
            1195.518,
            1240.632,
            1285.75,
            1330.87,
            1375.99,
            1421.12,
            1466.27,
            1511.42,
            1556.58,
            1566.42,
            1576.24,
            1585.94,
            1595.47,
            1604.75,
            1613.7,
            1622.26,
            1630.34,
            1637.89,
            1644.82,
            1651.06,
            1656.54,
            1661.18,
            1664.93,
            1667.69,
            1669.4,
            1669.98,
            1668.73,
            1665.09,
            1659.26,
            1651.45,
            1641.84,
            1630.63,
            1618.01,
            1604.19,
            1589.36,
            1573.71,
            1557.44,
            1540.74,
            1523.82,
            1506.86,
            1490.06,
            1473.63,
            1457.74,
            1402.44,
            1349.35,
            1297.69,
            1246.634,
            1195.3899999999999,
            1143.152,
            1089.116,
            1032.478,
            972.434,
            908.18,
            838.913,
            763.828,
            682.121,
            592.988,
            495.627,
            490.30725,
            484.9875,
            479.66775,
            474.348,
            469.02825,
            463.7085,
            458.38875,
            453.069,
            447.74925,
            442.4295,
            437.10974999999996,
            431.78999999999996,
            426.47024999999996,
            421.15049999999997,
            415.83074999999997,
            410.51099999999997,
            405.19124999999997,
            399.87149999999997,
            394.55174999999997,
            389.23199999999997,
            377.6088,
            365.9856,
            354.3624,
            342.7392,
            331.116,
            319.4928,
            307.8696,
            296.2464,
            284.6232
        ]
    },
    "output": "ZPF",
    "broadcast_conditions": false,
    "values":
			[[["NBNI3_59_OP8",["NI"],[0.74857]],["NBNI8RT",["NI"],[0.888486]]],
			[["NBNI3_59_OP8",["NI"],[0.750286]],["NBNI8RT",["NI"],[0.888486]]],
			[["NBNI3_59_OP8",["NI"],[0.750198]],["NBNI8RT",["NI"],[0.888486]]],
			[["NBNI3_59_OP8",["NI"],[0.7501380000000001]],["NBNI8RT",["NI"],[0.888486]]],
			[["NBNI3_59_OP8",["NI"],[0.750111]],["NBNI8RT",["NI"],[0.888486]]],
			[["NBNI3_59_OP8",["NI"],[0.7501220000000001]],["NBNI8RT",["NI"],[0.888486]]],
			[["NBNI3_59_OP8",["NI"],[0.750175]],["NBNI8RT",["NI"],[0.888486]]],
			[["NBNI3_59_OP8",["NI"],[0.750275]],["NBNI8RT",["NI"],[0.888486]]],
			[["NBNI3_59_OP8",["NI"],[0.750427]],["NBNI8RT",["NI"],[0.888486]]],
			[["NBNI3_59_OP8",["NI"],[0.750636]],["NBNI8RT",["NI"],[0.888486]]],
			[["NBNI3_59_OP8",["NI"],[0.750905]],["NBNI8RT",["NI"],[0.888486]]],
			[["NBNI3_59_OP8",["NI"],[0.7512399999999999]],["NBNI8RT",["NI"],[0.888486]]],
			[["NBNI3_59_OP8",["NI"],[0.751645]],["NBNI8RT",["NI"],[0.888486]]],
			[["NBNI3_59_OP8",["NI"],[0.752125]],["NBNI8RT",["NI"],[0.888486]]],
			[["NBNI3_59_OP8",["NI"],[0.752685]],["NBNI8RT",["NI"],[0.888486]]],
			[["NBNI3_59_OP8",["NI"],[0.7533289999999999]],["NBNI8RT",["NI"],[0.888486]]],
			[["NBNI3_59_OP8",["NI"],[0.754062]],["NBNI8RT",["NI"],[0.888486]]],
			[["NBNI3_59_OP8",["NI"],[0.754889]],["NBNI8RT",["NI"],[0.888486]]],
			[["NBNI3_59_OP8",["NI"],[0.755814]],["NB0.06NI0.94_225_CF4",["NI"],[0.9468469615586116]]],
			[["NBNI3_59_OP8",["NI"],[0.7563639999999999]],["NB0.06NI0.94_225_CF4",["NI"],[0.943371520871064]]],
			[["NBNI3_59_OP8",["NI"],[0.7568689999999999]],["NB0.06NI0.94_225_CF4",["NI"],[0.9398781252836446]]],
			[["NBNI3_59_OP8",["NI"],[0.757327]],["NB0.06NI0.94_225_CF4",["NI"],[0.9363453146804233]]],
			[["NBNI3_59_OP8",["NI"],[0.7577379999999999]],["NB0.06NI0.94_225_CF4",["NI"],[0.9327729404240405]]],
			[["NBNI3_59_OP8",["NI"],[0.7581]],["NB0.06NI0.94_225_CF4",["NI"],[0.9291575457877066]]],
			[["NBNI3_59_OP8",["NI"],[0.758411]],["NB0.06NI0.94_225_CF4",["NI"],[0.9254995334476844]]],
			[["NBNI3_59_OP8",["NI"],[0.758671]],["NB0.06NI0.94_225_CF4",["NI"],[0.9217954818945188]]],
			[["NBNI3_59_OP8",["NI"],[0.7588769999999999]],["NB0.06NI0.94_225_CF4",["NI"],[0.9180440775755434]]],
			[["NBNI3_59_OP8",["NI"],[0.759028]],["NB0.06NI0.94_225_CF4",["NI"],[0.9142436425345377]]],
			[["NBNI3_59_OP8",["NI"],[0.759123]],["NB0.06NI0.94_225_CF4",["NI"],[0.910391728132073]]],
			[["NBNI3_59_OP8",["NI"],[0.759161]],["NB0.06NI0.94_225_CF4",["NI"],[0.9064872519075479]]],
			[["NBNI3_59_OP8",["NI"],[0.75914]],["NB0.06NI0.94_225_CF4",["NI"],[0.9025282820512821]]],
			[["NBNI3_59_OP8",["NI"],[0.759058]],["NB0.06NI0.94_225_CF4",["NI"],[0.8985113542039356]]],
			[["NBNI3_59_OP8",["NI"],[0.7589149999999999]],["NB0.06NI0.94_225_CF4",["NI"],[0.8944364579690652]]],
			[["NBNI3_59_OP8",["NI"],[0.7587090000000001]],["NB0.06NI0.94_225_CF4",["NI"],[0.8902987086330936]]],
			[["NBNI3_59_OP8",["NI"],[0.7584380000000001]],["NB0.06NI0.94_225_CF4",["NI"],[0.886098933949504]]],
			[["NBNI3_59_OP8",["NI"],[0.758101]],["LIQUID",["NI"],[0.6347001043956043]]],
			[["NBNI3_59_OP8",["NI"],[0.757167]],["LIQUID",["NI"],[0.8456025419847327]]],
			[["NBNI3_59_OP8",["NI"],[0.756309]],["LIQUID",["NI"],[0.8416507192429021]]],
			[["NBNI3_59_OP8",["NI"],[0.755525]],["LIQUID",["NI"],[0.8375030304568527]]],
			[["NBNI3_59_OP8",["NI"],[0.754807]],["LIQUID",["NI"],[0.8331511789954338]]],
			[["NBNI3_59_OP8",["NI"],[0.7541509999999999]],["LIQUID",["NI"],[0.8285484684931507]]],
			[["NBNI3_59_OP8",["NI"],[0.753551]],["LIQUID",["NI"],[0.8236887653465347]]],
			[["NBNI3_59_OP8",["NI"],[0.753003]],["LIQUID",["NI"],[0.818601090909091]]],
			[["NBNI3_59_OP8",["NI"],[0.7525]],["LIQUID",["NI"],[0.8133002083333334]]],
			[["NBNI3_59_OP8",["NI"],[0.752037]],["LIQUID",["NI"],[0.8077586013245032]]],
			[["NBNI3_59_OP8",["NI"],[0.751609]],["LIQUID",["NI"],[0.8019970640834576]]],
			[["NBNI3_59_OP8",["NI"],[0.751211]],["LIQUID",["NI"],[0.7960168688245317]]],
			[["NBNI3_59_OP8",["NI"],[0.750837]],["LIQUID",["NI"],[0.7898469166666667]]],
			[["NBNI3_59_OP8",["NI"],[0.750482]],["LIQUID",["NI"],[0.7187398302583027]]],
			[["NBNI3_59_OP8",["NI"],[0.7501399999999999]],["LIQUID",["NI"],[0.7257140476190478]]],
			[["NBNI3_59_OP8",["NI"],[0.749806]],["LIQUID",["NI"],[0.7320513953488375]]],
			[["NBNI3_59_OP8",["NI"],[0.7494759999999999]],["LIQUID",["NI"],[0.7379071511627913]]],
			[["NBNI3_59_OP8",["NI"],[0.749142]],["LIQUID",["NI"],[0.7398933139534887]]],
			[["NBNI3_59_OP8",["NI"],[0.748742]],["LIQUID",["NI"],[0.7356127906976746]]],
			[["NBNI3_59_OP8",["NI"],[0.748398]],["LIQUID",["NI"],[0.726069095238095]]],
			[["NBNI3_59_OP8",["NI"],[0.748085]],["LIQUID",["NI"],[0.7155898966789668]]],
			[["NBNI3_59_OP8",["NI"],[0.7477750000000001]],["LIQUID",["NI"],[0.704974865497076]]],
			[["NBNI3_59_OP8",["NI"],[0.747442]],["LIQUID",["NI"],[0.6945873863636362]]],
