{
    "components": [
        "CR",
        "NI"
    ],
    "phases": [
        "CR0.8NI0.2_229_CI2",
        "CR_PURE",
        "CR0.28NI0.72_225_CF4",
        "LIQUID"
    ],
    "conditions": {
        "P": 101325,
        "T": [
            2180.35,
            914.372,
            914.425,
            980.199,
            980.263,
            1039.58,
            1039.655,
            1092.923,
            1093.01,
            1140.635,
            1140.732,
            1183.123,
            1183.2240000000002,
            1220.788,
            1220.888,
            1254.0320000000002,
            1254.124,
            1283.25,
            1283.33,
            1308.86,
            1308.92,
            1331.25,
            1331.29,
            1350.83,
            1350.86,
            1368.01,
            1368.03,
            1383.21,
            1383.22,
            1396.83,
            1396.84,
            1409.28,
            1409.29,
            1420.98,
            1426.52,
            1432.62,
            1439.31,
            1446.62,
            1454.58,
            1463.23,
            1472.6,
            1482.72,
            1493.62,
            1505.33,
            1517.89,
            1531.33,
            1545.68,
            1560.97,
            1577.23,
            1594.51,
            1611.55,
            1613.12,
            1632.44,
            1632.45,
            1652.98,
            1652.99,
            1673.18,
            1673.18,
            1693.5,
            1693.51,
            1714.41,
            1714.43,
            1736.4,
            1736.42,
            1759.92,
            1759.94,
            1785.44,
            1785.48,
            1813.45,
            1813.48,
            1844.39,
            1844.43,
            1878.75,
            1878.79,
            1916.98,
            1917.02,
            1959.56,
            1959.59,
            2006.95,
            2006.97,
            2059.62,
            2059.6400000000003,
            2118.0299999999997,
            2118.05
        ]
    },
    "output": "ZPF",
    "broadcast_conditions": false,
    "values":
			[[["CR0.8NI0.2_229_CI2",["NI"],[0.000381243]],["CR_PURE",["NI"],[null]]],
			[["CR0.8NI0.2_229_CI2",["NI"],[0.00117309]],["CR0.28NI0.72_225_CF4",["NI"],[null]]],
			[["CR0.8NI0.2_229_CI2",["NI"],[0.00117476]],["CR0.28NI0.72_225_CF4",["NI"],[null]]],
			[["CR0.8NI0.2_229_CI2",["NI"],[0.0038943299999999997]],["CR0.28NI0.72_225_CF4",["NI"],[null]]],
			[["CR0.8NI0.2_229_CI2",["NI"],[0.0038977400000000002]],["CR0.28NI0.72_225_CF4",["NI"],[null]]],
			[["CR0.8NI0.2_229_CI2",["NI"],[0.00779735]],["CR0.28NI0.72_225_CF4",["NI"],[0.627245407729286]]],
			[["CR0.8NI0.2_229_CI2",["NI"],[0.007803409999999999]],["CR0.28NI0.72_225_CF4",["NI"],[0.6272201731427252]]],
			[["CR0.8NI0.2_229_CI2",["NI"],[0.0128973]],["CR0.28NI0.72_225_CF4",["NI"],[0.6090249330447898]]],
			[["CR0.8NI0.2_229_CI2",["NI"],[0.0129071]],["CR0.28NI0.72_225_CF4",["NI"],[0.6089951381074169]]],
			[["CR0.8NI0.2_229_CI2",["NI"],[0.0192094]],["CR0.28NI0.72_225_CF4",["NI"],[0.5926481493629016]]],
			[["CR0.8NI0.2_229_CI2",["NI"],[0.0192243]],["CR0.28NI0.72_225_CF4",["NI"],[0.5926152571688137]]],
			[["CR0.8NI0.2_229_CI2",["NI"],[0.0267492]],["CR0.28NI0.72_225_CF4",["NI"],[0.5782694300542806]]],
			[["CR0.8NI0.2_229_CI2",["NI"],[0.026770000000000002]],["CR0.28NI0.72_225_CF4",["NI"],[0.5782362282639749]]],
			[["CR0.8NI0.2_229_CI2",["NI"],[0.035531799999999995]],["CR0.28NI0.72_225_CF4",["NI"],[0.5658877921150367]]],
			[["CR0.8NI0.2_229_CI2",["NI"],[0.0355586]],["CR0.28NI0.72_225_CF4",["NI"],[0.565854919055328]]],
			[["CR0.8NI0.2_229_CI2",["NI"],[0.045571400000000005]],["CR0.28NI0.72_225_CF4",["NI"],[0.5554803678896645]]],
			[["CR0.8NI0.2_229_CI2",["NI"],[0.045603]],["CR0.28NI0.72_225_CF4",["NI"],[0.5554516374725248]]],
			[["CR0.8NI0.2_229_CI2",["NI"],[0.0568811]],["CR0.28NI0.72_225_CF4",["NI"],[0.5467915165957447]]],
			[["CR0.8NI0.2_229_CI2",["NI"],[0.0569152]],["CR0.28NI0.72_225_CF4",["NI"],[0.5467683209726444]]],
			[["CR0.8NI0.2_229_CI2",["NI"],[0.0694727]],["CR0.28NI0.72_225_CF4",["NI"],[0.5394768454810496]]],
			[["CR0.8NI0.2_229_CI2",["NI"],[0.0695066]],["CR0.28NI0.72_225_CF4",["NI"],[0.5394611195335277]]],
			[["CR0.8NI0.2_229_CI2",["NI"],[0.0833578]],["CR0.28NI0.72_225_CF4",["NI"],[0.5336084460641399]]],
			[["CR0.8NI0.2_229_CI2",["NI"],[0.0833892]],["CR0.28NI0.72_225_CF4",["NI"],[0.5335979620991254]]],
			[["CR0.8NI0.2_229_CI2",["NI"],[0.0985482]],["CR0.28NI0.72_225_CF4",["NI"],[0.5286337823784304]]],
			[["CR0.8NI0.2_229_CI2",["NI"],[0.0985755]],["CR0.28NI0.72_225_CF4",["NI"],[0.5286269041887338]]],
			[["CR0.8NI0.2_229_CI2",["NI"],[0.11505699999999999]],["CR0.28NI0.72_225_CF4",["NI"],[0.5246948724121329]]],
			[["CR0.8NI0.2_229_CI2",["NI"],[0.11507899999999999]],["CR0.28NI0.72_225_CF4",["NI"],[0.5246902869523351]]],
			[["CR0.8NI0.2_229_CI2",["NI"],[0.132897]],["CR0.28NI0.72_225_CF4",["NI"],[0.521209922965816]]],
			[["CR0.8NI0.2_229_CI2",["NI"],[0.132915]],["CR0.28NI0.72_225_CF4",["NI"],[0.5212076302359172]]],
			[["CR0.8NI0.2_229_CI2",["NI"],[0.152082]],["CR0.28NI0.72_225_CF4",["NI"],[0.5184259180483184]]],
			[["CR0.8NI0.2_229_CI2",["NI"],[0.152096]],["CR0.28NI0.72_225_CF4",["NI"],[0.5184239914732355]]],
			[["CR0.8NI0.2_229_CI2",["NI"],[0.17262799999999998]],["CR0.28NI0.72_225_CF4",["NI"],[0.516027332070109]]],
			[["CR0.8NI0.2_229_CI2",["NI"],[0.17263799999999999]],["CR0.28NI0.72_225_CF4",["NI"],[0.5160254054950261]]],
			[["CR0.8NI0.2_229_CI2",["NI"],[0.19454899999999997]],["CR0.28NI0.72_225_CF4",["NI"],[0.5137732392231169]]],
			[["CR0.8NI0.2_229_CI2",["NI"],[0.20488099999999998]],["CR0.28NI0.72_225_CF4",["NI"],[0.5127059166271909]]],
			[["CR0.8NI0.2_229_CI2",["NI"],[0.215088]],["CR0.28NI0.72_225_CF4",["NI"],[0.5116424871616932]]],
			[["CR0.8NI0.2_229_CI2",["NI"],[0.225169]],["CR0.28NI0.72_225_CF4",["NI"],[0.5106187918112421]]],
			[["CR0.8NI0.2_229_CI2",["NI"],[0.23511800000000002]],["CR0.28NI0.72_225_CF4",["NI"],[0.5095002248438585]]],
			[["CR0.8NI0.2_229_CI2",["NI"],[0.24492899999999998]],["CR0.28NI0.72_225_CF4",["NI"],[0.5082821956974324]]],
			[["CR0.8NI0.2_229_CI2",["NI"],[0.254597]],["CR0.28NI0.72_225_CF4",["NI"],[0.5069585836224844]]],
			[["CR0.8NI0.2_229_CI2",["NI"],[0.264117]],["CR0.28NI0.72_225_CF4",["NI"],[0.505524798056905]]],
			[["CR0.8NI0.2_229_CI2",["NI"],[0.273482]],["CR0.28NI0.72_225_CF4",["NI"],[0.5043787106325707]]],
			[["CR0.8NI0.2_229_CI2",["NI"],[0.28268699999999997]],["CR0.28NI0.72_225_CF4",["NI"],[0.5031635244504262]]],
			[["CR0.8NI0.2_229_CI2",["NI"],[0.291726]],["CR0.28NI0.72_225_CF4",["NI"],[0.5018580354419022]]],
			[["CR0.8NI0.2_229_CI2",["NI"],[0.300595]],["CR0.28NI0.72_225_CF4",["NI"],[0.5004696470588236]]],
			[["CR0.8NI0.2_229_CI2",["NI"],[0.309288]],["CR0.28NI0.72_225_CF4",["NI"],[0.49954070588235294]]],
			[["CR0.8NI0.2_229_CI2",["NI"],[0.317798]],["CR0.28NI0.72_225_CF4",["NI"],[0.4985488676470588]]],
			[["CR0.8NI0.2_229_CI2",["NI"],[0.326122]],["CR0.28NI0.72_225_CF4",["NI"],[0.49749205882352937]]],
			[["CR0.8NI0.2_229_CI2",["NI"],[0.334252]],["CR0.28NI0.72_225_CF4",["NI"],[0.4969336385135135]]],
			[["CR0.8NI0.2_229_CI2",["NI"],[0.34218400000000004]],["CR0.28NI0.72_225_CF4",["NI"],[0.49646953040540537]]],
			[["CR0.8NI0.2_229_CI2",["NI"],[0.349375]],["LIQUID",["NI"],[null]]],
			[["CR0.8NI0.2_229_CI2",["NI"],[0.3469363518429872]],["LIQUID",["NI"],[0.443833]]],
			[["CR0.8NI0.2_229_CI2",["NI"],[0.31692699999999996]],["LIQUID",["NI"],[0.4288233855199018]]],
			[["CR0.8NI0.2_229_CI2",["NI"],[0.316923]],["LIQUID",["NI"],[0.4288156165683075]]],
			[["CR0.8NI0.2_229_CI2",["NI"],[0.286708]],["LIQUID",["NI"],[0.4128659589453047]]],
			[["CR0.8NI0.2_229_CI2",["NI"],[0.28670100000000004]],["LIQUID",["NI"],[0.41285818999371043]]],
