{
    "components": [
        "CR",
        "NI"
    ],
    "phases": [
        "CRNI2_71_OI6",
        "CR_PURE",
        "CR0.28NI0.72_225_CF4"
    ],
    "conditions": {
        "P": 101325,
        "T": [
            273.0,
            841.677,
            291.9559,
            310.91179999999997,
            329.8677,
            348.8236,
            367.7795,
            386.7354,
            405.6913,
            424.6472,
            443.6031,
            462.55899999999997,
            481.5149,
            500.4708,
            519.4267,
            538.3826,
            557.3385000000001,
            576.2944,
            595.2502999999999,
            614.2062,
            633.1621,
            652.1179999999999,
            671.0739,
            690.0298,
            708.9857,
            727.9416,
            746.8975,
            765.8534,
            784.8093,
            803.7652,
            822.7211,
            841.677
        ]
    },
    "output": "ZPF",
    "broadcast_conditions": false,
    "values":
			[[["CRNI2_71_OI6",["NI"],[0.6666030000000001]],["CR_PURE",["NI"],[0.0]]],
			[["CRNI2_71_OI6",["NI"],[0.6666030000000001]],["CR0.28NI0.72_225_CF4",["NI"],[0.6915173393496188]]],
			[["CRNI2_71_OI6",["NI"],[0.6666030000000001]],["CR0.28NI0.72_225_CF4",["NI"],[0.9033714029988918]]],
			[["CRNI2_71_OI6",["NI"],[0.6666030000000001]],["CR0.28NI0.72_225_CF4",["NI"],[0.8997184624489876]]],
			[["CRNI2_71_OI6",["NI"],[0.6666030000000001]],["CR0.28NI0.72_225_CF4",["NI"],[0.8960655218990832]]],
			[["CRNI2_71_OI6",["NI"],[0.6666030000000001]],["CR0.28NI0.72_225_CF4",["NI"],[0.8921944674991211]]],
			[["CRNI2_71_OI6",["NI"],[0.6666030000000001]],["CR0.28NI0.72_225_CF4",["NI"],[0.8882814643507815]]],
			[["CRNI2_71_OI6",["NI"],[0.6666030000000001]],["CR0.28NI0.72_225_CF4",["NI"],[0.884368461202442]]],
			[["CRNI2_71_OI6",["NI"],[0.6666030000000001]],["CR0.28NI0.72_225_CF4",["NI"],[0.8802021961345297]]],
			[["CRNI2_71_OI6",["NI"],[0.6666030000000001]],["CR0.28NI0.72_225_CF4",["NI"],[0.875997261712093]]],
			[["CRNI2_71_OI6",["NI"],[0.6666030000000001]],["CR0.28NI0.72_225_CF4",["NI"],[0.871772146038891]]],
			[["CRNI2_71_OI6",["NI"],[0.6666030000000001]],["CR0.28NI0.72_225_CF4",["NI"],[0.867236245588765]]],
			[["CRNI2_71_OI6",["NI"],[0.6666030000000001]],["CR0.28NI0.72_225_CF4",["NI"],[0.8627003451386389]]],
			[["CRNI2_71_OI6",["NI"],[0.6666030000000001]],["CR0.28NI0.72_225_CF4",["NI"],[0.8580046389860214]]],
			[["CRNI2_71_OI6",["NI"],[0.6666030000000001]],["CR0.28NI0.72_225_CF4",["NI"],[0.853090836669089]]],
			[["CRNI2_71_OI6",["NI"],[0.6666030000000001]],["CR0.28NI0.72_225_CF4",["NI"],[0.8481770343521566]]],
			[["CRNI2_71_OI6",["NI"],[0.6666030000000001]],["CR0.28NI0.72_225_CF4",["NI"],[0.8428471042905352]]],
			[["CRNI2_71_OI6",["NI"],[0.6666030000000001]],["CR0.28NI0.72_225_CF4",["NI"],[0.8374964065012281]]],
			[["CRNI2_71_OI6",["NI"],[0.6666030000000001]],["CR0.28NI0.72_225_CF4",["NI"],[0.8318140413450089]]],
			[["CRNI2_71_OI6",["NI"],[0.6666030000000001]],["CR0.28NI0.72_225_CF4",["NI"],[0.8259545089501885]]],
			[["CRNI2_71_OI6",["NI"],[0.6666030000000001]],["CR0.28NI0.72_225_CF4",["NI"],[0.8197790836789244]]],
			[["CRNI2_71_OI6",["NI"],[0.6666030000000001]],["CR0.28NI0.72_225_CF4",["NI"],[0.8133166356714726]]],
			[["CRNI2_71_OI6",["NI"],[0.6666030000000001]],["CR0.28NI0.72_225_CF4",["NI"],[0.8064432806620829]]],
			[["CRNI2_71_OI6",["NI"],[0.6666030000000001]],["CR0.28NI0.72_225_CF4",["NI"],[0.7992574316638017]]],
			[["CRNI2_71_OI6",["NI"],[0.6666030000000001]],["CR0.28NI0.72_225_CF4",["NI"],[0.7913741019986851]]],
			[["CRNI2_71_OI6",["NI"],[0.6666030000000001]],["CR0.28NI0.72_225_CF4",["NI"],[0.783102410179508]]],
			[["CRNI2_71_OI6",["NI"],[0.6666030000000001]],["CR0.28NI0.72_225_CF4",["NI"],[0.7739178236315284]]],
			[["CRNI2_71_OI6",["NI"],[0.6666030000000001]],["CR0.28NI0.72_225_CF4",["NI"],[0.7636575348295647]]],
			[["CRNI2_71_OI6",["NI"],[0.6666030000000001]],["CR0.28NI0.72_225_CF4",["NI"],[0.7520827106198612]]],
			[["CRNI2_71_OI6",["NI"],[0.6666030000000001]],["CR0.28NI0.72_225_CF4",["NI"],[0.7383880792801325]]],
			[["CRNI2_71_OI6",["NI"],[0.6666030000000001]],["CR0.28NI0.72_225_CF4",["NI"],[0.7209347125566873]]],
			[["CRNI2_71_OI6",["NI"],[0.6666030000000001]],["CR_PURE",["NI"],[0.0]]]],
	"reference": "C103217"
}