{
    "components": [
        "CR",
        "NI"
    ],
    "phases": [
        "CR0.28NI0.72_225_CF4",
        "LIQUID",
        "CR0.8NI0.2_229_CI2",
        "CR_PURE",
        "CRNI2_71_OI6"
    ],
    "conditions": {
        "P": 101325,
        "T": [
            1718.47,
            1715.01,
            1711.28,
            1707.31,
            1703.05,
            1698.49,
            1693.61,
            1688.38,
            1682.76,
            1676.75,
            1670.3,
            1663.41,
            1656.03,
            1648.15,
            1639.74,
            1630.77,
            1621.23,
            1611.21,
            1563.85,
            1517.61,
            1473.03,
            1429.8,
            1387.58,
            1346.04,
            1304.88,
            1263.755,
            1222.354,
            1180.35,
            1137.421,
            1093.2440000000001,
            1047.4969999999998,
            1047.49,
            999.853,
            999.842,
            949.989,
            949.973,
            914.372,
            897.581,
            897.56,
            842.609,
            841.677,
            836.182,
            836.162,
            826.178,
            826.151,
            812.7,
            812.667,
            795.775,
            795.738,
            775.427,
            775.387,
            751.683,
            751.642,
            724.568,
            724.527,
            694.107,
            694.067,
            660.325,
            660.2860000000001,
            623.248,
            623.211,
            582.899,
            582.864,
            539.303,
            539.27,
            492.48400000000004,
            492.453,
            442.467,
            442.437,
            389.274,
            389.247,
            332.9316,
            332.9061,
            274.01368,
            274.01368
        ]
    },
    "output": "ZPF",
    "broadcast_conditions": false,
    "values":
			[[["CR0.28NI0.72_225_CF4",["NI"],[0.999619]],["LIQUID",["NI"],[null]]],
			[["CR0.28NI0.72_225_CF4",["NI"],[0.967996]],["LIQUID",["NI"],[0.9309916249999987]]],
			[["CR0.28NI0.72_225_CF4",["NI"],[0.936198]],["LIQUID",["NI"],[0.8957260975609749]]],
			[["CR0.28NI0.72_225_CF4",["NI"],[0.904635]],["LIQUID",["NI"],[0.863436241134751]]],
			[["CR0.28NI0.72_225_CF4",["NI"],[0.873322]],["LIQUID",["NI"],[0.8326771305263152]]],
			[["CR0.28NI0.72_225_CF4",["NI"],[0.842273]],["LIQUID",["NI"],[0.802890257142857]]],
			[["CR0.28NI0.72_225_CF4",["NI"],[0.811504]],["LIQUID",["NI"],[0.7736422027972022]]],
			[["CR0.28NI0.72_225_CF4",["NI"],[0.7810290000000001]],["LIQUID",["NI"],[0.7446189027552681]]],
			[["CR0.28NI0.72_225_CF4",["NI"],[0.750862]],["LIQUID",["NI"],[0.715541541729894]]],
			[["CR0.28NI0.72_225_CF4",["NI"],[0.721019]],["LIQUID",["NI"],[0.6863954871428571]]],
			[["CR0.28NI0.72_225_CF4",["NI"],[0.691513]],["LIQUID",["NI"],[0.6569742276422762]]],
			[["CR0.28NI0.72_225_CF4",["NI"],[0.662361]],["LIQUID",["NI"],[0.6272715852713185]]],
			[["CR0.28NI0.72_225_CF4",["NI"],[0.633575]],["LIQUID",["NI"],[0.5971072264851488]]],
			[["CR0.28NI0.72_225_CF4",["NI"],[0.605172]],["LIQUID",["NI"],[0.5664730011918955]]],
			[["CR0.28NI0.72_225_CF4",["NI"],[0.577165]],["LIQUID",["NI"],[0.5352480173010378]]],
			[["CR0.28NI0.72_225_CF4",["NI"],[0.54957]],["LIQUID",["NI"],[0.5033173296089384]]],
			[["CR0.28NI0.72_225_CF4",["NI"],[0.5224]],["LIQUID",["NI"],[0.47072806448087445]]],
			[["CR0.28NI0.72_225_CF4",["NI"],[0.496021]],["CR0.8NI0.2_229_CI2",["NI"],[0.34923151760563387]]],
			[["CR0.28NI0.72_225_CF4",["NI"],[0.49729300000000004]],["CR0.8NI0.2_229_CI2",["NI"],[0.3275619999999999]]],
			[["CR0.28NI0.72_225_CF4",["NI"],[0.5004890000000001]],["CR0.8NI0.2_229_CI2",["NI"],[0.3003972834394903]]],
			[["CR0.28NI0.72_225_CF4",["NI"],[0.505459]],["CR0.8NI0.2_229_CI2",["NI"],[0.2645149199604744]]],
			[["CR0.28NI0.72_225_CF4",["NI"],[0.512074]],["CR0.8NI0.2_229_CI2",["NI"],[0.2103693540983607]]],
			[["CR0.28NI0.72_225_CF4",["NI"],[0.520208]],["CR0.8NI0.2_229_CI2",["NI"],[0.13905519985304912]]],
			[["CR0.28NI0.72_225_CF4",["NI"],[0.529732]],["CR0.8NI0.2_229_CI2",["NI"],[0.09483215035823953]]],
			[["CR0.28NI0.72_225_CF4",["NI"],[0.54052]],["CR0.8NI0.2_229_CI2",["NI"],[0.06751504821778309]]],
			[["CR0.28NI0.72_225_CF4",["NI"],[0.5524439999999999]],["CR0.8NI0.2_229_CI2",["NI"],[0.0493322927659136]]],
			[["CR0.28NI0.72_225_CF4",["NI"],[0.565373]],["CR0.8NI0.2_229_CI2",["NI"],[0.036001478493845045]]],
			[["CR0.28NI0.72_225_CF4",["NI"],[0.5791810000000001]],["CR0.8NI0.2_229_CI2",["NI"],[0.02625695995612276]]],
			[["CR0.28NI0.72_225_CF4",["NI"],[0.593738]],["CR0.8NI0.2_229_CI2",["NI"],[0.018784085728084]]],
			[["CR0.28NI0.72_225_CF4",["NI"],[0.608915]],["CR0.8NI0.2_229_CI2",["NI"],[0.012938065631496068]]],
			[["CR0.28NI0.72_225_CF4",["NI"],[0.624582]],["CR0.8NI0.2_229_CI2",["NI"],[0.008553321492453253]]],
			[["CR0.28NI0.72_225_CF4",["NI"],[0.624584]],["CR0.8NI0.2_229_CI2",["NI"],[0.008552652099384248]]],
			[["CR0.28NI0.72_225_CF4",["NI"],[0.640612]],["CR0.8NI0.2_229_CI2",["NI"],[0.005185623067248843]]],
			[["CR0.28NI0.72_225_CF4",["NI"],[0.640616]],["CR0.8NI0.2_229_CI2",["NI"],[0.005184899906772086]]],
			[["CR0.28NI0.72_225_CF4",["NI"],[0.656875]],["CR0.8NI0.2_229_CI2",["NI"],[0.002645231424575063]]],
			[["CR0.28NI0.72_225_CF4",["NI"],[0.656881]],["CR0.8NI0.2_229_CI2",["NI"],[0.0026445698695533194]]],
			[["CR0.28NI0.72_225_CF4",["NI"],[0.6679991776225378]],["CR_PURE",["NI"],[0.0]]],
			[["CR0.28NI0.72_225_CF4",["NI"],[0.6732429999999999]],["CR_PURE",["NI"],[0.0]]],
			[["CR0.28NI0.72_225_CF4",["NI"],[0.67325]],["CR_PURE",["NI"],[0.0]]],
			[["CR0.28NI0.72_225_CF4",["NI"],[0.689496]],["CRNI2_71_OI6",["NI"],[0.6666030000000001]]],
			[["CR0.28NI0.72_225_CF4",["NI"],[0.6915173393496188]],["CRNI2_71_OI6",["NI"],[0.6666030000000001]]],
			[["CR0.28NI0.72_225_CF4",["NI"],[0.703435]],["CRNI2_71_OI6",["NI"],[0.6666030000000001]]],
			[["CR0.28NI0.72_225_CF4",["NI"],[0.703469]],["CRNI2_71_OI6",["NI"],[0.6666030000000001]]],
			[["CR0.28NI0.72_225_CF4",["NI"],[0.717393]],["CRNI2_71_OI6",["NI"],[0.6666030000000001]]],
			[["CR0.28NI0.72_225_CF4",["NI"],[0.7174250000000001]],["CRNI2_71_OI6",["NI"],[0.6666030000000001]]],
			[["CR0.28NI0.72_225_CF4",["NI"],[0.731189]],["CRNI2_71_OI6",["NI"],[0.6666030000000001]]],
			[["CR0.28NI0.72_225_CF4",["NI"],[0.731219]],["CRNI2_71_OI6",["NI"],[0.6666030000000001]]],
			[["CR0.28NI0.72_225_CF4",["NI"],[0.7448229999999999]],["CRNI2_71_OI6",["NI"],[0.6666030000000001]]],
			[["CR0.28NI0.72_225_CF4",["NI"],[0.74485]],["CRNI2_71_OI6",["NI"],[0.6666030000000001]]],
			[["CR0.28NI0.72_225_CF4",["NI"],[0.758292]],["CRNI2_71_OI6",["NI"],[0.6666030000000001]]],
			[["CR0.28NI0.72_225_CF4",["NI"],[0.758316]],["CRNI2_71_OI6",["NI"],[0.6666030000000001]]],
			[["CR0.28NI0.72_225_CF4",["NI"],[0.771597]],["CRNI2_71_OI6",["NI"],[0.6666030000000001]]],
			[["CR0.28NI0.72_225_CF4",["NI"],[0.771619]],["CRNI2_71_OI6",["NI"],[0.6666030000000001]]],
			[["CR0.28NI0.72_225_CF4",["NI"],[0.7847369999999999]],["CRNI2_71_OI6",["NI"],[0.6666030000000001]]],
			[["CR0.28NI0.72_225_CF4",["NI"],[0.784755]],["CRNI2_71_OI6",["NI"],[0.6666030000000001]]],
			[["CR0.28NI0.72_225_CF4",["NI"],[0.7977110000000001]],["CRNI2_71_OI6",["NI"],[0.6666030000000001]]],
			[["CR0.28NI0.72_225_CF4",["NI"],[0.797727]],["CRNI2_71_OI6",["NI"],[0.6666030000000001]]],
			[["CR0.28NI0.72_225_CF4",["NI"],[0.810518]],["CRNI2_71_OI6",["NI"],[0.6666030000000001]]],
			[["CR0.28NI0.72_225_CF4",["NI"],[0.810532]],["CRNI2_71_OI6",["NI"],[0.6666030000000001]]],
			[["CR0.28NI0.72_225_CF4",["NI"],[0.823159]],["CRNI2_71_OI6",["NI"],[0.6666030000000001]]],
			[["CR0.28NI0.72_225_CF4",["NI"],[0.823171]],["CRNI2_71_OI6",["NI"],[0.6666030000000001]]],
