{
    "components": [
        "CR",
        "NI"
    ],
    "phases": [
        "LIQUID",
        "CR0.8NI0.2_229_CI2",
        "CR0.28NI0.72_225_CF4"
    ],
    "conditions": {
        "P": 101325,
        "T": [
            2183.92,
            2164.8933333333334,
            2145.866666666667,
            2126.84,
            2107.8133333333335,
            2088.786666666667,
            2069.76,
            2050.7333333333336,
            2031.7066666666667,
            2012.68,
            1993.6533333333334,
            1974.6266666666666,
            1955.6,
            1936.5733333333333,
            1917.5466666666666,
            1898.52,
            1879.4933333333333,
            1860.4666666666667,
            1841.44,
            1822.4133333333332,
            1803.3866666666665,
            1784.36,
            1765.3333333333333,
            1746.3066666666666,
            1727.2799999999997,
            1708.253333333333,
            1689.2266666666665,
            1670.1999999999998,
            1651.1733333333332,
            1632.1466666666665,
            1613.12,
            1622.27,
            1622.27,
            1631.22,
            1631.22,
            1639.89,
            1639.89,
            1648.28,
            1648.28,
            1656.36,
            1656.36,
            1664.1,
            1664.1,
            1671.48,
            1671.48,
            1678.48,
            1678.48,
            1685.07,
            1685.07,
            1691.24,
            1691.24,
            1696.96,
            1696.96,
            1702.21,
            1702.21,
            1706.96,
            1706.96,
            1711.19,
            1711.19,
            1714.88,
            1714.88,
            1718.0,
            1718.0,
            1720.51,
            2271.99
        ]
    },
    "output": "ZPF",
    "broadcast_conditions": false,
    "values":
			[[["LIQUID",["NI"],[0.000381243]],["CR0.8NI0.2_229_CI2",["NI"],[null]]],
			[["LIQUID",["NI"],[0.015162968233333334]],["CR0.8NI0.2_229_CI2",["NI"],[0.004926608784323117]]],
			[["LIQUID",["NI"],[0.029944693466666665]],["CR0.8NI0.2_229_CI2",["NI"],[0.010521809969769876]]],
			[["LIQUID",["NI"],[0.044726418700000006]],["CR0.8NI0.2_229_CI2",["NI"],[0.016117011155216635]]],
			[["LIQUID",["NI"],[0.059508143933333334]],["CR0.8NI0.2_229_CI2",["NI"],[0.021826381463720974]]],
			[["LIQUID",["NI"],[0.07428986916666666]],["CR0.8NI0.2_229_CI2",["NI"],[0.027636960581149762]]],
			[["LIQUID",["NI"],[0.08907159440000001]],["CR0.8NI0.2_229_CI2",["NI"],[0.033447539698578554]]],
			[["LIQUID",["NI"],[0.10385331963333334]],["CR0.8NI0.2_229_CI2",["NI"],[0.03940276849002846]]],
			[["LIQUID",["NI"],[0.11863504486666666]],["CR0.8NI0.2_229_CI2",["NI"],[0.04552285031339029]]],
			[["LIQUID",["NI"],[0.1334167701]],["CR0.8NI0.2_229_CI2",["NI"],[0.05164293213675211]]],
			[["LIQUID",["NI"],[0.14819849533333332]],["CR0.8NI0.2_229_CI2",["NI"],[0.05806813800675673]]],
			[["LIQUID",["NI"],[0.16298022056666667]],["CR0.8NI0.2_229_CI2",["NI"],[0.0646217319256757]]],
			[["LIQUID",["NI"],[0.17776194580000002]],["CR0.8NI0.2_229_CI2",["NI"],[0.07129829844851905]]],
			[["LIQUID",["NI"],[0.19254367103333334]],["CR0.8NI0.2_229_CI2",["NI"],[0.07843857617928225]]],
			[["LIQUID",["NI"],[0.20732539626666668]],["CR0.8NI0.2_229_CI2",["NI"],[0.08557885391004547]]],
			[["LIQUID",["NI"],[0.2221071215]],["CR0.8NI0.2_229_CI2",["NI"],[0.09347163579471067]]],
			[["LIQUID",["NI"],[0.23688884673333332]],["CR0.8NI0.2_229_CI2",["NI"],[0.10138835329492885]]],
			[["LIQUID",["NI"],[0.2516705719666667]],["CR0.8NI0.2_229_CI2",["NI"],[0.11026911159673661]]],
			[["LIQUID",["NI"],[0.2664522972]],["CR0.8NI0.2_229_CI2",["NI"],[0.11938674571336139]]],
			[["LIQUID",["NI"],[0.28123402243333334]],["CR0.8NI0.2_229_CI2",["NI"],[0.1295821090262052]]],
			[["LIQUID",["NI"],[0.29601574766666666]],["CR0.8NI0.2_229_CI2",["NI"],[0.1406183290430224]]],
			[["LIQUID",["NI"],[0.3107974729]],["CR0.8NI0.2_229_CI2",["NI"],[0.15249841411764717]]],
			[["LIQUID",["NI"],[0.32557919813333336]],["CR0.8NI0.2_229_CI2",["NI"],[0.1661767220915034]]],
			[["LIQUID",["NI"],[0.3403609233666667]],["CR0.8NI0.2_229_CI2",["NI"],[0.18144374014184408]]],
			[["LIQUID",["NI"],[0.35514264860000005]],["CR0.8NI0.2_229_CI2",["NI"],[0.19851811879836173]]],
			[["LIQUID",["NI"],[0.3699243738333333]],["CR0.8NI0.2_229_CI2",["NI"],[0.21771835677830972]]],
			[["LIQUID",["NI"],[0.38470609906666664]],["CR0.8NI0.2_229_CI2",["NI"],[0.23927477362204752]]],
			[["LIQUID",["NI"],[0.3994878243]],["CR0.8NI0.2_229_CI2",["NI"],[0.26321817236255607]]],
			[["LIQUID",["NI"],[0.41426954953333334]],["CR0.8NI0.2_229_CI2",["NI"],[0.2893669592466312]]],
			[["LIQUID",["NI"],[0.4290512747666667]],["CR0.8NI0.2_229_CI2",["NI"],[0.3173826285303976]]],
			[["LIQUID",["NI"],[0.443833]],["CR0.28NI0.72_225_CF4",["NI"],[0.501049332335329]]],
			[["LIQUID",["NI"],[0.474177]],["CR0.28NI0.72_225_CF4",["NI"],[0.5253619287211739]]],
			[["LIQUID",["NI"],[0.474178]],["CR0.28NI0.72_225_CF4",["NI"],[0.5253619287211739]]],
			[["LIQUID",["NI"],[0.50486]],["CR0.28NI0.72_225_CF4",["NI"],[0.5509543645484951]]],
			[["LIQUID",["NI"],[0.504861]],["CR0.28NI0.72_225_CF4",["NI"],[0.5509543645484951]]],
			[["LIQUID",["NI"],[0.535783]],["CR0.28NI0.72_225_CF4",["NI"],[0.5776645303210467]]],
			[["LIQUID",["NI"],[0.535784]],["CR0.28NI0.72_225_CF4",["NI"],[0.5776645303210467]]],
			[["LIQUID",["NI"],[0.566956]],["CR0.28NI0.72_225_CF4",["NI"],[0.6056405774111672]]],
			[["LIQUID",["NI"],[0.566958]],["CR0.28NI0.72_225_CF4",["NI"],[0.6056405774111672]]],
			[["LIQUID",["NI"],[0.598391]],["CR0.28NI0.72_225_CF4",["NI"],[0.6348621788617883]]],
			[["LIQUID",["NI"],[0.5983930000000001]],["CR0.28NI0.72_225_CF4",["NI"],[0.6348621788617883]]],
			[["LIQUID",["NI"],[0.6300979999999999]],["CR0.28NI0.72_225_CF4",["NI"],[0.6652804310595059]]],
			[["LIQUID",["NI"],[0.6301]],["CR0.28NI0.72_225_CF4",["NI"],[0.6652804310595059]]],
			[["LIQUID",["NI"],[0.662089]],["CR0.28NI0.72_225_CF4",["NI"],[0.6969109968992251]]],
			[["LIQUID",["NI"],[0.6620910000000001]],["CR0.28NI0.72_225_CF4",["NI"],[0.6969109968992251]]],
			[["LIQUID",["NI"],[0.6943739999999999]],["CR0.28NI0.72_225_CF4",["NI"],[0.7296094143094843]]],
			[["LIQUID",["NI"],[0.694376]],["CR0.28NI0.72_225_CF4",["NI"],[0.7296094143094843]]],
			[["LIQUID",["NI"],[0.726965]],["CR0.28NI0.72_225_CF4",["NI"],[0.7632616032028464]]],
			[["LIQUID",["NI"],[0.726967]],["CR0.28NI0.72_225_CF4",["NI"],[0.7632616032028464]]],
			[["LIQUID",["NI"],[0.759871]],["CR0.28NI0.72_225_CF4",["NI"],[0.797694105162524]]],
			[["LIQUID",["NI"],[0.759873]],["CR0.28NI0.72_225_CF4",["NI"],[0.797694105162524]]],
			[["LIQUID",["NI"],[0.7931050000000001]],["CR0.28NI0.72_225_CF4",["NI"],[0.8326261618852463]]],
			[["LIQUID",["NI"],[0.793107]],["CR0.28NI0.72_225_CF4",["NI"],[0.8326261618852463]]],
			[["LIQUID",["NI"],[0.826677]],["CR0.28NI0.72_225_CF4",["NI"],[0.8676024473684215]]],
			[["LIQUID",["NI"],[0.826679]],["CR0.28NI0.72_225_CF4",["NI"],[0.8676024473684215]]],
			[["LIQUID",["NI"],[0.8605970000000001]],["CR0.28NI0.72_225_CF4",["NI"],[0.9020623356807518]]],
			[["LIQUID",["NI"],[0.8606]],["CR0.28NI0.72_225_CF4",["NI"],[0.9020623356807518]]],
			[["LIQUID",["NI"],[0.894878]],["CR0.28NI0.72_225_CF4",["NI"],[0.9354824659949628]]],
			[["LIQUID",["NI"],[0.894881]],["CR0.28NI0.72_225_CF4",["NI"],[0.9354824659949628]]],
			[["LIQUID",["NI"],[0.9295300000000001]],["CR0.28NI0.72_225_CF4",["NI"],[0.9668877587131377]]],
			[["LIQUID",["NI"],[0.9295319999999999]],["CR0.28NI0.72_225_CF4",["NI"],[0.9668877587131377]]],
			[["LIQUID",["NI"],[0.964563]],["CR0.28NI0.72_225_CF4",["NI"],[0.9953233901734102]]],
			[["LIQUID",["NI"],[0.9645659999999999]],["CR0.28NI0.72_225_CF4",["NI"],[0.9953233901734102]]],
			[["LIQUID",["NI"],[0.999619]],["CR0.28NI0.72_225_CF4",["NI"],[null]]],
