{
    "components": [
        "CR",
        "FE",
        "NI"
    ],
    "phases": [
        "FE",
        "CR0.48FE0.52HT",
        "CR0.48FE0.52HT"
    ],
    "conditions": {
        "P": [
            101325
        ],
        "T": [
            1023,
            1023,
            1023,
            1023,
            1023,
            1023,
            1023,
            1023,
            1023,
            1023,
            1023,
            1023,
            1023,
            1023,
            1023,
            1023,
            1023,
            1023,
            1023,
            1023,
            1023,
            1023,
            1023,
            1023,
            1023,
            1023,
            1023,
            1023,
            1023,
            1023,
            1023,
            1023,
            1023,
            1023,
            1023,
            1023,
            1023,
            1023,
            1023,
            1023,
            1023
        ]
    },
    "broadcast_conditions": false,
    "output": "ZPF",
    "values":
			[[["FE",["NI","CR"],[0.04987938819679044,0.25005338819679035]],["CR0.48FE0.52HT",["NI","CR"],[0.01271107617435735,0.26267507617435726]],["CR0.48FE0.52HT",["NI","CR"],[0.011728147551998025,0.42270414755199803]]],
			[["FE",["NI","CR"],[0.05141788179906742,0.2431577714612001]],["CR0.48FE0.52HT",["NI","CR"],[0.016909826536603167,0.25430407641831443]]],
			[["FE",["NI","CR"],[0.05331343470989708,0.23658521403416222]],["CR0.48FE0.52HT",["NI","CR"],[0.020356018786466312,0.24663251854988866]]],
			[["FE",["NI","CR"],[0.055149746300647284,0.23002789855199468]],["CR0.48FE0.52HT",["NI","CR"],[0.020356018786466312,0.24663251854988866]]],
			[["FE",["NI","CR"],[0.0569057288621978,0.22349125058082953]],["CR0.48FE0.52HT",["NI","CR"],[0.023798006430500063,0.23896130511132907]]],
			[["FE",["NI","CR"],[0.058661711423748264,0.21695460260966426]],["CR0.48FE0.52HT",["NI","CR"],[0.027032918761805247,0.23130705471879964]]],
			[["FE",["NI","CR"],[0.060299885310751256,0.21045063966515243]],["CR0.48FE0.52HT",["NI","CR"],[0.030267831093110376,0.22365280432627022]]],
			[["FE",["NI","CR"],[0.061911770324948046,0.20395397034746088]],["CR0.48FE0.52HT",["NI","CR"],[0.03349107038648741,0.21599990865794427]]],
			[["FE",["NI","CR"],[0.06348687129030878,0.1974682629679947]],["CR0.48FE0.52HT",["NI","CR"],[0.036484416491683214,0.20837369343631296]]],
			[["FE",["NI","CR"],[0.06494844773454622,0.19101638679599386]],["CR0.48FE0.52HT",["NI","CR"],[0.039477762596879074,0.20074747821468175]]],
			[["FE",["NI","CR"],[0.06641002417878372,0.18456451062399315]],["CR0.48FE0.52HT",["NI","CR"],[0.042422583045964635,0.19312870610482546]]],
			[["FE",["NI","CR"],[0.06776188599881311,0.17814763805084466]],["CR0.48FE0.52HT",["NI","CR"],[0.04513914940593827,0.18554494476730166]]],
			[["FE",["NI","CR"],[0.06906783836264513,0.17174541253318054]],["CR0.48FE0.52HT",["NI","CR"],[0.047855715765911855,0.17796118342977785]]],
			[["FE",["NI","CR"],[0.07034207634024353,0.1653539855168089]],["CR0.48FE0.52HT",["NI","CR"],[0.05044474638474494,0.17040219077103924]]],
			[["FE",["NI","CR"],[0.07148705179566484,0.15900657138160956]],["CR0.48FE0.52HT",["NI","CR"],[0.052844222638794736,0.16288001140974706]]],
			[["FE",["NI","CR"],[0.0726320272510862,0.15265915724641033]],["CR0.48FE0.52HT",["NI","CR"],[0.05524369889284464,0.15535783204845477]]],
			[["FE",["NI","CR"],[0.07365705978150988,0.14635521010362762]],["CR0.48FE0.52HT",["NI","CR"],[0.057378537358382165,0.14789886289065213]]],
			[["FE",["NI","CR"],[0.0746353470805114,0.1400682033065952]],["CR0.48FE0.52HT",["NI","CR"],[0.05941493031772538,0.14046340798799106]]],
			[["FE",["NI","CR"],[0.07556685731883389,0.1337991959509195]],["CR0.48FE0.52HT",["NI","CR"],[0.06138738155379503,0.1330463497935772]]],
			[["FE",["NI","CR"],[0.07637284560251084,0.1275784884462572]],["CR0.48FE0.52HT",["NI","CR"],[0.06300876927436466,0.12573029627561283]]],
			[["FE",["NI","CR"],[0.0771788338861879,0.12135778094159488]],["CR0.48FE0.52HT",["NI","CR"],[0.0646301569949343,0.11841424275764845]]],
			[["FE",["NI","CR"],[0.0778334580206545,0.11519878248111359]],["CR0.48FE0.52HT",["NI","CR"],[0.06593271872093742,0.11120698212571578]]],
			[["FE",["NI","CR"],[0.07846164046907372,0.10905056392578838]],["CR0.48FE0.52HT",["NI","CR"],[0.0670815039215224,0.1040521946054156]]],
			[["FE",["NI","CR"],[0.07900648033945762,0.10293826860587285]],["CR0.48FE0.52HT",["NI","CR"],[0.06807719097045117,0.0969586431738495]]],
			[["FE",["NI","CR"],[0.07945245055343303,0.09686858917360763]],["CR0.48FE0.52HT",["NI","CR"],[0.06869068152654029,0.09001796242097049]]],
			[["FE",["NI","CR"],[0.07988181161226188,0.09080646500409384]],["CR0.48FE0.52HT",["NI","CR"],[0.06930417208262951,0.08307728166809136]]],
			[["FE",["NI","CR"],[0.08013974123109024,0.08482232249960953]],["CR0.48FE0.52HT",["NI","CR"],[0.06933009201233031,0.07640955907590563]]],
			[["FE",["NI","CR"],[0.08039767084991867,0.07883817999512532]],["CR0.48FE0.52HT",["NI","CR"],[0.0693446657959716,0.06974710737886047]]],
			[["FE",["NI","CR"],[0.08051206665506383,0.0729228407585889]],["CR0.48FE0.52HT",["NI","CR"],[0.06886275659849939,0.06335062933799862]]],
			[["FE",["NI","CR"],[0.08057663569556867,0.06703138609775317]],["CR0.48FE0.52HT",["NI","CR"],[0.06821546076324897,0.05704275149171956]]],
			[["FE",["NI","CR"],[0.08055892624576205,0.06118142819617001]],["CR0.48FE0.52HT",["NI","CR"],[0.06715323782990434,0.05098976897076579]]],
			[["FE",["NI","CR"],[0.08042647124448904,0.055389341659344504]],["CR0.48FE0.52HT",["NI","CR"],[0.06579145439210332,0.04512081051714534]]],
			[["FE",["NI","CR"],[0.08027137454943906,0.04960925192577248]],["CR0.48FE0.52HT",["NI","CR"],[0.06408490249422388,0.03949367855190489]]],
			[["FE",["NI","CR"],[0.079937676664526,0.04392379483571063]],["CR0.48FE0.52HT",["NI","CR"],[0.06196944869456006,0.03415335736679781]]],
			[["FE",["NI","CR"],[0.079603978779613,0.038238337745648776]],["CR0.48FE0.52HT",["NI","CR"],[0.0595766741038547,0.029034425433712818]]],
			[["FE",["NI","CR"],[0.0791011369805984,0.03264691731254599]],["CR0.48FE0.52HT",["NI","CR"],[0.05669353406415739,0.024306959425566932]]],
			[["FE",["NI","CR"],[0.07856242540490599,0.027075438914617944]],["CR0.48FE0.52HT",["NI","CR"],[0.05360615973692767,0.01976463702821163]]],
			[["FE",["NI","CR"],[0.07790836711562504,0.021571171281097312]],["CR0.48FE0.52HT",["NI","CR"],[0.04996801039311466,0.015721606285238554]]],
			[["FE",["NI","CR"],[0.07716111942051751,0.01612120368791059]],["CR0.48FE0.52HT",["NI","CR"],[0.04621489893452241,0.011796759986983263]]],
			[["FE",["NI","CR"],[0.07635161953906161,0.010709213043060384]],["CR0.48FE0.52HT",["NI","CR"],[0.0418637885677291,0.008486674203905364]]],
			[["FE",["NI","CR"],[0.07539324601611525,0.005388042768114776]],["CR0.48FE0.52HT",["NI","CR"],[0.037507759251258155,0.005182320242721583]]]],
	"reference": "C-A58757"
}