{
    "components": [
        "CR",
        "FE",
        "NI"
    ],
    "phases": [
        "FE",
        "CR0.48FE0.52HT",
        "CR",
        "CR0.48FE0.52HT"
    ],
    "conditions": {
        "P": [
            101325
        ],
        "T": [
            1023,
            1023,
            1023,
            1023,
            1023,
            1023,
            1023,
            1023,
            1023,
            1023,
            1023,
            1023,
            1023,
            1023,
            1023,
            1023,
            1023,
            1023,
            1023,
            1023,
            1023,
            1023,
            1023,
            1023,
            1023,
            1023,
            1023,
            1023,
            1023,
            1023,
            1023,
            1023,
            1023,
            1023,
            1023,
            1023,
            1023,
            1023,
            1023,
            1023,
            1023,
            1023
        ]
    },
    "broadcast_conditions": false,
    "output": "ZPF",
    "values":
			[[["FE",["NI","CR"],[0.3024436934553143,0.3022976934553143]],["CR0.48FE0.52HT",["NI","CR"],[0.11875930923944356,0.5017853092394435]],["CR",["NI","CR"],[0.1009148613505707,0.6758168613505707]]],
			[["FE",["NI","CR"],[0.29761684250917997,0.29854057286867297]],["CR0.48FE0.52HT",["NI","CR"],[0.11628771489396156,0.4991968368451811]]],
			[["FE",["NI","CR"],[0.2934669731226057,0.2945764338415917]],["CR0.48FE0.52HT",["NI","CR"],[0.11368716577392196,0.49727540967636097]]],
			[["FE",["NI","CR"],[0.2890645908793273,0.29087799336509734]],["CR0.48FE0.52HT",["NI","CR"],[0.11368716577392196,0.49727540967636097]]],
			[["FE",["NI","CR"],[0.2844929313249281,0.28735766950729347]],["CR0.48FE0.52HT",["NI","CR"],[0.11108661665388231,0.4953539825075408]]],
			[["FE",["NI","CR"],[0.2799078013573387,0.2838525033481172]],["CR0.48FE0.52HT",["NI","CR"],[0.10848606753384268,0.49343255533872077]]],
			[["FE",["NI","CR"],[0.2749827463592709,0.28072984076141827]],["CR0.48FE0.52HT",["NI","CR"],[0.10588551841380309,0.4915111281699006]]],
			[["FE",["NI","CR"],[0.27005769136120317,0.27760717817471936]],["CR0.48FE0.52HT",["NI","CR"],[0.10328496929376343,0.48958970100108046]]],
			[["FE",["NI","CR"],[0.2650143782305008,0.27462578391363357]],["CR0.48FE0.52HT",["NI","CR"],[0.10068442017372378,0.4876682738322604]]],
			[["FE",["NI","CR"],[0.2597882159907592,0.27186281680760593]],["CR0.48FE0.52HT",["NI","CR"],[0.09808387105368421,0.48574684666344026]]],
			[["FE",["NI","CR"],[0.25456205375101754,0.2690998497015782]],["CR0.48FE0.52HT",["NI","CR"],[0.09548332193364456,0.4838254194946201]]],
			[["FE",["NI","CR"],[0.24915627935955326,0.2665634899323692]],["CR0.48FE0.52HT",["NI","CR"],[0.09288277281360491,0.48190399232580006]]],
			[["FE",["NI","CR"],[0.24366692727768952,0.26413257580064786]],["CR0.48FE0.52HT",["NI","CR"],[0.09028222369356531,0.4799825651569799]]],
			[["FE",["NI","CR"],[0.23817757519582572,0.2617016616689264]],["CR0.48FE0.52HT",["NI","CR"],[0.08768167457352566,0.47806113798815986]]],
			[["FE",["NI","CR"],[0.23247020893028963,0.2595602756000197]],["CR0.48FE0.52HT",["NI","CR"],[0.08508112545348603,0.4761397108193397]]],
			[["FE",["NI","CR"],[0.226746117499749,0.25744110095122563]],["CR0.48FE0.52HT",["NI","CR"],[0.08248057633344641,0.47421828365051955]]],
			[["FE",["NI","CR"],[0.2209889262002494,0.2553681098652967]],["CR0.48FE0.52HT",["NI","CR"],[0.07988002721340678,0.4722968564816995]]],
			[["FE",["NI","CR"],[0.2150501878493576,0.25354842762694474]],["CR0.48FE0.52HT",["NI","CR"],[0.07727947809336713,0.47037542931287935]]],
			[["FE",["NI","CR"],[0.20911144949846583,0.2517287453885929]],["CR0.48FE0.52HT",["NI","CR"],[0.07467892897332754,0.4684540021440592]]],
			[["FE",["NI","CR"],[0.20309606735858787,0.250021366058516]],["CR0.48FE0.52HT",["NI","CR"],[0.07207837985328788,0.46653257497523914]]],
			[["FE",["NI","CR"],[0.1969568020181936,0.24849550755208827]],["CR0.48FE0.52HT",["NI","CR"],[0.06947783073324823,0.464611147806419]]],
			[["FE",["NI","CR"],[0.19081753667779927,0.24696964904566032]],["CR0.48FE0.52HT",["NI","CR"],[0.06687728161320866,0.46268972063759883]]],
			[["FE",["NI","CR"],[0.1845557353683629,0.24563253436240984]],["CR0.48FE0.52HT",["NI","CR"],[0.06427673249316901,0.4607682934687788]]],
			[["FE",["NI","CR"],[0.17822402591504716,0.24440310014596567]],["CR0.48FE0.52HT",["NI","CR"],[0.061676183373129356,0.45884686629995874]]],
			[["FE",["NI","CR"],[0.1718923164617313,0.24317366592952128]],["CR0.48FE0.52HT",["NI","CR"],[0.05907563425308976,0.4569254391311386]]],
			[["FE",["NI","CR"],[0.1653826763757527,0.24223313721723372]],["CR0.48FE0.52HT",["NI","CR"],[0.056475085133050135,0.45500401196231843]]],
			[["FE",["NI","CR"],[0.1588619740021458,0.24131057031251424]],["CR0.48FE0.52HT",["NI","CR"],[0.05387453601301054,0.4530825847934983]]],
			[["FE",["NI","CR"],[0.1522802052212962,0.24049304246731795]],["CR0.48FE0.52HT",["NI","CR"],[0.051273986892970885,0.45116115762467823]]],
			[["FE",["NI","CR"],[0.14556923626238716,0.23989774916655204]],["CR0.48FE0.52HT",["NI","CR"],[0.048673437772931205,0.4492397304558581]]],
			[["FE",["NI","CR"],[0.1388582673034781,0.23930245586578636]],["CR0.48FE0.52HT",["NI","CR"],[0.04607288865289161,0.4473183032870379]]],
			[["FE",["NI","CR"],[0.13199073779682224,0.23899475062968156]],["CR0.48FE0.52HT",["NI","CR"],[0.04347233953285201,0.4453968761182179]]],
			[["FE",["NI","CR"],[0.12508380073735215,0.23875943362937413]],["CR0.48FE0.52HT",["NI","CR"],[0.0408717904128123,0.4434754489493977]]],
			[["FE",["NI","CR"],[0.11809479842553433,0.23868717019743313]],["CR0.48FE0.52HT",["NI","CR"],[0.03827124129277276,0.44155402178057757]]],
			[["FE",["NI","CR"],[0.11098212812921443,0.23886061984854323]],["CR0.48FE0.52HT",["NI","CR"],[0.03567069217273311,0.4396325946117575]]],
			[["FE",["NI","CR"],[0.10383796568270581,0.23910317031536277]],["CR0.48FE0.52HT",["NI","CR"],[0.03307014305269346,0.4377111674429375]]],
			[["FE",["NI","CR"],[0.09650605878606333,0.23975767406487025]],["CR0.48FE0.52HT",["NI","CR"],[0.03046959393265386,0.4357897402741173]]],
			[["FE",["NI","CR"],[0.08916148585460493,0.24044399007443618]],["CR0.48FE0.52HT",["NI","CR"],[0.027869044812614208,0.43386831310529717]]],
			[["FE",["NI","CR"],[0.08159651418122726,0.24168386386246166]],["CR0.48FE0.52HT",["NI","CR"],[0.02526849569257461,0.4319468859364771]]],
			[["FE",["NI","CR"],[0.07399567614354186,0.24303422392678709]],["CR0.48FE0.52HT",["NI","CR"],[0.022667946572535014,0.43002545876765697]]],
			[["FE",["NI","CR"],[0.06619113615074124,0.2450120875290377]],["CR0.48FE0.52HT",["NI","CR"],[0.02006739745249536,0.4281040315988369]]],
			[["FE",["NI","CR"],[0.05829102957519372,0.2474159900255114]],["CR0.48FE0.52HT",["NI","CR"],[0.01746684833245571,0.42618260443001676]]],
			[["FE",["NI","CR"],[0.04987938819679044,0.25005338819679035]],["CR0.48FE0.52HT",["NI","CR"],[0.01271107617435735,0.26267507617435726]],["CR0.48FE0.52HT",["NI","CR"],[0.011728147551998025,0.42270414755199803]]]],
	"reference": "C-A58757"
}