{
    "components": [
        "CR",
        "FE",
        "NI"
    ],
    "phases": [
        "CR0.48FE0.52HT",
        "FE",
        "CR0.48FE0.52HT"
    ],
    "conditions": {
        "P": [
            101325
        ],
        "T": [
            1023,
            1023,
            1023,
            1023,
            1023,
            1023,
            1023,
            1023,
            1023,
            1023,
            1023,
            1023,
            1023,
            1023,
            1023,
            1023,
            1023,
            1023,
            1023,
            1023,
            1023,
            1023,
            1023,
            1023,
            1023,
            1023,
            1023,
            1023,
            1023,
            1023,
            1023,
            1023,
            1023,
            1023,
            1023,
            1023,
            1023,
            1023,
            1023,
            1023,
            1023
        ]
    },
    "broadcast_conditions": false,
    "output": "ZPF",
    "values":
			[[["FE",["NI","CR"],[0.04987938819679044,0.25005338819679035]],["CR0.48FE0.52HT",["NI","CR"],[0.01271107617435735,0.26267507617435726]],["CR0.48FE0.52HT",["NI","CR"],[0.011728147551998025,0.42270414755199803]]],
			[["CR0.48FE0.52HT",["NI","CR"],[0.011903667785578997,0.2640014238831401]],["CR0.48FE0.52HT",["NI","CR"],[0.010954387537747412,0.4221665338792109]]],
			[["CR0.48FE0.52HT",["NI","CR"],[0.011604761176742084,0.26430427337186413]],["CR0.48FE0.52HT",["NI","CR"],[0.010679469263075447,0.4221577619460024]]],
			[["CR0.48FE0.52HT",["NI","CR"],[0.011305854567905171,0.2646071228605882]],["CR0.48FE0.52HT",["NI","CR"],[0.010679469263075447,0.4221577619460024]]],
			[["CR0.48FE0.52HT",["NI","CR"],[0.011006947959068314,0.26490997234931224]],["CR0.48FE0.52HT",["NI","CR"],[0.010404550988403594,0.42214899001279393]]],
			[["CR0.48FE0.52HT",["NI","CR"],[0.010708041350231401,0.2652128218380363]],["CR0.48FE0.52HT",["NI","CR"],[0.01012963271373174,0.42214021807958546]]],
			[["CR0.48FE0.52HT",["NI","CR"],[0.010409134741394488,0.26551567132676035]],["CR0.48FE0.52HT",["NI","CR"],[0.009854714439059886,0.422131446146377]]],
			[["CR0.48FE0.52HT",["NI","CR"],[0.010110228132557575,0.2658185208154844]],["CR0.48FE0.52HT",["NI","CR"],[0.009579796164387977,0.4221226742131685]]],
			[["CR0.48FE0.52HT",["NI","CR"],[0.009811321523720662,0.26612137030420846]],["CR0.48FE0.52HT",["NI","CR"],[0.009304877889716123,0.42211390227996004]]],
			[["CR0.48FE0.52HT",["NI","CR"],[0.009512414914883693,0.2664242197929325]],["CR0.48FE0.52HT",["NI","CR"],[0.009029959615044214,0.42210513034675157]]],
			[["CR0.48FE0.52HT",["NI","CR"],[0.009213508306046725,0.26672706928165657]],["CR0.48FE0.52HT",["NI","CR"],[0.008755041340372305,0.4220963584135431]]],
			[["CR0.48FE0.52HT",["NI","CR"],[0.008914601697209867,0.2670299187703806]],["CR0.48FE0.52HT",["NI","CR"],[0.008480123065700451,0.4220875864803346]]],
			[["CR0.48FE0.52HT",["NI","CR"],[0.008615695088372954,0.2673327682591047]],["CR0.48FE0.52HT",["NI","CR"],[0.008205204791028597,0.42207881454712615]]],
			[["CR0.48FE0.52HT",["NI","CR"],[0.008316788479536041,0.26763561774782874]],["CR0.48FE0.52HT",["NI","CR"],[0.007930286516356688,0.4220700426139177]]],
			[["CR0.48FE0.52HT",["NI","CR"],[0.008017881870699128,0.2679384672365528]],["CR0.48FE0.52HT",["NI","CR"],[0.0076553682416848345,0.4220612706807092]]],
			[["CR0.48FE0.52HT",["NI","CR"],[0.007718975261862215,0.26824131672527685]],["CR0.48FE0.52HT",["NI","CR"],[0.007380449967012981,0.4220524987475007]]],
			[["CR0.48FE0.52HT",["NI","CR"],[0.007420068653025302,0.2685441662140009]],["CR0.48FE0.52HT",["NI","CR"],[0.007105531692341072,0.42204372681429225]]],
			[["CR0.48FE0.52HT",["NI","CR"],[0.007121162044188389,0.26884701570272496]],["CR0.48FE0.52HT",["NI","CR"],[0.006830613417669162,0.4220349548810838]]],
			[["CR0.48FE0.52HT",["NI","CR"],[0.006822255435351532,0.2691498651914491]],["CR0.48FE0.52HT",["NI","CR"],[0.006555695142997309,0.4220261829478753]]],
			[["CR0.48FE0.52HT",["NI","CR"],[0.006523348826514619,0.2694527146801732]],["CR0.48FE0.52HT",["NI","CR"],[0.006280776868325455,0.42201741101466683]]],
			[["CR0.48FE0.52HT",["NI","CR"],[0.006224442217677706,0.26975556416889723]],["CR0.48FE0.52HT",["NI","CR"],[0.006005858593653546,0.42200863908145847]]],
			[["CR0.48FE0.52HT",["NI","CR"],[0.005925535608840793,0.2700584136576213]],["CR0.48FE0.52HT",["NI","CR"],[0.005730940318981692,0.42199986714825]]],
			[["CR0.48FE0.52HT",["NI","CR"],[0.005626629000003824,0.27036126314634523]],["CR0.48FE0.52HT",["NI","CR"],[0.005456022044309783,0.4219910952150414]]],
			[["CR0.48FE0.52HT",["NI","CR"],[0.005327722391166911,0.2706641126350693]],["CR0.48FE0.52HT",["NI","CR"],[0.005181103769637929,0.42198232328183294]]],
			[["CR0.48FE0.52HT",["NI","CR"],[0.005028815782330054,0.27096696212379345]],["CR0.48FE0.52HT",["NI","CR"],[0.00490618549496602,0.4219735513486246]]],
			[["CR0.48FE0.52HT",["NI","CR"],[0.004729909173493141,0.2712698116125175]],["CR0.48FE0.52HT",["NI","CR"],[0.004631267220294166,0.4219647794154161]]],
			[["CR0.48FE0.52HT",["NI","CR"],[0.004431002564656228,0.27157266110124156]],["CR0.48FE0.52HT",["NI","CR"],[0.0043563489456223126,0.42195600748220763]]],
			[["CR0.48FE0.52HT",["NI","CR"],[0.004132095955819315,0.2718755105899656]],["CR0.48FE0.52HT",["NI","CR"],[0.004081430670950403,0.42194723554899927]]],
			[["CR0.48FE0.52HT",["NI","CR"],[0.003833189346982402,0.2721783600786897]],["CR0.48FE0.52HT",["NI","CR"],[0.003806512396278494,0.4219384636157907]]],
			[["CR0.48FE0.52HT",["NI","CR"],[0.003534282738145489,0.27248120956741373]],["CR0.48FE0.52HT",["NI","CR"],[0.0035315941216066404,0.4219296916825822]]],
			[["CR0.48FE0.52HT",["NI","CR"],[0.003235376129308576,0.2727840590561378]],["CR0.48FE0.52HT",["NI","CR"],[0.0032566758469347867,0.42192091974937374]]],
			[["CR0.48FE0.52HT",["NI","CR"],[0.002936469520471663,0.27308690854486195]],["CR0.48FE0.52HT",["NI","CR"],[0.0029817575722628775,0.4219121478161654]]],
			[["CR0.48FE0.52HT",["NI","CR"],[0.00263756291163475,0.273389758033586]],["CR0.48FE0.52HT",["NI","CR"],[0.002706839297591024,0.4219033758829569]]],
			[["CR0.48FE0.52HT",["NI","CR"],[0.002338656302797837,0.27369260752231006]],["CR0.48FE0.52HT",["NI","CR"],[0.00243192102291917,0.4218946039497484]]],
			[["CR0.48FE0.52HT",["NI","CR"],[0.002039749693960924,0.2739954570110341]],["CR0.48FE0.52HT",["NI","CR"],[0.002157002748247261,0.42188583201653995]]],
			[["CR0.48FE0.52HT",["NI","CR"],[0.0017408430851239554,0.27429830649975817]],["CR0.48FE0.52HT",["NI","CR"],[0.0018820844735753517,0.4218770600833315]]],
			[["CR0.48FE0.52HT",["NI","CR"],[0.0014419364762870424,0.2746011559884822]],["CR0.48FE0.52HT",["NI","CR"],[0.001607166198903498,0.421868288150123]]],
			[["CR0.48FE0.52HT",["NI","CR"],[0.0011430298674501294,0.2749040054772063]],["CR0.48FE0.52HT",["NI","CR"],[0.0013322479242315888,0.42185951621691453]]],
			[["CR0.48FE0.52HT",["NI","CR"],[0.0008441232586132719,0.27520685496593034]],["CR0.48FE0.52HT",["NI","CR"],[0.001057329649559735,0.42185074428370606]]],
			[["CR0.48FE0.52HT",["NI","CR"],[0.0005452166497763589,0.2755097044546544]],["CR0.48FE0.52HT",["NI","CR"],[0.0007824113748878259,0.4218419723504976]]],
			[["CR0.48FE0.52HT",["NI","CR"],[0.00024631004093944586,0.27581255394337845]],["CR0.48FE0.52HT",["NI","CR"],[0.0005074931002159722,0.4218332004172891]]]],
	"reference": "C-A58757"
}