{
    "components": [
        "CR",
        "FE",
        "NI"
    ],
    "phases": [
        "CR",
        "FE",
        "CR0.48FE0.52HT"
    ],
    "conditions": {
        "P": [
            101325
        ],
        "T": [
            1023,
            1023,
            1023,
            1023,
            1023,
            1023,
            1023,
            1023,
            1023,
            1023,
            1023,
            1023,
            1023,
            1023,
            1023,
            1023,
            1023,
            1023,
            1023,
            1023,
            1023,
            1023,
            1023,
            1023,
            1023,
            1023,
            1023,
            1023,
            1023,
            1023,
            1023,
            1023,
            1023,
            1023,
            1023,
            1023,
            1023,
            1023,
            1023,
            1023,
            1023
        ]
    },
    "broadcast_conditions": false,
    "output": "ZPF",
    "values":
			[[["FE",["NI","CR"],[0.3024436934553143,0.3022976934553143]],["CR0.48FE0.52HT",["NI","CR"],[0.11875930923944356,0.5017853092394435]],["CR",["NI","CR"],[0.1009148613505707,0.6758168613505707]]],
			[["CR",["NI","CR"],[0.09921750253386322,0.6833642147289851]],["FE",["NI","CR"],[0.3121425320401916,0.3018079761634227]]],
			[["CR",["NI","CR"],[0.09705487497051662,0.6909622993607605]],["FE",["NI","CR"],[0.32165332242351496,0.30085621066997725]]],
			[["CR",["NI","CR"],[0.09489224740717005,0.698560383992536]],["FE",["NI","CR"],[0.32165332242351496,0.30085621066997725]]],
			[["CR",["NI","CR"],[0.09272961984382347,0.7061584686243113]],["FE",["NI","CR"],[0.33112241183371616,0.3000009150434626]]],
			[["CR",["NI","CR"],[0.09056699228047689,0.7137565532560866]],["FE",["NI","CR"],[0.3405164719979398,0.29931918997977724]]],
			[["CR",["NI","CR"],[0.08840436471713031,0.721354637887862]],["FE",["NI","CR"],[0.3499105321621635,0.2986374649160919]]],
			[["CR",["NI","CR"],[0.0862417371537837,0.7289527225196374]],["FE",["NI","CR"],[0.359212728373015,0.29815753473303197]]],
			[["CR",["NI","CR"],[0.08407910959043716,0.7365508071514127]],["FE",["NI","CR"],[0.36847842625723026,0.29775777936497017]]],
			[["CR",["NI","CR"],[0.08191648202709058,0.7441488917831881]],["FE",["NI","CR"],[0.3777277983934323,0.29739209843311865]]],
			[["CR",["NI","CR"],[0.07975385446374397,0.7517469764149635]],["FE",["NI","CR"],[0.38685236781522814,0.29728690064283536]]],
			[["CR",["NI","CR"],[0.07759122690039741,0.7593450610467388]],["FE",["NI","CR"],[0.3959769372370239,0.2971817028525523]]],
			[["CR",["NI","CR"],[0.07542859933705083,0.7669431456785143]],["FE",["NI","CR"],[0.4050154995035802,0.2972471551265936]]],
			[["CR",["NI","CR"],[0.07326597177370424,0.7745412303102897]],["FE",["NI","CR"],[0.4139852968890473,0.29744904641374426]]],
			[["CR",["NI","CR"],[0.07110334421035766,0.782139314942065]],["FE",["NI","CR"],[0.4229492671463756,0.2976619343398119]]],
			[["CR",["NI","CR"],[0.0689407166470111,0.7897373995738404]],["FE",["NI","CR"],[0.4317499743421732,0.29818292342538566]]],
			[["CR",["NI","CR"],[0.0667780890836645,0.7973354842056157]],["FE",["NI","CR"],[0.4405506815379707,0.2987039125109596]]],
			[["CR",["NI","CR"],[0.06461546152031791,0.8049335688373911]],["FE",["NI","CR"],[0.4492497658555456,0.29940737775391324]]],
			[["CR",["NI","CR"],[0.062452833956971335,0.8125316534691664]],["FE",["NI","CR"],[0.45786573023401156,0.3002600948912779]]],
			[["CR",["NI","CR"],[0.06029020639362476,0.8201297381009418]],["FE",["NI","CR"],[0.46646143051255357,0.3011474451614429]]],
			[["CR",["NI","CR"],[0.05812757883027818,0.8277278227327172]],["FE",["NI","CR"],[0.47487645132543743,0.3023435925630823]]],
			[["CR",["NI","CR"],[0.0559649512669316,0.8353259073644925]],["FE",["NI","CR"],[0.48329147213832147,0.3035397399647217]]],
			[["CR",["NI","CR"],[0.053802323703585016,0.842923991996268]],["FE",["NI","CR"],[0.49155717283416744,0.3049788592214606]]],
			[["CR",["NI","CR"],[0.05163969614023843,0.8505220766280434]],["FE",["NI","CR"],[0.4997541056357492,0.3065298767486543]]],
			[["CR",["NI","CR"],[0.049477068576891846,0.8581201612598187]],["FE",["NI","CR"],[0.5078804021324458,0.3081903476570361]]],
			[["CR",["NI","CR"],[0.047314441013545275,0.8657182458915941]],["FE",["NI","CR"],[0.5158414510686028,0.31010687533769066]]],
			[["CR",["NI","CR"],[0.0451518134501987,0.8733163305233694]],["FE",["NI","CR"],[0.5238025000047598,0.3120234030183451]]],
			[["CR",["NI","CR"],[0.04298918588685211,0.8809144151551448]],["FE",["NI","CR"],[0.5315235291859278,0.3142941411702658]]],
			[["CR",["NI","CR"],[0.040826558323505534,0.8885124997869203]],["FE",["NI","CR"],[0.5392299446157368,0.31658644564599214]]],
			[["CR",["NI","CR"],[0.03866393076015896,0.8961105844186955]],["FE",["NI","CR"],[0.5467694661175978,0.3191133422587772]]],
			[["CR",["NI","CR"],[0.03650130319681237,0.903708669050471]],["FE",["NI","CR"],[0.5542030286860321,0.32178917857798905]]],
			[["CR",["NI","CR"],[0.0343386756334658,0.9113067536822463]],["FE",["NI","CR"],[0.5615477196562909,0.32458400234608287]]],
			[["CR",["NI","CR"],[0.032176048070119215,0.9189048383140217]],["FE",["NI","CR"],[0.5686887852332485,0.32765145388923556]]],
			[["CR",["NI","CR"],[0.030013420506772626,0.9265029229457971]],["FE",["NI","CR"],[0.5758248975668897,0.3307252219347211]]],
			[["CR",["NI","CR"],[0.027850792943426055,0.9341010075775724]],["FE",["NI","CR"],[0.5826552774235645,0.33418886784015234]]],
			[["CR",["NI","CR"],[0.025688165380079474,0.9416990922093478]],["FE",["NI","CR"],[0.5894856572802394,0.33765251374558347]]],
			[["CR",["NI","CR"],[0.0235255378167329,0.9492971768411231]],["FE",["NI","CR"],[0.5960700928256263,0.3414148508783911]]],
			[["CR",["NI","CR"],[0.021362910253386318,0.9568952614728985]],["FE",["NI","CR"],[0.6025703014248996,0.3452794788500517]]],
			[["CR",["NI","CR"],[0.019200282690039743,0.9644933461046739]],["FE",["NI","CR"],[0.6089013944831764,0.3493396755605469]]],
			[["CR",["NI","CR"],[0.01703765512669315,0.9720914307364493]],["FE",["NI","CR"],[0.6150545799336249,0.35360560833933574]]],
			[["CR",["NI","CR"],[0.014875027563346575,0.9796895153682247]],["FE",["NI","CR"],[0.6211203387230821,0.3579677899838768]]]],
	"reference": "C-A58757"
}