{
    "components": [
        "CR",
        "FE",
        "NI"
    ],
    "phases": [
        "CR0.48FE0.52HT",
        "CR",
        "FE"
    ],
    "conditions": {
        "P": [
            101325
        ],
        "T": [
            1023,
            1023,
            1023,
            1023,
            1023,
            1023,
            1023,
            1023,
            1023,
            1023,
            1023,
            1023,
            1023,
            1023,
            1023,
            1023,
            1023,
            1023,
            1023,
            1023,
            1023,
            1023,
            1023,
            1023,
            1023,
            1023,
            1023,
            1023,
            1023,
            1023,
            1023,
            1023,
            1023,
            1023,
            1023,
            1023,
            1023,
            1023,
            1023,
            1023,
            1023
        ]
    },
    "broadcast_conditions": false,
    "output": "ZPF",
    "values":
			[[["FE",["NI","CR"],[0.3024436934553143,0.3022976934553143]],["CR0.48FE0.52HT",["NI","CR"],[0.11875930923944356,0.5017853092394435]],["CR",["NI","CR"],[0.1009148613505707,0.6758168613505707]]],
			[["CR0.48FE0.52HT",["NI","CR"],[0.11534322329794641,0.5022508818345318]],["CR",["NI","CR"],[0.09807561206663795,0.673504343773955]]],
			[["CR0.48FE0.52HT",["NI","CR"],[0.11245872581371741,0.5022160428868881]],["CR",["NI","CR"],[0.09562303653608191,0.672106499950716]]],
			[["CR0.48FE0.52HT",["NI","CR"],[0.10957422832948843,0.5021812039392446]],["CR",["NI","CR"],[0.09562303653608191,0.672106499950716]]],
			[["CR0.48FE0.52HT",["NI","CR"],[0.10668973084525943,0.5021463649916009]],["CR",["NI","CR"],[0.09317046100552587,0.6707086561274771]]],
			[["CR0.48FE0.52HT",["NI","CR"],[0.10380523336103042,0.5021115260439573]],["CR",["NI","CR"],[0.09071788547496981,0.6693108123042381]]],
			[["CR0.48FE0.52HT",["NI","CR"],[0.10092073587680142,0.5020766870963136]],["CR",["NI","CR"],[0.08826530994441377,0.6679129684809991]]],
			[["CR0.48FE0.52HT",["NI","CR"],[0.09803623839257242,0.5020418481486699]],["CR",["NI","CR"],[0.08581273441385773,0.6665151246577601]]],
			[["CR0.48FE0.52HT",["NI","CR"],[0.09515174090834339,0.5020070092010263]],["CR",["NI","CR"],[0.08336015888330164,0.6651172808345212]]],
			[["CR0.48FE0.52HT",["NI","CR"],[0.09226724342411444,0.5019721702533827]],["CR",["NI","CR"],[0.08090758335274559,0.6637194370112822]]],
			[["CR0.48FE0.52HT",["NI","CR"],[0.0893827459398854,0.501937331305739]],["CR",["NI","CR"],[0.07845500782218956,0.6623215931880433]]],
			[["CR0.48FE0.52HT",["NI","CR"],[0.0864982484556564,0.5019024923580955]],["CR",["NI","CR"],[0.0760024322916335,0.6609237493648042]]],
			[["CR0.48FE0.52HT",["NI","CR"],[0.0836137509714274,0.5018676534104518]],["CR",["NI","CR"],[0.07354985676107745,0.6595259055415652]]],
			[["CR0.48FE0.52HT",["NI","CR"],[0.08072925348719842,0.5018328144628081]],["CR",["NI","CR"],[0.07109728123052139,0.6581280617183263]]],
			[["CR0.48FE0.52HT",["NI","CR"],[0.07784475600296942,0.5017979755151645]],["CR",["NI","CR"],[0.06864470569996536,0.6567302178950873]]],
			[["CR0.48FE0.52HT",["NI","CR"],[0.07496025851874041,0.5017631365675209]],["CR",["NI","CR"],[0.06619213016940931,0.6553323740718483]]],
			[["CR0.48FE0.52HT",["NI","CR"],[0.07207576103451141,0.5017282976198773]],["CR",["NI","CR"],[0.06373955463885325,0.6539345302486094]]],
			[["CR0.48FE0.52HT",["NI","CR"],[0.0691912635502824,0.5016934586722336]],["CR",["NI","CR"],[0.061286979108297196,0.6525366864253703]]],
			[["CR0.48FE0.52HT",["NI","CR"],[0.06630676606605343,0.50165861972459]],["CR",["NI","CR"],[0.05883440357774114,0.6511388426021314]]],
			[["CR0.48FE0.52HT",["NI","CR"],[0.06342226858182443,0.5016237807769464]],["CR",["NI","CR"],[0.05638182804718511,0.6497409987788925]]],
			[["CR0.48FE0.52HT",["NI","CR"],[0.06053777109759542,0.5015889418293027]],["CR",["NI","CR"],[0.053929252516629056,0.6483431549556534]]],
			[["CR0.48FE0.52HT",["NI","CR"],[0.05765327361336639,0.501554102881659]],["CR",["NI","CR"],[0.05147667698607303,0.6469453111324145]]],
			[["CR0.48FE0.52HT",["NI","CR"],[0.054768776129137386,0.5015192639340154]],["CR",["NI","CR"],[0.049024101455516916,0.6455474673091754]]],
			[["CR0.48FE0.52HT",["NI","CR"],[0.05188427864490838,0.5014844249863718]],["CR",["NI","CR"],[0.046571525924960916,0.6441496234859365]]],
			[["CR0.48FE0.52HT",["NI","CR"],[0.048999781160679406,0.5014495860387281]],["CR",["NI","CR"],[0.04411895039440483,0.6427517796626976]]],
			[["CR0.48FE0.52HT",["NI","CR"],[0.0461152836764504,0.5014147470910846]],["CR",["NI","CR"],[0.041666374863848776,0.6413539358394585]]],
			[["CR0.48FE0.52HT",["NI","CR"],[0.0432307861922214,0.5013799081434409]],["CR",["NI","CR"],[0.03921379933329275,0.6399560920162196]]],
			[["CR0.48FE0.52HT",["NI","CR"],[0.040346288707992395,0.5013450691957972]],["CR",["NI","CR"],[0.03676122380273669,0.6385582481929806]]],
			[["CR0.48FE0.52HT",["NI","CR"],[0.03746179122376342,0.5013102302481536]],["CR",["NI","CR"],[0.034308648272180664,0.6371604043697416]]],
			[["CR0.48FE0.52HT",["NI","CR"],[0.034577293739534415,0.50127539130051]],["CR",["NI","CR"],[0.03185607274162458,0.6357625605465026]]],
			[["CR0.48FE0.52HT",["NI","CR"],[0.03169279625530541,0.5012405523528664]],["CR",["NI","CR"],[0.029403497211068552,0.6343647167232637]]],
			[["CR0.48FE0.52HT",["NI","CR"],[0.028808298771076407,0.5012057134052227]],["CR",["NI","CR"],[0.026950921680512496,0.6329668729000246]]],
			[["CR0.48FE0.52HT",["NI","CR"],[0.025923801286847403,0.5011708744575791]],["CR",["NI","CR"],[0.024498346149956468,0.6315690290767857]]],
			[["CR0.48FE0.52HT",["NI","CR"],[0.023039303802618427,0.5011360355099355]],["CR",["NI","CR"],[0.022045770619400412,0.6301711852535468]]],
			[["CR0.48FE0.52HT",["NI","CR"],[0.020154806318389423,0.5011011965622918]],["CR",["NI","CR"],[0.0195931950888443,0.6287733414303077]]],
			[["CR0.48FE0.52HT",["NI","CR"],[0.01727030883416039,0.5010663576146481]],["CR",["NI","CR"],[0.017140619558288273,0.6273754976070688]]],
			[["CR0.48FE0.52HT",["NI","CR"],[0.014385811349931388,0.5010315186670045]],["CR",["NI","CR"],[0.014688044027732217,0.6259776537838297]]],
			[["CR0.48FE0.52HT",["NI","CR"],[0.011501313865702384,0.5009966797193609]],["CR",["NI","CR"],[0.012235468497176188,0.6245798099605908]]],
			[["CR0.48FE0.52HT",["NI","CR"],[0.008616816381473408,0.5009618407717172]],["CR",["NI","CR"],[0.009782892966620133,0.6231819661373519]]],
			[["CR0.48FE0.52HT",["NI","CR"],[0.005732318897244348,0.5009270018240737]],["CR",["NI","CR"],[0.007330317436064077,0.6217841223141128]]],
			[["CR0.48FE0.52HT",["NI","CR"],[0.0028478214130153445,0.50089216287643]],["CR",["NI","CR"],[0.004877741905508048,0.6203862784908739]]]],
	"reference": "C-A58757"
}