{
    "components": [
        "CR",
        "FE",
        "MO"
    ],
    "phases": [
        "MO5.1FE7.9RT",
        "CR0.20MO0.17FE0.63",
        "(CR0.48FE0.52HT,MO0.5FE0.5HT)",
        "CR0.20MO0.17FE0.63"
    ],
    "conditions": {
        "P": [
            101325
        ],
        "T": [
            923,
            923,
            923,
            923,
            923,
            923,
            923,
            923,
            923,
            923,
            923,
            923,
            923,
            923,
            923,
            923,
            923,
            923,
            923,
            923,
            923,
            923,
            923,
            923,
            923,
            923,
            923,
            923,
            923,
            923,
            923,
            923,
            923,
            923,
            923,
            923,
            923,
            923,
            923,
            923,
            923,
            923
        ]
    },
    "broadcast_conditions": false,
    "output": "ZPF",
    "values":
			[[["MO5.1FE7.9RT",["MO","CR"],[0.38156337019192227,0.08413937019192241]],["CR0.20MO0.17FE0.63",["MO","CR"],[0.37771784908314876,0.2608158490831487]],["(CR0.48FE0.52HT,MO0.5FE0.5HT)",["MO","CR"],[0.8580656622781972,0.04324566227819715]]],
			[["MO5.1FE7.9RT",["MO","CR"],[0.3800474072378022,0.08526101699389965]],["CR0.20MO0.17FE0.63",["MO","CR"],[0.3752104915859459,0.2596158574396046]]],
			[["MO5.1FE7.9RT",["MO","CR"],[0.37904550199734155,0.08571272150953657]],["CR0.20MO0.17FE0.63",["MO","CR"],[0.37318676341412405,0.25911349512144133]]],
			[["MO5.1FE7.9RT",["MO","CR"],[0.3780435967568809,0.08616442602517349]],["CR0.20MO0.17FE0.63",["MO","CR"],[0.37318676341412405,0.25911349512144133]]],
			[["MO5.1FE7.9RT",["MO","CR"],[0.3770416915164202,0.0866161305408103]],["CR0.20MO0.17FE0.63",["MO","CR"],[0.3711630352423023,0.25861113280327785]]],
			[["MO5.1FE7.9RT",["MO","CR"],[0.3760397862759594,0.08706783505644733]],["CR0.20MO0.17FE0.63",["MO","CR"],[0.3691393070704805,0.2581087704851146]]],
			[["MO5.1FE7.9RT",["MO","CR"],[0.3750378810354987,0.08751953957208403]],["CR0.20MO0.17FE0.63",["MO","CR"],[0.36711557889865865,0.25760640816695135]]],
			[["MO5.1FE7.9RT",["MO","CR"],[0.37403597579503806,0.08797124408772095]],["CR0.20MO0.17FE0.63",["MO","CR"],[0.3650918507268368,0.2571040458487881]]],
			[["MO5.1FE7.9RT",["MO","CR"],[0.3730340705545773,0.08842294860335786]],["CR0.20MO0.17FE0.63",["MO","CR"],[0.3630681225550151,0.25660168353062474]]],
			[["MO5.1FE7.9RT",["MO","CR"],[0.37203216531411665,0.08887465311899467]],["CR0.20MO0.17FE0.63",["MO","CR"],[0.36104439438319325,0.2560993212124615]]],
			[["MO5.1FE7.9RT",["MO","CR"],[0.37103026007365597,0.08932635763463148]],["CR0.20MO0.17FE0.63",["MO","CR"],[0.3590206662113714,0.25559695889429823]]],
			[["MO5.1FE7.9RT",["MO","CR"],[0.3700283548331953,0.0897780621502684]],["CR0.20MO0.17FE0.63",["MO","CR"],[0.35699693803954957,0.255094596576135]]],
			[["MO5.1FE7.9RT",["MO","CR"],[0.36902644959273456,0.09022976666590521]],["CR0.20MO0.17FE0.63",["MO","CR"],[0.35497320986772773,0.25459223425797173]]],
			[["MO5.1FE7.9RT",["MO","CR"],[0.3680245443522739,0.09068147118154202]],["CR0.20MO0.17FE0.63",["MO","CR"],[0.352949481695906,0.25408987193980836]]],
			[["MO5.1FE7.9RT",["MO","CR"],[0.36702263911181326,0.09113317569717894]],["CR0.20MO0.17FE0.63",["MO","CR"],[0.35092575352408417,0.2535875096216451]]],
			[["MO5.1FE7.9RT",["MO","CR"],[0.36602073387135253,0.09158488021281586]],["CR0.20MO0.17FE0.63",["MO","CR"],[0.34890202535226233,0.25308514730348186]]],
			[["MO5.1FE7.9RT",["MO","CR"],[0.36501882863089175,0.09203658472845277]],["CR0.20MO0.17FE0.63",["MO","CR"],[0.3468782971804405,0.2525827849853186]]],
			[["MO5.1FE7.9RT",["MO","CR"],[0.36401692339043107,0.0924882892440897]],["CR0.20MO0.17FE0.63",["MO","CR"],[0.34485456900861877,0.25208042266715536]]],
			[["MO5.1FE7.9RT",["MO","CR"],[0.3630150181499704,0.0929399937597265]],["CR0.20MO0.17FE0.63",["MO","CR"],[0.34283084083679694,0.2515780603489921]]],
			[["MO5.1FE7.9RT",["MO","CR"],[0.36201311290950966,0.09339169827536331]],["CR0.20MO0.17FE0.63",["MO","CR"],[0.3408071126649751,0.25107569803082885]]],
			[["MO5.1FE7.9RT",["MO","CR"],[0.361011207669049,0.09384340279100023]],["CR0.20MO0.17FE0.63",["MO","CR"],[0.33878338449315326,0.2505733357126656]]],
			[["MO5.1FE7.9RT",["MO","CR"],[0.3600093024285883,0.09429510730663704]],["CR0.20MO0.17FE0.63",["MO","CR"],[0.3367596563213314,0.25007097339450235]]],
			[["MO5.1FE7.9RT",["MO","CR"],[0.35900739718812763,0.09474681182227385]],["CR0.20MO0.17FE0.63",["MO","CR"],[0.3347359281495097,0.24956861107633888]]],
			[["MO5.1FE7.9RT",["MO","CR"],[0.35800549194766695,0.09519851633791077]],["CR0.20MO0.17FE0.63",["MO","CR"],[0.33271219997768786,0.24906624875817562]]],
			[["MO5.1FE7.9RT",["MO","CR"],[0.3570035867072063,0.09565022085354768]],["CR0.20MO0.17FE0.63",["MO","CR"],[0.330688471805866,0.24856388644001237]]],
			[["MO5.1FE7.9RT",["MO","CR"],[0.35600168146674555,0.09610192536918438]],["CR0.20MO0.17FE0.63",["MO","CR"],[0.3286647436340442,0.24806152412184912]]],
			[["MO5.1FE7.9RT",["MO","CR"],[0.35499977622628476,0.09655362988482141]],["CR0.20MO0.17FE0.63",["MO","CR"],[0.32664101546222246,0.24755916180368587]]],
			[["MO5.1FE7.9RT",["MO","CR"],[0.3539978709858241,0.09700533440045822]],["CR0.20MO0.17FE0.63",["MO","CR"],[0.3246172872904006,0.24705679948552262]]],
			[["MO5.1FE7.9RT",["MO","CR"],[0.3529959657453634,0.09745703891609514]],["CR0.20MO0.17FE0.63",["MO","CR"],[0.3225935591185788,0.24655443716735936]]],
			[["MO5.1FE7.9RT",["MO","CR"],[0.35199406050490273,0.09790874343173206]],["CR0.20MO0.17FE0.63",["MO","CR"],[0.32056983094675695,0.2460520748491961]]],
			[["MO5.1FE7.9RT",["MO","CR"],[0.35099215526444205,0.09836044794736887]],["CR0.20MO0.17FE0.63",["MO","CR"],[0.31854610277493517,0.24554971253103286]]],
			[["MO5.1FE7.9RT",["MO","CR"],[0.3499902500239814,0.09881215246300568]],["CR0.20MO0.17FE0.63",["MO","CR"],[0.3165223746031134,0.24504735021286939]]],
			[["MO5.1FE7.9RT",["MO","CR"],[0.34898834478352064,0.0992638569786426]],["CR0.20MO0.17FE0.63",["MO","CR"],[0.3144986464312916,0.24454498789470613]]],
			[["MO5.1FE7.9RT",["MO","CR"],[0.34798643954305997,0.0997155614942794]],["CR0.20MO0.17FE0.63",["MO","CR"],[0.31247491825946977,0.24404262557654288]]],
			[["MO5.1FE7.9RT",["MO","CR"],[0.3469845343025993,0.10016726600991621]],["CR0.20MO0.17FE0.63",["MO","CR"],[0.31045119008764793,0.24354026325837963]]],
			[["MO5.1FE7.9RT",["MO","CR"],[0.3459826290621386,0.10061897052555313]],["CR0.20MO0.17FE0.63",["MO","CR"],[0.30842746191582604,0.24303790094021638]]],
			[["MO5.1FE7.9RT",["MO","CR"],[0.34498072382167794,0.10107067504119005]],["CR0.20MO0.17FE0.63",["MO","CR"],[0.30640373374400437,0.24253553862205313]]],
			[["MO5.1FE7.9RT",["MO","CR"],[0.34397881858121715,0.10152237955682697]],["CR0.20MO0.17FE0.63",["MO","CR"],[0.30438000557218253,0.24203317630388987]]],
			[["MO5.1FE7.9RT",["MO","CR"],[0.3429769133407564,0.10197408407246378]],["CR0.20MO0.17FE0.63",["MO","CR"],[0.3023562774003607,0.24153081398572662]]],
			[["MO5.1FE7.9RT",["MO","CR"],[0.34197500810029574,0.10242578858810059]],["CR0.20MO0.17FE0.63",["MO","CR"],[0.30033254922853886,0.24102845166756337]]],
			[["MO5.1FE7.9RT",["MO","CR"],[0.34097310285983506,0.1028774931037375]],["CR0.20MO0.17FE0.63",["MO","CR"],[0.29830882105671713,0.2405260893493999]]],
			[["CR0.20MO0.17FE0.63",["MO","CR"],[0.2146820581694892,0.2264740581694893]],["MO5.1FE7.9RT",["MO","CR"],[0.33961996437239683,0.10304996437239689]],["CR0.20MO0.17FE0.63",["MO","CR"],[0.2936722677261945,0.2399522677261945]]]],
	"reference": "C-A58757"
}