{
    "components": [
        "CR",
        "FE",
        "MO"
    ],
    "phases": [
        "CR0.20MO0.17FE0.63",
        "MO5.1FE7.9RT",
        "CR",
        "CR0.20MO0.17FE0.63"
    ],
    "conditions": {
        "P": [
            101325
        ],
        "T": [
            923,
            923,
            923,
            923,
            923,
            923,
            923,
            923,
            923,
            923,
            923,
            923,
            923,
            923,
            923,
            923,
            923,
            923,
            923,
            923,
            923,
            923,
            923,
            923,
            923,
            923,
            923,
            923,
            923,
            923,
            923,
            923,
            923,
            923,
            923,
            923,
            923,
            923,
            923,
            923,
            923,
            923,
            923,
            923,
            923
        ]
    },
    "broadcast_conditions": false,
    "output": "ZPF",
    "values":
			[[["CR0.20MO0.17FE0.63",["MO","CR"],[0.2146820581694892,0.2264740581694893]],["MO5.1FE7.9RT",["MO","CR"],[0.33961996437239683,0.10304996437239689]],["CR0.20MO0.17FE0.63",["MO","CR"],[0.2936722677261945,0.2399522677261945]]],
			[["CR0.20MO0.17FE0.63",["MO","CR"],[0.21354629851346862,0.23035078612268767]],["CR0.20MO0.17FE0.63",["MO","CR"],[0.28869368604394985,0.24613210727505197]]],
			[["CR0.20MO0.17FE0.63",["MO","CR"],[0.2122092086235915,0.23364018384202967]],["CR0.20MO0.17FE0.63",["MO","CR"],[0.28447684534084705,0.251889687803051]]],
			[["CR0.20MO0.17FE0.63",["MO","CR"],[0.21087211873371442,0.23692958156137167]],["CR0.20MO0.17FE0.63",["MO","CR"],[0.28447684534084705,0.251889687803051]]],
			[["CR0.20MO0.17FE0.63",["MO","CR"],[0.20932762348148742,0.24023378200178325]],["CR0.20MO0.17FE0.63",["MO","CR"],[0.2802518261711306,0.2576439375967001]]],
			[["CR0.20MO0.17FE0.63",["MO","CR"],[0.2077323066977651,0.24354160962399274]],["CR0.20MO0.17FE0.63",["MO","CR"],[0.27584670412276396,0.2633248393077807]]],
			[["CR0.20MO0.17FE0.63",["MO","CR"],[0.20613698991404283,0.24684943724620212]],["CR0.20MO0.17FE0.63",["MO","CR"],[0.27144158207439734,0.26900574101886154]]],
			[["CR0.20MO0.17FE0.63",["MO","CR"],[0.20433876405094636,0.25015021975832497]],["CR0.20MO0.17FE0.63",["MO","CR"],[0.2670034146982511,0.27467000157685884]]],
			[["CR0.20MO0.17FE0.63",["MO","CR"],[0.20246205377183607,0.2534482772501945]],["CR0.20MO0.17FE0.63",["MO","CR"],[0.2623854848080597,0.28024373631121047]]],
			[["CR0.20MO0.17FE0.63",["MO","CR"],[0.20058534349272578,0.256746334742064]],["CR0.20MO0.17FE0.63",["MO","CR"],[0.2577675549178683,0.2858174710455621]]],
			[["CR0.20MO0.17FE0.63",["MO","CR"],[0.19842304864345833,0.25999472368971]],["CR0.20MO0.17FE0.63",["MO","CR"],[0.2530470396386908,0.29132609389053377]]],
			[["CR0.20MO0.17FE0.63",["MO","CR"],[0.19624286670930868,0.2632400017358598]],["CR0.20MO0.17FE0.63",["MO","CR"],[0.2481924381541214,0.2967496109883898]]],
			[["CR0.20MO0.17FE0.63",["MO","CR"],[0.19391941716218608,0.2664320359212299]],["CR0.20MO0.17FE0.63",["MO","CR"],[0.24333783666955203,0.30217312808624586]]],
			[["CR0.20MO0.17FE0.63",["MO","CR"],[0.19141678674604384,0.2695574794721465]],["CR0.20MO0.17FE0.63",["MO","CR"],[0.23825704147600135,0.30741057418373474]]],
			[["CR0.20MO0.17FE0.63",["MO","CR"],[0.18884684152571052,0.2726366280253092]],["CR0.20MO0.17FE0.63",["MO","CR"],[0.23314485105489216,0.31262219400415836]]],
			[["CR0.20MO0.17FE0.63",["MO","CR"],[0.18602116928098045,0.2755399032002115]],["CR0.20MO0.17FE0.63",["MO","CR"],[0.2279029198390235,0.31768950751480185]]],
			[["CR0.20MO0.17FE0.63",["MO","CR"],[0.18313853190972795,0.2783687887708599]],["CR0.20MO0.17FE0.63",["MO","CR"],[0.22252365495483706,0.3226040694185184]]],
			[["CR0.20MO0.17FE0.63",["MO","CR"],[0.18002750901398157,0.2808994303135989]],["CR0.20MO0.17FE0.63",["MO","CR"],[0.21708111740100908,0.32741652814918165]]],
			[["CR0.20MO0.17FE0.63",["MO","CR"],[0.17685070932007585,0.2832200441615058]],["CR0.20MO0.17FE0.63",["MO","CR"],[0.21144565421098038,0.33191766257930533]]],
			[["CR0.20MO0.17FE0.63",["MO","CR"],[0.17356344538301832,0.28518794168694384]],["CR0.20MO0.17FE0.63",["MO","CR"],[0.2057799602590653,0.3363375815486852]]],
			[["CR0.20MO0.17FE0.63",["MO","CR"],[0.17028534965283398,0.2866574073079089]],["CR0.20MO0.17FE0.63",["MO","CR"],[0.1999358386055699,0.3402781514349116]]],
			[["CR0.20MO0.17FE0.63",["MO","CR"],[0.1670131239778327,0.2878739343853587]],["CR0.20MO0.17FE0.63",["MO","CR"],[0.19407469025945204,0.34410701285723666]]],
			[["CR0.20MO0.17FE0.63",["MO","CR"],[0.16397628132657344,0.28825529092438806]],["CR0.20MO0.17FE0.63",["MO","CR"],[0.18811957563439258,0.3473193817573905]]],
			[["CR0.20MO0.17FE0.63",["MO","CR"],[0.16106113314948406,0.2883957339300369]],["CR0.20MO0.17FE0.63",["MO","CR"],[0.18217354612271894,0.35032333025146356]]],
			[["CR0.20MO0.17FE0.63",["MO","CR"],[0.15842924804715525,0.2879754127047516]],["CR0.20MO0.17FE0.63",["MO","CR"],[0.1762570390288077,0.35265000879443775]]],
			[["CR0.20MO0.17FE0.63",["MO","CR"],[0.15601936540347866,0.2872400344455568]],["CR0.20MO0.17FE0.63",["MO","CR"],[0.17041451169186886,0.35463904990405226]]],
			[["CR0.20MO0.17FE0.63",["MO","CR"],[0.15386151630744827,0.286146980228856]],["CR0.20MO0.17FE0.63",["MO","CR"],[0.16471470509344183,0.35597672548057435]]],
			[["CR0.20MO0.17FE0.63",["MO","CR"],[0.15190608792901117,0.2848266151570388]],["CR0.20MO0.17FE0.63",["MO","CR"],[0.15917181094158642,0.3568981227399741]]],
			[["CR0.20MO0.17FE0.63",["MO","CR"],[0.15021450695642125,0.28320995936875526]],["CR0.20MO0.17FE0.63",["MO","CR"],[0.15385050222697522,0.3572316685259551]]],
			[["CR0.20MO0.17FE0.63",["MO","CR"],[0.14858133660359357,0.28153870119177293]],["CR0.20MO0.17FE0.63",["MO","CR"],[0.1487198225960001,0.35719826878758665]]],
			[["CR0.20MO0.17FE0.63",["MO","CR"],[0.14731147432009212,0.27952782175243285]],["CR0.20MO0.17FE0.63",["MO","CR"],[0.1438840857876302,0.3565971280380902]]],
			[["CR0.20MO0.17FE0.63",["MO","CR"],[0.14604161203659066,0.27751694231309276]],["CR0.20MO0.17FE0.63",["MO","CR"],[0.1391612892157688,0.35582188396385717]]],
			[["CR0.20MO0.17FE0.63",["MO","CR"],[0.14496857106019534,0.2753483313785724]],["CR0.20MO0.17FE0.63",["MO","CR"],[0.1348513177313746,0.35441024826796164]]],
			[["CR0.20MO0.17FE0.63",["MO","CR"],[0.14406730316992933,0.2730420624531298]],["CR0.20MO0.17FE0.63",["MO","CR"],[0.13054134624698038,0.3529986125720661]]],
			[["CR0.20MO0.17FE0.63",["MO","CR"],[0.14316603527966332,0.27073579352768706]],["CR0.20MO0.17FE0.63",["MO","CR"],[0.12665741989924573,0.35103087671063793]]],
			[["CR0.20MO0.17FE0.63",["MO","CR"],[0.14245103846970952,0.2682992414505523]],["CR0.20MO0.17FE0.63",["MO","CR"],[0.12286290207057088,0.348946439382696]]],
			[["CR0.20MO0.17FE0.63",["MO","CR"],[0.141869225403784,0.2657695369747892]],["CR0.20MO0.17FE0.63",["MO","CR"],[0.11915359328770214,0.34676440730307156]]],
			[["CR0.20MO0.17FE0.63",["MO","CR"],[0.14128741233785846,0.26323983249902616]],["CR0.20MO0.17FE0.63",["MO","CR"],[0.11583276170744489,0.3441374302558742]]],
			[["CR0.20MO0.17FE0.63",["MO","CR"],[0.14077617110321222,0.26066656459331994]],["CR0.20MO0.17FE0.63",["MO","CR"],[0.11251193012718763,0.3415104532086767]]],
			[["CR0.20MO0.17FE0.63",["MO","CR"],[0.1404706881051911,0.25796628376526276]],["CR0.20MO0.17FE0.63",["MO","CR"],[0.10928968249377324,0.3387819091714259]]],
			[["CR0.20MO0.17FE0.63",["MO","CR"],[0.14016520510716984,0.2552660029372058]],["CR0.20MO0.17FE0.63",["MO","CR"],[0.10639010921684727,0.335720927001949]]],
