{
    "components": [
        "CR",
        "FE",
        "MO"
    ],
    "phases": [
        "MO5.1FE7.9RT",
        "CR",
        "CR0.20MO0.17FE0.63"
    ],
    "conditions": {
        "P": [
            101325
        ],
        "T": [
            923,
            923,
            923,
            923,
            923,
            923,
            923,
            923,
            923,
            923,
            923,
            923,
            923,
            923,
            923,
            923,
            923,
            923,
            923,
            923,
            923,
            923,
            923,
            923,
            923,
            923,
            923,
            923,
            923,
            923,
            923,
            923,
            923,
            923,
            923,
            923,
            923,
            923,
            923,
            923,
            923
        ]
    },
    "broadcast_conditions": false,
    "output": "ZPF",
    "values":
			[[["CR0.20MO0.17FE0.63",["MO","CR"],[0.1981754018985739,0.16396340189857406]],["MO5.1FE7.9RT",["MO","CR"],[0.3127266637391225,0.053446663739122546]],["CR",["MO","CR"],[0.02832715328944413,0.10213715328944417]]],
			[["MO5.1FE7.9RT",["MO","CR"],[0.3140982406937852,0.05169228947427318]],["CR",["MO","CR"],[0.029050289300474208,0.09914759031756581]]],
			[["MO5.1FE7.9RT",["MO","CR"],[0.3154950368123152,0.05040113437329108]],["CR",["MO","CR"],[0.029243859068234013,0.09671646110241705]]],
			[["MO5.1FE7.9RT",["MO","CR"],[0.31689183293084533,0.04910997927230876]],["CR",["MO","CR"],[0.029243859068234013,0.09671646110241705]]],
			[["MO5.1FE7.9RT",["MO","CR"],[0.3182886290493753,0.04781882417132666]],["CR",["MO","CR"],[0.02944566993571135,0.09428173870792733]]],
			[["MO5.1FE7.9RT",["MO","CR"],[0.31968542516790527,0.046527669070344446]],["CR",["MO","CR"],[0.029650388840147535,0.09184574838819937]]],
			[["MO5.1FE7.9RT",["MO","CR"],[0.3210822212864353,0.045236513969362235]],["CR",["MO","CR"],[0.02985899148285337,0.08940807906638404]]],
			[["MO5.1FE7.9RT",["MO","CR"],[0.32247901740496526,0.043945358868380024]],["CR",["MO","CR"],[0.03007539993793501,0.08696703516719895]]],
			[["MO5.1FE7.9RT",["MO","CR"],[0.32387581352349537,0.042654203767397814]],["CR",["MO","CR"],[0.030291808393016706,0.08452599126801397]]],
			[["MO5.1FE7.9RT",["MO","CR"],[0.32527260964202537,0.0413630486664156]],["CR",["MO","CR"],[0.030519750008279667,0.0820800066378089]]],
			[["MO5.1FE7.9RT",["MO","CR"],[0.3266694057605553,0.04007189356543339]],["CR",["MO","CR"],[0.030748712924856147,0.07963358448874525]]],
			[["MO5.1FE7.9RT",["MO","CR"],[0.3280662018790853,0.03878073846445129]],["CR",["MO","CR"],[0.03098406083458982,0.07718445327229007]]],
			[["MO5.1FE7.9RT",["MO","CR"],[0.3294629979976153,0.03748958336346919]],["CR",["MO","CR"],[0.031225824157692594,0.07473260008155358]]],
			[["MO5.1FE7.9RT",["MO","CR"],[0.3308597941161454,0.03619842826248687]],["CR",["MO","CR"],[0.03146854632462809,0.07228034405637329]]],
			[["MO5.1FE7.9RT",["MO","CR"],[0.33225659023467535,0.03490727316150466]],["CR",["MO","CR"],[0.0317231693868022,0.06982308816536553]]],
			[["MO5.1FE7.9RT",["MO","CR"],[0.3336533863532054,0.03361611806052256]],["CR",["MO","CR"],[0.03197779244897636,0.06736583227435766]]],
			[["MO5.1FE7.9RT",["MO","CR"],[0.33505018247173535,0.03232496295954035]],["CR",["MO","CR"],[0.032241316100163286,0.0649048755476278]]],
			[["MO5.1FE7.9RT",["MO","CR"],[0.3364469785902653,0.031033807858558138]],["CR",["MO","CR"],[0.032509733184674094,0.06244188414736962]]],
			[["MO5.1FE7.9RT",["MO","CR"],[0.33784377470879545,0.029742652757575927]],["CR",["MO","CR"],[0.03278113555720147,0.05997766498224055]]],
			[["MO5.1FE7.9RT",["MO","CR"],[0.3392405708273254,0.028451497656593716]],["CR",["MO","CR"],[0.03306358091783468,0.05750890414716403]]],
			[["MO5.1FE7.9RT",["MO","CR"],[0.3406373669458554,0.027160342555611505]],["CR",["MO","CR"],[0.033346026278467944,0.05504014331208773]]],
			[["MO5.1FE7.9RT",["MO","CR"],[0.3420341630643854,0.025869187454629405]],["CR",["MO","CR"],[0.033639485398538505,0.05256690341021386]]],
			[["MO5.1FE7.9RT",["MO","CR"],[0.3434309591829154,0.024578032353647306]],["CR",["MO","CR"],[0.03393609619170218,0.05009238178847064]]],
			[["MO5.1FE7.9RT",["MO","CR"],[0.34482775530144544,0.023286877252664873]],["CR",["MO","CR"],[0.034237706723150574,0.04761585042251526]]],
			[["MO5.1FE7.9RT",["MO","CR"],[0.3462245514199755,0.021995722151682884]],["CR",["MO","CR"],[0.034549012307196814,0.045135421937403386]]],
			[["MO5.1FE7.9RT",["MO","CR"],[0.34762134753850543,0.020704567050700673]],["CR",["MO","CR"],[0.03486031789124311,0.04265499345229151]]],
			[["MO5.1FE7.9RT",["MO","CR"],[0.3490181436570354,0.019413411949718462]],["CR",["MO","CR"],[0.035185019371172854,0.04016924493843388]]],
			[["MO5.1FE7.9RT",["MO","CR"],[0.3504149397755654,0.01812225684873625]],["CR",["MO","CR"],[0.03551118268649739,0.037682915873160416]]],
			[["MO5.1FE7.9RT",["MO","CR"],[0.35181173589409537,0.01683110174775404]],["CR",["MO","CR"],[0.03584477733372482,0.03519367318468747]]],
			[["MO5.1FE7.9RT",["MO","CR"],[0.35320853201262553,0.01553994664677183]],["CR",["MO","CR"],[0.03618700862262347,0.03270104430382448]]],
			[["MO5.1FE7.9RT",["MO","CR"],[0.3546053281311555,0.014248791545789619]],["CR",["MO","CR"],[0.03652961641987512,0.03020826978468749]]],
			[["MO5.1FE7.9RT",["MO","CR"],[0.35600212424968547,0.012957636444807519]],["CR",["MO","CR"],[0.036887820124815285,0.027709462567845566]]],
			[["MO5.1FE7.9RT",["MO","CR"],[0.35739892036821547,0.011666481343825419]],["CR",["MO","CR"],[0.03724602382975539,0.02521065535100364]]],
			[["MO5.1FE7.9RT",["MO","CR"],[0.3587957164867454,0.010375326242843208]],["CR",["MO","CR"],[0.03761403422281423,0.02270810759261166]]],
			[["MO5.1FE7.9RT",["MO","CR"],[0.3601925126052755,0.009084171141860886]],["CR",["MO","CR"],[0.03798899119262533,0.020202910218094616]]],
			[["MO5.1FE7.9RT",["MO","CR"],[0.3615893087238055,0.007793016040878786]],["CR",["MO","CR"],[0.038366453045726834,0.017696771264621658]]],
			[["MO5.1FE7.9RT",["MO","CR"],[0.3629861048423355,0.006501860939896575]],["CR",["MO","CR"],[0.03875817863070041,0.01518527061233732]]],
			[["MO5.1FE7.9RT",["MO","CR"],[0.36438290096086545,0.0052107058389143646]],["CR",["MO","CR"],[0.039149904215673825,0.012673769960052983]]],
			[["MO5.1FE7.9RT",["MO","CR"],[0.3657796970793955,0.003919550737932265]],["CR",["MO","CR"],[0.03955426804254514,0.0101575906124578]]],
			[["MO5.1FE7.9RT",["MO","CR"],[0.36717649319792556,0.002628395636949943]],["CR",["MO","CR"],[0.0399636562698939,0.00763955122458615]]],
			[["MO5.1FE7.9RT",["MO","CR"],[0.36857328931645555,0.001337240535967732]],["CR",["MO","CR"],[0.04037830752476296,0.005119595021303658]]]],
	"reference": "C-A58757"
}