{
    "components": [
        "CR",
        "FE",
        "MO"
    ],
    "phases": [
        "CR",
        "CR0.20MO0.17FE0.63"
    ],
    "conditions": {
        "P": [
            101325
        ],
        "T": [
            923,
            923,
            923,
            923,
            923,
            923,
            923,
            923,
            923,
            923,
            923,
            923,
            923,
            923,
            923,
            923,
            923,
            923,
            923,
            923,
            923,
            923,
            923,
            923,
            923,
            923,
            923,
            923,
            923,
            923,
            923,
            923,
            923,
            923,
            923,
            923,
            923,
            923,
            923,
            923
        ]
    },
    "broadcast_conditions": false,
    "output": "ZPF",
    "values":
			[[["CR",["MO","CR"],[0.00015301569754216926,0.3859661864292494]],["CR0.20MO0.17FE0.63",["MO","CR"],[0,0.4485415832318045]]],
			[["CR",["MO","CR"],[0.00014806440544190558,0.3859684058688565]],["CR0.20MO0.17FE0.63",["MO","CR"],[0,0.4485415832318045]]],
			[["CR",["MO","CR"],[0.0001431131133416419,0.3859706253084636]],["CR0.20MO0.17FE0.63",["MO","CR"],[0,0.4485415832318045]]],
			[["CR",["MO","CR"],[0.0001381618212413782,0.3859728447480706]],["CR0.20MO0.17FE0.63",["MO","CR"],[0,0.4485415832318045]]],
			[["CR",["MO","CR"],[0.00013321052914111453,0.3859750641876776]],["CR0.20MO0.17FE0.63",["MO","CR"],[0,0.4485415832318045]]],
			[["CR",["MO","CR"],[0.00012825923704073983,0.3859772836272847]],["CR0.20MO0.17FE0.63",["MO","CR"],[0,0.4485415832318045]]],
			[["CR",["MO","CR"],[0.00012330794494047614,0.38597950306689177]],["CR0.20MO0.17FE0.63",["MO","CR"],[0,0.4485415832318045]]],
			[["CR",["MO","CR"],[0.00011835665284021246,0.38598172250649876]],["CR0.20MO0.17FE0.63",["MO","CR"],[0,0.4485415832318045]]],
			[["CR",["MO","CR"],[0.00011340536073994878,0.38598394194610575]],["CR0.20MO0.17FE0.63",["MO","CR"],[0,0.4485415832318045]]],
			[["CR",["MO","CR"],[0.0001084540686396851,0.38598616138571284]],["CR0.20MO0.17FE0.63",["MO","CR"],[0,0.4485415832318045]]],
			[["CR",["MO","CR"],[0.00010350277653942141,0.38598838082531994]],["CR0.20MO0.17FE0.63",["MO","CR"],[0,0.4485415832318045]]],
			[["CR",["MO","CR"],[0,0.38599060026492693]],["CR0.20MO0.17FE0.63",["MO","CR"],[0,0.4485415832318045]]],
			[["CR",["MO","CR"],[0,0.3859928197045339]],["CR0.20MO0.17FE0.63",["MO","CR"],[0,0.4485415832318045]]],
			[["CR",["MO","CR"],[0,0.3859950391441409]],["CR0.20MO0.17FE0.63",["MO","CR"],[0,0.4485415832318045]]],
			[["CR",["MO","CR"],[0,0.385997258583748]],["CR0.20MO0.17FE0.63",["MO","CR"],[0,0.4485415832318045]]],
			[["CR",["MO","CR"],[0,0.3859994780233551]],["CR0.20MO0.17FE0.63",["MO","CR"],[0,0.4485415832318045]]],
			[["CR",["MO","CR"],[0,0.3860016974629621]],["CR0.20MO0.17FE0.63",["MO","CR"],[0,0.4485415832318045]]],
			[["CR",["MO","CR"],[0,0.3860039169025691]],["CR0.20MO0.17FE0.63",["MO","CR"],[0,0.4485415832318045]]],
			[["CR",["MO","CR"],[0,0.3860061363421762]],["CR0.20MO0.17FE0.63",["MO","CR"],[0,0.4485415832318045]]],
			[["CR",["MO","CR"],[0,0.3860083557817833]],["CR0.20MO0.17FE0.63",["MO","CR"],[0,0.4485415832318045]]],
			[["CR",["MO","CR"],[0,0.38601057522139026]],["CR0.20MO0.17FE0.63",["MO","CR"],[0,0.4485415832318045]]],
			[["CR",["MO","CR"],[0,0.38601279466099736]],["CR0.20MO0.17FE0.63",["MO","CR"],[0,0.4485415832318045]]],
			[["CR",["MO","CR"],[0,0.38601501410060446]],["CR0.20MO0.17FE0.63",["MO","CR"],[0,0.4485415832318045]]],
			[["CR",["MO","CR"],[0,0.38601723354021145]],["CR0.20MO0.17FE0.63",["MO","CR"],[0,0.4485415832318045]]],
			[["CR",["MO","CR"],[0,0.38601945297981843]],["CR0.20MO0.17FE0.63",["MO","CR"],[0,0.4485415832318045]]],
			[["CR",["MO","CR"],[0,0.38602167241942553]],["CR0.20MO0.17FE0.63",["MO","CR"],[0,0.4485415832318045]]],
			[["CR",["MO","CR"],[0,0.38602389185903263]],["CR0.20MO0.17FE0.63",["MO","CR"],[0,0.4485415832318045]]],
			[["CR",["MO","CR"],[0,0.3860261112986396]],["CR0.20MO0.17FE0.63",["MO","CR"],[0,0.4485415832318045]]],
			[["CR",["MO","CR"],[0,0.3860283307382466]],["CR0.20MO0.17FE0.63",["MO","CR"],[0,0.4485415832318045]]],
			[["CR",["MO","CR"],[0,0.3860305501778537]],["CR0.20MO0.17FE0.63",["MO","CR"],[0,0.4485415832318045]]],
			[["CR",["MO","CR"],[0,0.3860327696174607]],["CR0.20MO0.17FE0.63",["MO","CR"],[0,0.4485415832318045]]],
			[["CR",["MO","CR"],[0,0.3860349890570678]],["CR0.20MO0.17FE0.63",["MO","CR"],[0,0.4485415832318045]]],
			[["CR",["MO","CR"],[0,0.3860372084966748]],["CR0.20MO0.17FE0.63",["MO","CR"],[0,0.4485415832318045]]],
			[["CR",["MO","CR"],[0,0.38603942793628176]],["CR0.20MO0.17FE0.63",["MO","CR"],[0,0.4485415832318045]]],
			[["CR",["MO","CR"],[0,0.38604164737588886]],["CR0.20MO0.17FE0.63",["MO","CR"],[0,0.4485415832318045]]],
			[["CR",["MO","CR"],[0,0.38604386681549596]],["CR0.20MO0.17FE0.63",["MO","CR"],[0,0.4485415832318045]]],
			[["CR",["MO","CR"],[0,0.38604608625510295]],["CR0.20MO0.17FE0.63",["MO","CR"],[0,0.4485415832318045]]],
			[["CR",["MO","CR"],[0,0.38604830569470994]],["CR0.20MO0.17FE0.63",["MO","CR"],[0,0.4485415832318045]]],
			[["CR",["MO","CR"],[0,0.38605052513431704]],["CR0.20MO0.17FE0.63",["MO","CR"],[0,0.4485415832318045]]],
			[["CR",["MO","CR"],[0,0.38605274457392413]],["CR0.20MO0.17FE0.63",["MO","CR"],[0,0.4485415832318045]]]],
	"reference": "C-A58757"
}