{
    "components": [
        "CR",
        "FE",
        "MO"
    ],
    "phases": [
        "CR0.20MO0.17FE0.63",
        "MO5.1FE7.9RT",
        "CR"
    ],
    "conditions": {
        "P": [
            101325
        ],
        "T": [
            923,
            923,
            923,
            923,
            923,
            923,
            923,
            923,
            923,
            923,
            923,
            923,
            923,
            923,
            923,
            923,
            923,
            923,
            923,
            923,
            923,
            923,
            923,
            923,
            923,
            923,
            923,
            923,
            923,
            923,
            923,
            923,
            923,
            923,
            923,
            923,
            923,
            923,
            923,
            923,
            923,
            923
        ]
    },
    "broadcast_conditions": false,
    "output": "ZPF",
    "values":
			[[["CR0.20MO0.17FE0.63",["MO","CR"],[0.1981754018985739,0.16396340189857406]],["MO5.1FE7.9RT",["MO","CR"],[0.3127266637391225,0.053446663739122546]],["CR",["MO","CR"],[0.02832715328944413,0.10213715328944417]]],
			[["CR0.20MO0.17FE0.63",["MO","CR"],[0.20064454209653687,0.16403054922685545]],["MO5.1FE7.9RT",["MO","CR"],[0.31310210929272536,0.05539884100004233]]],
			[["CR0.20MO0.17FE0.63",["MO","CR"],[0.20223641057174924,0.16444842483238664]],["MO5.1FE7.9RT",["MO","CR"],[0.31374949038299926,0.056592953797633405]]],
			[["CR0.20MO0.17FE0.63",["MO","CR"],[0.2036972254593723,0.16504970160035404]],["MO5.1FE7.9RT",["MO","CR"],[0.31374949038299926,0.056592953797633405]]],
			[["CR0.20MO0.17FE0.63",["MO","CR"],[0.20515803875505184,0.16565098059614525]],["MO5.1FE7.9RT",["MO","CR"],[0.3143968714732734,0.05778706659522448]]],
			[["CR0.20MO0.17FE0.63",["MO","CR"],[0.2065164978849222,0.1663803429838363]],["MO5.1FE7.9RT",["MO","CR"],[0.3150442525635473,0.05898117939281544]]],
			[["CR0.20MO0.17FE0.63",["MO","CR"],[0.2078327531681286,0.16716251818856476]],["MO5.1FE7.9RT",["MO","CR"],[0.31569163365382125,0.060175292190406515]]],
			[["CR0.20MO0.17FE0.63",["MO","CR"],[0.2090776467026118,0.16802488412436034]],["MO5.1FE7.9RT",["MO","CR"],[0.31633901474409515,0.06136940498799759]]],
			[["CR0.20MO0.17FE0.63",["MO","CR"],[0.21023790305286694,0.16898235868347466]],["MO5.1FE7.9RT",["MO","CR"],[0.31698639583436916,0.06256351778558866]]],
			[["CR0.20MO0.17FE0.63",["MO","CR"],[0.21136094459478183,0.16997750613117668]],["MO5.1FE7.9RT",["MO","CR"],[0.31763377692464323,0.06375763058317963]]],
			[["CR0.20MO0.17FE0.63",["MO","CR"],[0.21235830193926286,0.1710998848338109]],["MO5.1FE7.9RT",["MO","CR"],[0.31828115801491713,0.0649517433807707]]],
			[["CR0.20MO0.17FE0.63",["MO","CR"],[0.21335486612748406,0.1722229890903011]],["MO5.1FE7.9RT",["MO","CR"],[0.31892853910519114,0.06614585617836177]]],
			[["CR0.20MO0.17FE0.63",["MO","CR"],[0.21418811750659594,0.17349548665601244]],["MO5.1FE7.9RT",["MO","CR"],[0.31957592019546505,0.06733996897595285]]],
			[["CR0.20MO0.17FE0.63",["MO","CR"],[0.21502136888570778,0.17476798422172368]],["MO5.1FE7.9RT",["MO","CR"],[0.320223301285739,0.06853408177354381]]],
			[["CR0.20MO0.17FE0.63",["MO","CR"],[0.21572881474905403,0.17614470464086385]],["MO5.1FE7.9RT",["MO","CR"],[0.32087068237601307,0.06972819457113477]]],
			[["CR0.20MO0.17FE0.63",["MO","CR"],[0.21639850919920434,0.1775527000003777]],["MO5.1FE7.9RT",["MO","CR"],[0.32151806346628703,0.07092230736872596]]],
			[["CR0.20MO0.17FE0.63",["MO","CR"],[0.21698861924298746,0.17902050959813165]],["MO5.1FE7.9RT",["MO","CR"],[0.322165444556561,0.07211642016631692]]],
			[["CR0.20MO0.17FE0.63",["MO","CR"],[0.2175014150544261,0.18054642721131087]],["MO5.1FE7.9RT",["MO","CR"],[0.3228128256468349,0.07331053296390799]]],
			[["CR0.20MO0.17FE0.63",["MO","CR"],[0.21798352386259007,0.18209330263890422]],["MO5.1FE7.9RT",["MO","CR"],[0.3234602067371089,0.07450464576149907]]],
			[["CR0.20MO0.17FE0.63",["MO","CR"],[0.21834694629808854,0.18372123541020668]],["MO5.1FE7.9RT",["MO","CR"],[0.3241075878273829,0.07569875855909003]]],
			[["CR0.20MO0.17FE0.63",["MO","CR"],[0.21871036873358707,0.18534916818150904]],["MO5.1FE7.9RT",["MO","CR"],[0.32475496891765687,0.0768928713566811]]],
			[["CR0.20MO0.17FE0.63",["MO","CR"],[0.2189544177947445,0.1870512402988087]],["MO5.1FE7.9RT",["MO","CR"],[0.32540235000793083,0.07808698415427218]]],
			[["CR0.20MO0.17FE0.63",["MO","CR"],[0.2191779833810324,0.18876603410919102]],["MO5.1FE7.9RT",["MO","CR"],[0.3260497310982048,0.07928109695186325]]],
			[["CR0.20MO0.17FE0.63",["MO","CR"],[0.21934500029016596,0.1905127998352243]],["MO5.1FE7.9RT",["MO","CR"],[0.32669711218847874,0.08047520974945432]]],
			[["CR0.20MO0.17FE0.63",["MO","CR"],[0.21944065798083578,0.19229991117194978]],["MO5.1FE7.9RT",["MO","CR"],[0.3273444932787527,0.0816693225470454]]],
			[["CR0.20MO0.17FE0.63",["MO","CR"],[0.2195363156715056,0.19408702250867527]],["MO5.1FE7.9RT",["MO","CR"],[0.32799187436902677,0.08286343534463636]]],
			[["CR0.20MO0.17FE0.63",["MO","CR"],[0.21951841770223762,0.19593261633490822]],["MO5.1FE7.9RT",["MO","CR"],[0.32863925545930067,0.08405754814222743]]],
			[["CR0.20MO0.17FE0.63",["MO","CR"],[0.21949625010085277,0.1977804090714872]],["MO5.1FE7.9RT",["MO","CR"],[0.3292866365495747,0.08525166093981851]]],
			[["CR0.20MO0.17FE0.63",["MO","CR"],[0.2194297852398821,0.19964897795162506]],["MO5.1FE7.9RT",["MO","CR"],[0.3299340176398486,0.08644577373740958]]],
			[["CR0.20MO0.17FE0.63",["MO","CR"],[0.21930033613733074,0.2015470874773304]],["MO5.1FE7.9RT",["MO","CR"],[0.33058139873012254,0.08763988653500054]]],
			[["CR0.20MO0.17FE0.63",["MO","CR"],[0.21917088703477955,0.20344519700303576]],["MO5.1FE7.9RT",["MO","CR"],[0.33122877982039667,0.08883399933259162]]],
			[["CR0.20MO0.17FE0.63",["MO","CR"],[0.21896611276163175,0.2053754916821613]],["MO5.1FE7.9RT",["MO","CR"],[0.33187616091067057,0.09002811213018269]]],
			[["CR0.20MO0.17FE0.63",["MO","CR"],[0.2187407221976418,0.2073145953487534]],["MO5.1FE7.9RT",["MO","CR"],[0.3325235420009445,0.09122222492777365]]],
			[["CR0.20MO0.17FE0.63",["MO","CR"],[0.21850854021274924,0.20925634240948765]],["MO5.1FE7.9RT",["MO","CR"],[0.3331709230912185,0.09241633772536484]]],
			[["CR0.20MO0.17FE0.63",["MO","CR"],[0.21819584062718272,0.21122942897295838]],["MO5.1FE7.9RT",["MO","CR"],[0.33381830418149244,0.0936104505229558]]],
			[["CR0.20MO0.17FE0.63",["MO","CR"],[0.21788314104161627,0.21320251553642922]],["MO5.1FE7.9RT",["MO","CR"],[0.3344656852717665,0.09480456332054676]]],
			[["CR0.20MO0.17FE0.63",["MO","CR"],[0.21754775820020855,0.21518363678886687]],["MO5.1FE7.9RT",["MO","CR"],[0.3351130663620404,0.09599867611813784]]],
			[["CR0.20MO0.17FE0.63",["MO","CR"],[0.2171563993795969,0.2171845854234784]],["MO5.1FE7.9RT",["MO","CR"],[0.33576044745231437,0.09719278891572891]]],
			[["CR0.20MO0.17FE0.63",["MO","CR"],[0.21676504055898532,0.21918553405808994]],["MO5.1FE7.9RT",["MO","CR"],[0.3364078285425883,0.09838690171331999]]],
			[["CR0.20MO0.17FE0.63",["MO","CR"],[0.216344395873883,0.22119591842955488]],["MO5.1FE7.9RT",["MO","CR"],[0.3370552096328623,0.09958101451091106]]],
			[["CR0.20MO0.17FE0.63",["MO","CR"],[0.2158827514143487,0.22321951269218476]],["MO5.1FE7.9RT",["MO","CR"],[0.33770259072313635,0.10077512730850202]]],
			[["CR0.20MO0.17FE0.63",["MO","CR"],[0.2146820581694892,0.2264740581694893]],["MO5.1FE7.9RT",["MO","CR"],[0.33961996437239683,0.10304996437239689]],["CR0.20MO0.17FE0.63",["MO","CR"],[0.2936722677261945,0.2399522677261945]]]],
	"reference": "C-A58757"
}