{
    "components": [
        "CR",
        "FE",
        "MO"
    ],
    "phases": [
        "CR0.20MO0.17FE0.63",
        "(CR0.48FE0.52HT,MO0.5FE0.5HT)"
    ],
    "conditions": {
        "P": [
            101325
        ],
        "T": [
            923,
            923,
            923,
            923,
            923,
            923,
            923,
            923,
            923,
            923,
            923,
            923,
            923,
            923,
            923,
            923,
            923,
            923,
            923,
            923,
            923,
            923,
            923,
            923,
            923,
            923,
            923,
            923,
            923,
            923,
            923,
            923,
            923,
            923,
            923,
            923,
            923,
            923,
            923,
            923
        ]
    },
    "broadcast_conditions": false,
    "output": "ZPF",
    "values":
			[[["CR0.20MO0.17FE0.63",["MO","CR"],[0,0.5427969951068303]],["(CR0.48FE0.52HT,MO0.5FE0.5HT)",["MO","CR"],[0.0001765469852046675,0.5949264982047169]]],
			[["CR0.20MO0.17FE0.63",["MO","CR"],[0,0.5427969951068303]],["(CR0.48FE0.52HT,MO0.5FE0.5HT)",["MO","CR"],[0.00017138851148240652,0.5949292909505068]]],
			[["CR0.20MO0.17FE0.63",["MO","CR"],[0,0.5427969951068303]],["(CR0.48FE0.52HT,MO0.5FE0.5HT)",["MO","CR"],[0.00017138851148240652,0.5949292909505068]]],
			[["CR0.20MO0.17FE0.63",["MO","CR"],[0,0.5427969951068303]],["(CR0.48FE0.52HT,MO0.5FE0.5HT)",["MO","CR"],[0.00016623003776020107,0.5949320836962968]]],
			[["CR0.20MO0.17FE0.63",["MO","CR"],[0,0.5427969951068303]],["(CR0.48FE0.52HT,MO0.5FE0.5HT)",["MO","CR"],[0.0001610715640379401,0.5949348764420868]]],
			[["CR0.20MO0.17FE0.63",["MO","CR"],[0,0.5427969951068303]],["(CR0.48FE0.52HT,MO0.5FE0.5HT)",["MO","CR"],[0.00015591309031570688,0.5949376691878767]]],
			[["CR0.20MO0.17FE0.63",["MO","CR"],[0,0.5427969951068303]],["(CR0.48FE0.52HT,MO0.5FE0.5HT)",["MO","CR"],[0.0001507546165934459,0.5949404619336666]]],
			[["CR0.20MO0.17FE0.63",["MO","CR"],[0,0.5427969951068303]],["(CR0.48FE0.52HT,MO0.5FE0.5HT)",["MO","CR"],[0.00014559614287124045,0.5949432546794566]]],
			[["CR0.20MO0.17FE0.63",["MO","CR"],[0,0.5427969951068303]],["(CR0.48FE0.52HT,MO0.5FE0.5HT)",["MO","CR"],[0.00014043766914897948,0.5949460474252465]]],
			[["CR0.20MO0.17FE0.63",["MO","CR"],[0,0.5427969951068303]],["(CR0.48FE0.52HT,MO0.5FE0.5HT)",["MO","CR"],[0.00013527919542674627,0.5949488401710364]]],
			[["CR0.20MO0.17FE0.63",["MO","CR"],[0,0.5427969951068303]],["(CR0.48FE0.52HT,MO0.5FE0.5HT)",["MO","CR"],[0.0001301207217044853,0.5949516329168264]]],
			[["CR0.20MO0.17FE0.63",["MO","CR"],[0,0.5427969951068303]],["(CR0.48FE0.52HT,MO0.5FE0.5HT)",["MO","CR"],[0.00012496224798222433,0.5949544256626164]]],
			[["CR0.20MO0.17FE0.63",["MO","CR"],[0,0.5427969951068303]],["(CR0.48FE0.52HT,MO0.5FE0.5HT)",["MO","CR"],[0.00011980377425999111,0.5949572184084063]]],
			[["CR0.20MO0.17FE0.63",["MO","CR"],[0,0.5427969951068303]],["(CR0.48FE0.52HT,MO0.5FE0.5HT)",["MO","CR"],[0.0001146453005377579,0.5949600111541963]]],
			[["CR0.20MO0.17FE0.63",["MO","CR"],[0,0.5427969951068303]],["(CR0.48FE0.52HT,MO0.5FE0.5HT)",["MO","CR"],[0.00010948682681549693,0.5949628038999862]]],
			[["CR0.20MO0.17FE0.63",["MO","CR"],[0,0.5427969951068303]],["(CR0.48FE0.52HT,MO0.5FE0.5HT)",["MO","CR"],[0.00010432835309326371,0.5949655966457762]]],
			[["CR0.20MO0.17FE0.63",["MO","CR"],[0,0.5427969951068303]],["(CR0.48FE0.52HT,MO0.5FE0.5HT)",["MO","CR"],[0,0.5949683893915662]]],
			[["CR0.20MO0.17FE0.63",["MO","CR"],[0,0.5427969951068303]],["(CR0.48FE0.52HT,MO0.5FE0.5HT)",["MO","CR"],[0,0.5949711821373561]]],
			[["CR0.20MO0.17FE0.63",["MO","CR"],[0,0.5427969951068303]],["(CR0.48FE0.52HT,MO0.5FE0.5HT)",["MO","CR"],[0,0.5949739748831461]]],
			[["CR0.20MO0.17FE0.63",["MO","CR"],[0,0.5427969951068303]],["(CR0.48FE0.52HT,MO0.5FE0.5HT)",["MO","CR"],[0,0.594976767628936]]],
			[["CR0.20MO0.17FE0.63",["MO","CR"],[0,0.5427969951068303]],["(CR0.48FE0.52HT,MO0.5FE0.5HT)",["MO","CR"],[0,0.5949795603747259]]],
			[["CR0.20MO0.17FE0.63",["MO","CR"],[0,0.5427969951068303]],["(CR0.48FE0.52HT,MO0.5FE0.5HT)",["MO","CR"],[0,0.594982353120516]]],
			[["CR0.20MO0.17FE0.63",["MO","CR"],[0,0.5427969951068303]],["(CR0.48FE0.52HT,MO0.5FE0.5HT)",["MO","CR"],[0,0.5949851458663058]]],
			[["CR0.20MO0.17FE0.63",["MO","CR"],[0,0.5427969951068303]],["(CR0.48FE0.52HT,MO0.5FE0.5HT)",["MO","CR"],[0,0.5949879386120958]]],
			[["CR0.20MO0.17FE0.63",["MO","CR"],[0,0.5427969951068303]],["(CR0.48FE0.52HT,MO0.5FE0.5HT)",["MO","CR"],[0,0.5949907313578857]]],
			[["CR0.20MO0.17FE0.63",["MO","CR"],[0,0.5427969951068303]],["(CR0.48FE0.52HT,MO0.5FE0.5HT)",["MO","CR"],[0,0.5949935241036757]]],
			[["CR0.20MO0.17FE0.63",["MO","CR"],[0,0.5427969951068303]],["(CR0.48FE0.52HT,MO0.5FE0.5HT)",["MO","CR"],[0,0.5949963168494656]]],
			[["CR0.20MO0.17FE0.63",["MO","CR"],[0,0.5427969951068303]],["(CR0.48FE0.52HT,MO0.5FE0.5HT)",["MO","CR"],[0,0.5949991095952556]]],
			[["CR0.20MO0.17FE0.63",["MO","CR"],[0,0.5427969951068303]],["(CR0.48FE0.52HT,MO0.5FE0.5HT)",["MO","CR"],[0,0.5950019023410456]]],
			[["CR0.20MO0.17FE0.63",["MO","CR"],[0,0.5427969951068303]],["(CR0.48FE0.52HT,MO0.5FE0.5HT)",["MO","CR"],[0,0.5950046950868355]]],
			[["CR0.20MO0.17FE0.63",["MO","CR"],[0,0.5427969951068303]],["(CR0.48FE0.52HT,MO0.5FE0.5HT)",["MO","CR"],[0,0.5950074878326255]]],
			[["CR0.20MO0.17FE0.63",["MO","CR"],[0,0.5427969951068303]],["(CR0.48FE0.52HT,MO0.5FE0.5HT)",["MO","CR"],[0,0.5950102805784154]]],
			[["CR0.20MO0.17FE0.63",["MO","CR"],[0,0.5427969951068303]],["(CR0.48FE0.52HT,MO0.5FE0.5HT)",["MO","CR"],[0,0.5950130733242054]]],
			[["CR0.20MO0.17FE0.63",["MO","CR"],[0,0.5427969951068303]],["(CR0.48FE0.52HT,MO0.5FE0.5HT)",["MO","CR"],[0,0.5950158660699953]]],
			[["CR0.20MO0.17FE0.63",["MO","CR"],[0,0.5427969951068303]],["(CR0.48FE0.52HT,MO0.5FE0.5HT)",["MO","CR"],[0,0.5950186588157853]]],
			[["CR0.20MO0.17FE0.63",["MO","CR"],[0,0.5427969951068303]],["(CR0.48FE0.52HT,MO0.5FE0.5HT)",["MO","CR"],[0,0.5950214515615753]]],
			[["CR0.20MO0.17FE0.63",["MO","CR"],[0,0.5427969951068303]],["(CR0.48FE0.52HT,MO0.5FE0.5HT)",["MO","CR"],[0,0.5950242443073652]]],
			[["CR0.20MO0.17FE0.63",["MO","CR"],[0,0.5427969951068303]],["(CR0.48FE0.52HT,MO0.5FE0.5HT)",["MO","CR"],[0,0.5950270370531552]]],
			[["CR0.20MO0.17FE0.63",["MO","CR"],[0,0.5427969951068303]],["(CR0.48FE0.52HT,MO0.5FE0.5HT)",["MO","CR"],[0,0.5950298297989451]]],
			[["CR0.20MO0.17FE0.63",["MO","CR"],[0,0.5427969951068303]],["(CR0.48FE0.52HT,MO0.5FE0.5HT)",["MO","CR"],[0,0.5950326225447351]]]],
	"reference": "C-A58757"
}