{
    "components": [
        "CR",
        "FE",
        "MO"
    ],
    "phases": [
        "(CR0.48FE0.52HT,MO0.5FE0.5HT)",
        "MO5.1FE7.9RT",
        "CR0.20MO0.17FE0.63"
    ],
    "conditions": {
        "P": [
            101325
        ],
        "T": [
            923,
            923,
            923,
            923,
            923,
            923,
            923,
            923,
            923,
            923,
            923,
            923,
            923,
            923,
            923,
            923,
            923,
            923,
            923,
            923,
            923,
            923,
            923,
            923,
            923,
            923,
            923,
            923,
            923,
            923,
            923,
            923,
            923,
            923,
            923,
            923,
            923,
            923,
            923,
            923,
            923
        ]
    },
    "broadcast_conditions": false,
    "output": "ZPF",
    "values":
			[[["MO5.1FE7.9RT",["MO","CR"],[0.38156337019192227,0.08413937019192241]],["CR0.20MO0.17FE0.63",["MO","CR"],[0.37771784908314876,0.2608158490831487]],["(CR0.48FE0.52HT,MO0.5FE0.5HT)",["MO","CR"],[0.8580656622781972,0.04324566227819715]]],
			[["(CR0.48FE0.52HT,MO0.5FE0.5HT)",["MO","CR"],[0.859904939495045,0.04171196388528897]],["MO5.1FE7.9RT",["MO","CR"],[0.3832542809038433,0.08155798822091653]]],
			[["(CR0.48FE0.52HT,MO0.5FE0.5HT)",["MO","CR"],[0.8616572315710823,0.040669280351570025]],["MO5.1FE7.9RT",["MO","CR"],[0.3842446719791545,0.07952008661330101]]],
			[["(CR0.48FE0.52HT,MO0.5FE0.5HT)",["MO","CR"],[0.8634095236471196,0.03962659681785119]],["MO5.1FE7.9RT",["MO","CR"],[0.3842446719791545,0.07952008661330101]]],
			[["(CR0.48FE0.52HT,MO0.5FE0.5HT)",["MO","CR"],[0.865161815723157,0.038583913284132354]],["MO5.1FE7.9RT",["MO","CR"],[0.38523506305446575,0.07748218500568538]]],
			[["(CR0.48FE0.52HT,MO0.5FE0.5HT)",["MO","CR"],[0.8669141077991942,0.03754122975041363]],["MO5.1FE7.9RT",["MO","CR"],[0.386225454129777,0.07544428339806974]]],
			[["(CR0.48FE0.52HT,MO0.5FE0.5HT)",["MO","CR"],[0.8686663998752314,0.036498546216694905]],["MO5.1FE7.9RT",["MO","CR"],[0.3872158452050882,0.07340638179045422]]],
			[["(CR0.48FE0.52HT,MO0.5FE0.5HT)",["MO","CR"],[0.8704186919512688,0.03545586268297596]],["MO5.1FE7.9RT",["MO","CR"],[0.38820623628039946,0.0713684801828387]]],
			[["(CR0.48FE0.52HT,MO0.5FE0.5HT)",["MO","CR"],[0.872170984027306,0.034413179149257234]],["MO5.1FE7.9RT",["MO","CR"],[0.3891966273557108,0.06933057857522296]]],
			[["(CR0.48FE0.52HT,MO0.5FE0.5HT)",["MO","CR"],[0.8739232761033433,0.0333704956155384]],["MO5.1FE7.9RT",["MO","CR"],[0.39018701843102205,0.06729267696760743]]],
			[["(CR0.48FE0.52HT,MO0.5FE0.5HT)",["MO","CR"],[0.8756755681793806,0.03232781208181956]],["MO5.1FE7.9RT",["MO","CR"],[0.3911774095063333,0.0652547753599918]]],
			[["(CR0.48FE0.52HT,MO0.5FE0.5HT)",["MO","CR"],[0.8774278602554179,0.03128512854810084]],["MO5.1FE7.9RT",["MO","CR"],[0.3921678005816445,0.06321687375237617]]],
			[["(CR0.48FE0.52HT,MO0.5FE0.5HT)",["MO","CR"],[0.8791801523314552,0.03024244501438189]],["MO5.1FE7.9RT",["MO","CR"],[0.39315819165695576,0.061178972144760646]]],
			[["(CR0.48FE0.52HT,MO0.5FE0.5HT)",["MO","CR"],[0.8809324444074924,0.029199761480663167]],["MO5.1FE7.9RT",["MO","CR"],[0.394148582732267,0.059141070537145124]]],
			[["(CR0.48FE0.52HT,MO0.5FE0.5HT)",["MO","CR"],[0.8826847364835297,0.02815707794694433]],["MO5.1FE7.9RT",["MO","CR"],[0.39513897380757823,0.05710316892952949]]],
			[["(CR0.48FE0.52HT,MO0.5FE0.5HT)",["MO","CR"],[0.8844370285595671,0.027114394413225495]],["MO5.1FE7.9RT",["MO","CR"],[0.39612936488288947,0.05506526732191386]]],
			[["(CR0.48FE0.52HT,MO0.5FE0.5HT)",["MO","CR"],[0.8861893206356043,0.02607171087950677]],["MO5.1FE7.9RT",["MO","CR"],[0.3971197559582007,0.053027365714298336]]],
			[["(CR0.48FE0.52HT,MO0.5FE0.5HT)",["MO","CR"],[0.8879416127116416,0.025029027345787824]],["MO5.1FE7.9RT",["MO","CR"],[0.39811014703351194,0.050989464106682814]]],
			[["(CR0.48FE0.52HT,MO0.5FE0.5HT)",["MO","CR"],[0.8896939047876788,0.0239863438120691]],["MO5.1FE7.9RT",["MO","CR"],[0.3991005381088232,0.04895156249906718]]],
			[["(CR0.48FE0.52HT,MO0.5FE0.5HT)",["MO","CR"],[0.8914461968637162,0.022943660278350264]],["MO5.1FE7.9RT",["MO","CR"],[0.4000909291841344,0.04691366089145155]]],
			[["(CR0.48FE0.52HT,MO0.5FE0.5HT)",["MO","CR"],[0.8931984889397534,0.02190097674463154]],["MO5.1FE7.9RT",["MO","CR"],[0.4010813202594457,0.044875759283836025]]],
			[["(CR0.48FE0.52HT,MO0.5FE0.5HT)",["MO","CR"],[0.8949507810157907,0.020858293210912704]],["MO5.1FE7.9RT",["MO","CR"],[0.40207171133475694,0.0428378576762205]]],
			[["(CR0.48FE0.52HT,MO0.5FE0.5HT)",["MO","CR"],[0.8967030730918281,0.01981560967719387]],["MO5.1FE7.9RT",["MO","CR"],[0.4030621024100683,0.04079995606860476]]],
			[["(CR0.48FE0.52HT,MO0.5FE0.5HT)",["MO","CR"],[0.8984553651678653,0.018772926143475033]],["MO5.1FE7.9RT",["MO","CR"],[0.4040524934853795,0.03876205446098924]]],
			[["(CR0.48FE0.52HT,MO0.5FE0.5HT)",["MO","CR"],[0.9002076572439026,0.017730242609756197]],["MO5.1FE7.9RT",["MO","CR"],[0.40504288456069076,0.036724152853373715]]],
			[["(CR0.48FE0.52HT,MO0.5FE0.5HT)",["MO","CR"],[0.9019599493199398,0.016687559076037473]],["MO5.1FE7.9RT",["MO","CR"],[0.406033275636002,0.03468625124575808]]],
			[["(CR0.48FE0.52HT,MO0.5FE0.5HT)",["MO","CR"],[0.9037122413959771,0.015644875542318748]],["MO5.1FE7.9RT",["MO","CR"],[0.40702366671131324,0.03264834963814245]]],
			[["(CR0.48FE0.52HT,MO0.5FE0.5HT)",["MO","CR"],[0.9054645334720145,0.014602192008599801]],["MO5.1FE7.9RT",["MO","CR"],[0.4080140577866245,0.030610448030526927]]],
			[["(CR0.48FE0.52HT,MO0.5FE0.5HT)",["MO","CR"],[0.9072168255480517,0.013559508474880966]],["MO5.1FE7.9RT",["MO","CR"],[0.4090044488619357,0.028572546422911405]]],
			[["(CR0.48FE0.52HT,MO0.5FE0.5HT)",["MO","CR"],[0.908969117624089,0.01251682494116213]],["MO5.1FE7.9RT",["MO","CR"],[0.40999483993724695,0.02653464481529577]]],
			[["(CR0.48FE0.52HT,MO0.5FE0.5HT)",["MO","CR"],[0.9107214097001263,0.011474141407443406]],["MO5.1FE7.9RT",["MO","CR"],[0.4109852310125582,0.02449674320768014]]],
			[["(CR0.48FE0.52HT,MO0.5FE0.5HT)",["MO","CR"],[0.9124737017761635,0.010431457873724681]],["MO5.1FE7.9RT",["MO","CR"],[0.4119756220878694,0.022458841600064616]]],
			[["(CR0.48FE0.52HT,MO0.5FE0.5HT)",["MO","CR"],[0.9142259938522008,0.009388774340005845]],["MO5.1FE7.9RT",["MO","CR"],[0.41296601316318066,0.020420939992449094]]],
			[["(CR0.48FE0.52HT,MO0.5FE0.5HT)",["MO","CR"],[0.9159782859282382,0.008346090806286899]],["MO5.1FE7.9RT",["MO","CR"],[0.4139564042384919,0.01838303838483346]]],
			[["(CR0.48FE0.52HT,MO0.5FE0.5HT)",["MO","CR"],[0.9177305780042755,0.007303407272568063]],["MO5.1FE7.9RT",["MO","CR"],[0.41494679531380313,0.016345136777217828]]],
			[["(CR0.48FE0.52HT,MO0.5FE0.5HT)",["MO","CR"],[0.9194828700803127,0.006260723738849339]],["MO5.1FE7.9RT",["MO","CR"],[0.41593718638911437,0.014307235169602306]]],
			[["(CR0.48FE0.52HT,MO0.5FE0.5HT)",["MO","CR"],[0.9212351621563499,0.005218040205130614]],["MO5.1FE7.9RT",["MO","CR"],[0.4169275774644257,0.012269333561986562]]],
			[["(CR0.48FE0.52HT,MO0.5FE0.5HT)",["MO","CR"],[0.9229874542323873,0.0041753566714117785]],["MO5.1FE7.9RT",["MO","CR"],[0.41791796853973695,0.01023143195437104]]],
			[["(CR0.48FE0.52HT,MO0.5FE0.5HT)",["MO","CR"],[0.9247397463084246,0.003132673137692832]],["MO5.1FE7.9RT",["MO","CR"],[0.4189083596150482,0.008193530346755518]]],
			[["(CR0.48FE0.52HT,MO0.5FE0.5HT)",["MO","CR"],[0.9264920383844619,0.0020899896039739962]],["MO5.1FE7.9RT",["MO","CR"],[0.4198987506903594,0.0061556287391398845]]],
			[["(CR0.48FE0.52HT,MO0.5FE0.5HT)",["MO","CR"],[0.9282443304604991,0.0010473060702552717]],["MO5.1FE7.9RT",["MO","CR"],[0.42088914176567066,0.004117727131524251]]]],
	"reference": "C-A58757"
}