{
    "components": [
        "MO",
        "NB",
        "NI"
    ],
    "phases": [
        "MO",
        "(NBNI3,MONI3RT)",
        "MO7NI7",
        "(NBNI3,MONI3RT)"
    ],
    "conditions": {
        "P": [
            101325
        ],
        "T": [
            1525,
            1525,
            1525,
            1525,
            1525,
            1525,
            1525,
            1525,
            1525,
            1525,
            1525,
            1525,
            1525,
            1525,
            1525,
            1525,
            1525,
            1525,
            1525,
            1525,
            1525,
            1525,
            1525,
            1525,
            1525,
            1525,
            1525,
            1525,
            1525,
            1525,
            1525,
            1525,
            1525,
            1525,
            1525,
            1525,
            1525,
            1525,
            1525,
            1525,
            1525,
            1525,
            1525,
            1525
        ]
    },
    "broadcast_conditions": false,
    "output": "ZPF",
    "values":
			[[["MO",["NI","MO"],[0.023845748477687237,0.9463963484776873]],["(NBNI3,MONI3RT)",["NI","MO"],[0.7391643148911562,0.13339831489115606]],["(NBNI3,MONI3RT)",["NI","MO"],[0.7532730210346736,0.15711702103467373]]],
			[["MO",["NI","MO"],[0.024831970469627332,0.9470913704696273]],["(NBNI3,MONI3RT)",["NI","MO"],[0.7334078474414177,0.24439984744141763]],["MO7NI7",["NI","MO"],[0.4650328557480121,0.5237028557480121]]],
			[["MO",["NI","MO"],[0.02453067823989244,0.9461995447288476]],["(NBNI3,MONI3RT)",["NI","MO"],[0.7525290968184135,0.1603174482300339]]],
			[["MO",["NI","MO"],[0.02453982229734903,0.9462077552752592]],["(NBNI3,MONI3RT)",["NI","MO"],[0.7523629034815599,0.16236615677217903]]],
			[["MO",["NI","MO"],[0.024548966354805617,0.946215965821671]],["(NBNI3,MONI3RT)",["NI","MO"],[0.7523629034815599,0.16236615677217903]]],
			[["MO",["NI","MO"],[0.02455811041226221,0.9462241763680826]],["(NBNI3,MONI3RT)",["NI","MO"],[0.7521847246184376,0.16442007136037995]]],
			[["MO",["NI","MO"],[0.024567254469718802,0.9462323869144944]],["(NBNI3,MONI3RT)",["NI","MO"],[0.7520065457553151,0.16647398594858087]]],
			[["MO",["NI","MO"],[0.02457650030908258,0.9462404913048789]],["(NBNI3,MONI3RT)",["NI","MO"],[0.7518231848475312,0.1685301245986207]]],
			[["MO",["NI","MO"],[0.02458580244317629,0.9462485369812438]],["(NBNI3,MONI3RT)",["NI","MO"],[0.7516304296548069,0.17059029514572144]]],
			[["MO",["NI","MO"],[0.024595104577269995,0.9462565826576086]],["(NBNI3,MONI3RT)",["NI","MO"],[0.7514376744620825,0.17265046569282205]]],
			[["MO",["NI","MO"],[0.0246044067113637,0.9462646283339735]],["(NBNI3,MONI3RT)",["NI","MO"],[0.7512362659647073,0.17471429591033427]]],
			[["MO",["NI","MO"],[0.024613708845457404,0.9462726740103384]],["(NBNI3,MONI3RT)",["NI","MO"],[0.751025521524502,0.17678207450076489]]],
			[["MO",["NI","MO"],[0.024623026357963512,0.9462807034112843]],["(NBNI3,MONI3RT)",["NI","MO"],[0.7508147770842968,0.1788498530911954]]],
			[["MO",["NI","MO"],[0.024632540144181023,0.9462885250900795]],["(NBNI3,MONI3RT)",["NI","MO"],[0.7505942003588425,0.1809217153373035]]],
			[["MO",["NI","MO"],[0.02464205393039853,0.9462963467688748]],["(NBNI3,MONI3RT)",["NI","MO"],[0.7503620707439844,0.1829983758598257]]],
			[["MO",["NI","MO"],[0.024651567716616037,0.94630416844767]],["(NBNI3,MONI3RT)",["NI","MO"],[0.7501299411291266,0.18507503638234768]]],
			[["MO",["NI","MO"],[0.024661081502833547,0.946311990126465]],["(NBNI3,MONI3RT)",["NI","MO"],[0.7498888987482428,0.18715531714546552]]],
			[["MO",["NI","MO"],[0.024670595289051057,0.9463198118052603]],["(NBNI3,MONI3RT)",["NI","MO"],[0.7496308488852724,0.18924250610934878]]],
			[["MO",["NI","MO"],[0.02468022134393883,0.9463275126159417]],["(NBNI3,MONI3RT)",["NI","MO"],[0.749372799022302,0.19132969507323216]]],
			[["MO",["NI","MO"],[0.02468995209287524,0.9463351007133244]],["(NBNI3,MONI3RT)",["NI","MO"],[0.7491089667723523,0.19341916862349173]]],
			[["MO",["NI","MO"],[0.024699682841811656,0.9463426888107069]],["(NBNI3,MONI3RT)",["NI","MO"],[0.7488196798926156,0.19551869914514297]]],
			[["MO",["NI","MO"],[0.024709413590748068,0.9463502769080896]],["(NBNI3,MONI3RT)",["NI","MO"],[0.748530393012879,0.197618229666794]]],
			[["MO",["NI","MO"],[0.024719144339684487,0.9463578650054723]],["(NBNI3,MONI3RT)",["NI","MO"],[0.7482397665452016,0.19971827141162812]]],
			[["MO",["NI","MO"],[0.024728877570091182,0.9463654503812619]],["(NBNI3,MONI3RT)",["NI","MO"],[0.7479126783933083,0.20183222792659372]]],
			[["MO",["NI","MO"],[0.02473885015395661,0.9463727732422478]],["(NBNI3,MONI3RT)",["NI","MO"],[0.7475855902414148,0.20394618444155954]]],
			[["MO",["NI","MO"],[0.024748822737822026,0.9463800961032336]],["(NBNI3,MONI3RT)",["NI","MO"],[0.7472585020895214,0.20606014095652525]]],
			[["MO",["NI","MO"],[0.02475879532168745,0.9463874189642194]],["(NBNI3,MONI3RT)",["NI","MO"],[0.7468868331078229,0.20819036716808126]]],
			[["MO",["NI","MO"],[0.024768767905552876,0.9463947418252052]],["(NBNI3,MONI3RT)",["NI","MO"],[0.7465126490229533,0.21032151126218146]]],
			[["MO",["NI","MO"],[0.02477874048941829,0.9464020646861911]],["(NBNI3,MONI3RT)",["NI","MO"],[0.7461384649380838,0.21245265535628177]]],
			[["MO",["NI","MO"],[0.024788887451899867,0.946409191961759]],["(NBNI3,MONI3RT)",["NI","MO"],[0.7457061751313712,0.21460377086190374]]],
			[["MO",["NI","MO"],[0.024799162918165592,0.9464161751057418]],["(NBNI3,MONI3RT)",["NI","MO"],[0.7452720722204171,0.21675550954627276]]],
			[["MO",["NI","MO"],[0.024809438384431306,0.9464231582497247]],["(NBNI3,MONI3RT)",["NI","MO"],[0.7448257860036299,0.21891109584138324]]],
			[["MO",["NI","MO"],[0.024819713850697027,0.9464301413937074]],["(NBNI3,MONI3RT)",["NI","MO"],[0.7443131738629871,0.22108762853154962]]],
			[["MO",["NI","MO"],[0.024829989316962748,0.9464371245376902]],["(NBNI3,MONI3RT)",["NI","MO"],[0.7438005617223444,0.22326416122171588]]],
			[["MO",["NI","MO"],[0.02484033932170953,0.9464440218494228]],["(NBNI3,MONI3RT)",["NI","MO"],[0.7432298121184746,0.2254568484596292]]],
			[["MO",["NI","MO"],[0.024850938925074676,0.9464506317443637]],["(NBNI3,MONI3RT)",["NI","MO"],[0.7426119023481084,0.22766264000445813]]],
			[["MO",["NI","MO"],[0.024861538528439822,0.9464572416393047]],["(NBNI3,MONI3RT)",["NI","MO"],[0.741962878455446,0.22987537809753666]]],
			[["MO",["NI","MO"],[0.02487213813180497,0.9464638515342455]],["(NBNI3,MONI3RT)",["NI","MO"],[0.7411961692455392,0.23211439064974093]]],
			[["MO",["NI","MO"],[0.024882737735170118,0.9464704614291864]],["(NBNI3,MONI3RT)",["NI","MO"],[0.7403916469870659,0.23435860644032058]]],
			[["MO",["NI","MO"],[0.024893342774851022,0.9464770648858845]],["(NBNI3,MONI3RT)",["NI","MO"],[0.7394037936693713,0.2366280493744105]]],
			[["MO",["NI","MO"],[0.024904270932473434,0.9464832856731624]],["(NBNI3,MONI3RT)",["NI","MO"],[0.7382523181714894,0.23889497226350953]]],
			[["MO",["NI","MO"],[0.02491519909009586,0.9464895064604403]],["(NBNI3,MONI3RT)",["NI","MO"],[0.736843552932917,0.24113093873360492]]],
			[["MO",["NI","MO"],[0.023845748477687237,0.9463963484776873]],["(NBNI3,MONI3RT)",["NI","MO"],[0.7391643148911562,0.13339831489115606]],["(NBNI3,MONI3RT)",["NI","MO"],[0.7532730210346736,0.15711702103467373]]],
			[["MO",["NI","MO"],[0.024831970469627332,0.9470913704696273]],["(NBNI3,MONI3RT)",["NI","MO"],[0.7334078474414177,0.24439984744141763]],["MO7NI7",["NI","MO"],[0.4650328557480121,0.5237028557480121]]]],
	"reference": "C-A58757"
}