{
    "components": [
        "MO",
        "NB",
        "NI"
    ],
    "phases": [
        "(NBNI3,MONI3RT)",
        "MO",
        "(NBNI3,MONI3RT)"
    ],
    "conditions": {
        "P": [
            101325
        ],
        "T": [
            1525,
            1525,
            1525,
            1525,
            1525,
            1525,
            1525,
            1525,
            1525,
            1525,
            1525,
            1525,
            1525,
            1525,
            1525,
            1525,
            1525,
            1525,
            1525,
            1525,
            1525,
            1525,
            1525,
            1525,
            1525,
            1525,
            1525,
            1525,
            1525,
            1525,
            1525,
            1525,
            1525,
            1525,
            1525,
            1525,
            1525,
            1525,
            1525,
            1525,
            1525
        ]
    },
    "broadcast_conditions": false,
    "output": "ZPF",
    "values":
			[[["MO",["NI","MO"],[0.023845748477687237,0.9463963484776873]],["(NBNI3,MONI3RT)",["NI","MO"],[0.7391643148911562,0.13339831489115606]],["(NBNI3,MONI3RT)",["NI","MO"],[0.7532730210346736,0.15711702103467373]]],
			[["(NBNI3,MONI3RT)",["NI","MO"],[0.7569172170479469,0.15269702196335]],["(NBNI3,MONI3RT)",["NI","MO"],[0.7414315452280018,0.12956447115345382]]],
			[["(NBNI3,MONI3RT)",["NI","MO"],[0.7603211511069855,0.14905676093779174]],["(NBNI3,MONI3RT)",["NI","MO"],[0.7431437777435121,0.12597962959441622]]],
			[["(NBNI3,MONI3RT)",["NI","MO"],[0.7637250851660242,0.14541649991223327]],["(NBNI3,MONI3RT)",["NI","MO"],[0.7431437777435121,0.12597962959441622]]],
			[["(NBNI3,MONI3RT)",["NI","MO"],[0.7671290192250629,0.1417762388866749]],["(NBNI3,MONI3RT)",["NI","MO"],[0.7448560102590227,0.12239478803537851]]],
			[["(NBNI3,MONI3RT)",["NI","MO"],[0.7705329532841015,0.13813597786111664]],["(NBNI3,MONI3RT)",["NI","MO"],[0.746568242774533,0.11880994647634102]]],
			[["(NBNI3,MONI3RT)",["NI","MO"],[0.7739368873431403,0.13449571683555817]],["(NBNI3,MONI3RT)",["NI","MO"],[0.7482804752900434,0.11522510491730342]]],
			[["(NBNI3,MONI3RT)",["NI","MO"],[0.7773408214021789,0.1308554558099999]],["(NBNI3,MONI3RT)",["NI","MO"],[0.7478474864776844,0.11276812275178816]]],
			[["(NBNI3,MONI3RT)",["NI","MO"],[0.7807447554612175,0.12721519478444165]],["(NBNI3,MONI3RT)",["NI","MO"],[0.7466238347604943,0.11046606225428002]]],
			[["(NBNI3,MONI3RT)",["NI","MO"],[0.7841486895202562,0.12357493375888318]],["(NBNI3,MONI3RT)",["NI","MO"],[0.7459064089655716,0.10778403843713491]]],
			[["(NBNI3,MONI3RT)",["NI","MO"],[0.7875526235792948,0.11993467273332492]],["(NBNI3,MONI3RT)",["NI","MO"],[0.7454649879929824,0.10492378384655487]]],
			[["(NBNI3,MONI3RT)",["NI","MO"],[0.7909565576383334,0.11629441170776667]],["(NBNI3,MONI3RT)",["NI","MO"],[0.745221152313183,0.10194783945369634]]],
			[["(NBNI3,MONI3RT)",["NI","MO"],[0.7943604916973722,0.11265415068220808]],["(NBNI3,MONI3RT)",["NI","MO"],[0.7451369190806236,0.09888544457913961]]],
			[["(NBNI3,MONI3RT)",["NI","MO"],[0.7977644257564108,0.10901388965664982]],["(NBNI3,MONI3RT)",["NI","MO"],[0.7451972547545489,0.09575026541408993]]],
			[["(NBNI3,MONI3RT)",["NI","MO"],[0.8009540769665089,0.10523627252423706]],["(NBNI3,MONI3RT)",["NI","MO"],[0.7453764436447149,0.09255916851485058]]],
			[["(NBNI3,MONI3RT)",["NI","MO"],[0.804025293452061,0.10138273829085032]],["(NBNI3,MONI3RT)",["NI","MO"],[0.7456708432122655,0.08931712387843938]]],
			[["(NBNI3,MONI3RT)",["NI","MO"],[0.807096509937613,0.09752920405746379]],["(NBNI3,MONI3RT)",["NI","MO"],[0.746081319854508,0.08602703319171445]]],
			[["(NBNI3,MONI3RT)",["NI","MO"],[0.810167726423165,0.09367566982407705]],["(NBNI3,MONI3RT)",["NI","MO"],[0.7466153494589574,0.08268947486849265]]],
			[["(NBNI3,MONI3RT)",["NI","MO"],[0.813238942908717,0.0898221355906903]],["(NBNI3,MONI3RT)",["NI","MO"],[0.7472883730230298,0.07930307875038212]]],
			[["(NBNI3,MONI3RT)",["NI","MO"],[0.8163101593942691,0.08596860135730366]],["(NBNI3,MONI3RT)",["NI","MO"],[0.7481247146550889,0.07586552188672702]]],
			[["(NBNI3,MONI3RT)",["NI","MO"],[0.8193813758798211,0.08211506712391703]],["(NBNI3,MONI3RT)",["NI","MO"],[0.7490031357287351,0.07243172261460717]]],
			[["(NBNI3,MONI3RT)",["NI","MO"],[0.8224525923653732,0.07826153289053028]],["(NBNI3,MONI3RT)",["NI","MO"],[0.7490857628808323,0.06928563425195333]]],
			[["(NBNI3,MONI3RT)",["NI","MO"],[0.8255238088509251,0.07440799865714365]],["(NBNI3,MONI3RT)",["NI","MO"],[0.7491383081322095,0.0661541133568947]]],
			[["(NBNI3,MONI3RT)",["NI","MO"],[0.8285950253364772,0.0705544644237569]],["(NBNI3,MONI3RT)",["NI","MO"],[0.7491836616182552,0.06302608631125439]]],
			[["(NBNI3,MONI3RT)",["NI","MO"],[0.8316662418220292,0.06670093019037027]],["(NBNI3,MONI3RT)",["NI","MO"],[0.7492310765712182,0.05989706217505031]]],
			[["(NBNI3,MONI3RT)",["NI","MO"],[0.8347374583075813,0.06284739595698352]],["(NBNI3,MONI3RT)",["NI","MO"],[0.7493006419967351,0.05675726458327501]]],
			[["(NBNI3,MONI3RT)",["NI","MO"],[0.8378086747931333,0.058993861723596885]],["(NBNI3,MONI3RT)",["NI","MO"],[0.7494114123536385,0.05359782452798578]]],
			[["(NBNI3,MONI3RT)",["NI","MO"],[0.8408798912786853,0.05514032749021014]],["(NBNI3,MONI3RT)",["NI","MO"],[0.749565448691182,0.05041827246252806]]],
			[["(NBNI3,MONI3RT)",["NI","MO"],[0.8439511077642373,0.051286793256823504]],["(NBNI3,MONI3RT)",["NI","MO"],[0.7497729525904343,0.04721412481088527]]],
			[["(NBNI3,MONI3RT)",["NI","MO"],[0.8469790654723038,0.04741536888749576]],["(NBNI3,MONI3RT)",["NI","MO"],[0.7500904583669361,0.0439620227359061]]],
			[["(NBNI3,MONI3RT)",["NI","MO"],[0.8498157158258274,0.043464827289753094]],["(NBNI3,MONI3RT)",["NI","MO"],[0.7504987735809798,0.040673141022069426]]],
			[["(NBNI3,MONI3RT)",["NI","MO"],[0.8526523661793507,0.039514285692010764]],["(NBNI3,MONI3RT)",["NI","MO"],[0.7510104103617485,0.03734422808095117]]],
			[["(NBNI3,MONI3RT)",["NI","MO"],[0.8554890165328742,0.0355637440942681]],["(NBNI3,MONI3RT)",["NI","MO"],[0.7516690384707635,0.033962144190581744]]],
			[["(NBNI3,MONI3RT)",["NI","MO"],[0.8583256668863977,0.03161320249652566]],["(NBNI3,MONI3RT)",["NI","MO"],[0.7525299661590654,0.030517637007893228]]],
			[["(NBNI3,MONI3RT)",["NI","MO"],[0.8611623172399211,0.02766266089878311]],["(NBNI3,MONI3RT)",["NI","MO"],[0.7535806151694485,0.027025575778641064]]],
			[["(NBNI3,MONI3RT)",["NI","MO"],[0.8639989675934445,0.023712119301040557]],["(NBNI3,MONI3RT)",["NI","MO"],[0.7548531150882456,0.02348930212258238]]],
			[["(NBNI3,MONI3RT)",["NI","MO"],[0.8668356179469681,0.019761577703298006]],["(NBNI3,MONI3RT)",["NI","MO"],[0.7563840542478126,0.019917706118967593]]],
			[["(NBNI3,MONI3RT)",["NI","MO"],[0.8696722683004915,0.015811036105555454]],["(NBNI3,MONI3RT)",["NI","MO"],[0.7582418334474286,0.01633245825184282]]],
			[["(NBNI3,MONI3RT)",["NI","MO"],[0.8725089186540149,0.011860494507812902]],["(NBNI3,MONI3RT)",["NI","MO"],[0.7604619087599986,0.01278605067037486]]],
			[["(NBNI3,MONI3RT)",["NI","MO"],[0.8753455690075385,0.00790995291007035]],["(NBNI3,MONI3RT)",["NI","MO"],[0.763005558893915,0.009334199466081272]]],
			[["(NBNI3,MONI3RT)",["NI","MO"],[0.8781822193610618,0.0039594113123279095]],["(NBNI3,MONI3RT)",["NI","MO"],[0.7658479643762021,0.006035078025945384]]]],
	"reference": "C-A58757"
}