{
    "components": [
        "MO",
        "NB",
        "NI"
    ],
    "phases": [
        "NB7NI6",
        "MO",
        "L"
    ],
    "conditions": {
        "P": [
            101325
        ],
        "T": [
            1525,
            1525,
            1525,
            1525,
            1525,
            1525,
            1525,
            1525,
            1525,
            1525,
            1525,
            1525,
            1525,
            1525,
            1525,
            1525,
            1525,
            1525,
            1525,
            1525,
            1525,
            1525,
            1525,
            1525,
            1525,
            1525,
            1525,
            1525,
            1525,
            1525,
            1525,
            1525,
            1525,
            1525,
            1525,
            1525,
            1525,
            1525,
            1525,
            1525,
            1525
        ]
    },
    "broadcast_conditions": false,
    "output": "ZPF",
    "values":
			[[["MO",["NI","MO"],[0.026012754407793104,0.4238867544077931]],["NB7NI6",["NI","MO"],[0.4475749251717725,0.022330925171772487]],["L",["NI","MO"],[0.447083172902639,0.06434917290263908]]],
			[["NB7NI6",["NI","MO"],[0.4474259048288348,0.02162107594953866]],["MO",["NI","MO"],[0.02605738054338741,0.4233513805433875]]],
			[["NB7NI6",["NI","MO"],[0.44766665065514805,0.021032992896556024]],["MO",["NI","MO"],[0.019309467883104448,0.41865845312981276]]],
			[["NB7NI6",["NI","MO"],[0.44790739648146133,0.020444909843573056]],["MO",["NI","MO"],[0.019309467883104448,0.41865845312981276]]],
			[["NB7NI6",["NI","MO"],[0.4480361164790403,0.020356497927905615]],["MO",["NI","MO"],[0.016179810663821237,0.41044252104979795]]],
			[["NB7NI6",["NI","MO"],[0.44831744295172576,0.019862125157821486]],["MO",["NI","MO"],[0.014307467106244476,0.4013463703780238]]],
			[["NB7NI6",["NI","MO"],[0.44864036888724945,0.019271724127225665]],["MO",["NI","MO"],[0.01311850714396856,0.39182883863495566]]],
			[["NB7NI6",["NI","MO"],[0.44897977204300515,0.01868272435652152]],["MO",["NI","MO"],[0.01226580669019911,0.3821174025405316]]],
			[["NB7NI6",["NI","MO"],[0.44933119029732077,0.018095225052093822]],["MO",["NI","MO"],[0.01163436530427231,0.37228295810703627]]],
			[["NB7NI6",["NI","MO"],[0.44969565665126054,0.017509804711738464]],["MO",["NI","MO"],[0.011150520698841704,0.3623685072289313]]],
			[["NB7NI6",["NI","MO"],[0.45007165647900993,0.01692662887188523]],["MO",["NI","MO"],[0.010761159396545539,0.3524037112166195]]],
			[["NB7NI6",["NI","MO"],[0.4504582776730509,0.016345910267808406]],["MO",["NI","MO"],[0.010430347109089133,0.3424080624685102]]],
			[["NB7NI6",["NI","MO"],[0.4508548331202287,0.015767815460223433]],["MO",["NI","MO"],[0.010131430981900835,0.33239571133054646]]],
			[["NB7NI6",["NI","MO"],[0.45126007308012095,0.015192305221792712]],["MO",["NI","MO"],[0.009844791268013131,0.3223769506502401]]],
			[["NB7NI6",["NI","MO"],[0.45167481833247614,0.014619963209936637]],["MO",["NI","MO"],[0.009556693675569494,0.31235895075869946]]],
			[["NB7NI6",["NI","MO"],[0.45209748361064694,0.01405054359629998]],["MO",["NI","MO"],[0.009272351624935837,0.3023390399722907]]],
			[["NB7NI6",["NI","MO"],[0.4525245070239083,0.013482832623133989]],["MO",["NI","MO"],[0.009128386556322421,0.29224675988907056]]],
			[["NB7NI6",["NI","MO"],[0.45294958861873275,0.012914341101789573]],["MO",["NI","MO"],[0.009108494480163154,0.28209170937403405]]],
			[["NB7NI6",["NI","MO"],[0.4533835912275022,0.012349616694454557]],["MO",["NI","MO"],[0.009211467854284672,0.2718755931844479]]],
			[["NB7NI6",["NI","MO"],[0.45382233446516607,0.011786993676276558]],["MO",["NI","MO"],[0.009434539256640895,0.2616008395759448]]],
			[["NB7NI6",["NI","MO"],[0.45427022462859074,0.011228732141645548]],["MO",["NI","MO"],[0.00979222956764747,0.2512616628704777]]],
			[["NB7NI6",["NI","MO"],[0.45472325251594875,0.010673188015988933]],["MO",["NI","MO"],[0.010279048361087062,0.2408619808231227]]],
			[["NB7NI6",["NI","MO"],[0.45518006078774625,0.010119643384804533]],["MO",["NI","MO"],[0.010899509757321457,0.23040097726459707]]],
			[["NB7NI6",["NI","MO"],[0.4556455230456471,0.009571113758481076]],["MO",["NI","MO"],[0.011662240262139079,0.21987613403310924]]],
			[["NB7NI6",["NI","MO"],[0.4561138830725789,0.009024400252831022]],["MO",["NI","MO"],[0.012579001243735455,0.20928383490266833]]],
			[["NB7NI6",["NI","MO"],[0.4565864249374837,0.008480314718717463]],["MO",["NI","MO"],[0.013677609843599281,0.19861420651653283]]],
			[["NB7NI6",["NI","MO"],[0.45706426446409815,0.00793979829796232]],["MO",["NI","MO"],[0.014994599610472226,0.18785502787375308]]],
			[["NB7NI6",["NI","MO"],[0.45754456077047106,0.007400992091094016]],["MO",["NI","MO"],[0.01654143295846311,0.17700552999017316]]],
			[["NB7NI6",["NI","MO"],[0.45802891686883823,0.006865094674073591]],["MO",["NI","MO"],[0.018371334845552367,0.1660502732817064]]],
			[["NB7NI6",["NI","MO"],[0.45851653461374287,0.006331663064423343]],["MO",["NI","MO"],[0.020391922119105177,0.1550274299048946]]],
			[["NB7NI6",["NI","MO"],[0.459006203957882,0.005799799333590316]],["MO",["NI","MO"],[0.022164115510916016,0.1440928172563506]]],
			[["NB7NI6",["NI","MO"],[0.4594994069066455,0.005270735776691571]],["MO",["NI","MO"],[0.02384549154164972,0.13319186809655792]]],
			[["NB7NI6",["NI","MO"],[0.45999436645616687,0.004743118255282508]],["MO",["NI","MO"],[0.025495331256124076,0.12230275274304092]]],
			[["NB7NI6",["NI","MO"],[0.4604907484398465,0.004216674086739203]],["MO",["NI","MO"],[0.027161512337103677,0.11140749079027445]]],
			[["NB7NI6",["NI","MO"],[0.46098932028104767,0.0036920860068071493]],["MO",["NI","MO"],[0.02889273870832293,0.10048797838586743]]],
			[["NB7NI6",["NI","MO"],[0.4614891216188829,0.0031685666352460062]],["MO",["NI","MO"],[0.030725383513460547,0.08953128668060795]]],
			[["NB7NI6",["NI","MO"],[0.4619900425437276,0.002646021193768222]],["MO",["NI","MO"],[0.03268128808774412,0.07853047084046727]]],
			[["NB7NI6",["NI","MO"],[0.4624919568960411,0.002124355360993535]],["MO",["NI","MO"],[0.03478162372664967,0.0674793859512921]]],
			[["NB7NI6",["NI","MO"],[0.4629942508778432,0.0016030288383687141]],["MO",["NI","MO"],[0.037041422592083595,0.05637464098666767]]],
			[["NB7NI6",["NI","MO"],[0.4634967855217012,0.001081917350028716]],["MO",["NI","MO"],[0.039476280827746735,0.04521329017828757]]],
			[["NB7NI6",["NI","MO"],[0.46399914700141104,0.0005606507028417251]],["MO",["NI","MO"],[0.042085034738470695,0.03399813563063425]]]],
	"reference": "C-A58757"
}