{
    "components": [
        "MO",
        "NB",
        "NI"
    ],
    "phases": [
        "MO",
        "L",
        "NB7NI6",
        "(NBNI3,MONI3RT)"
    ],
    "conditions": {
        "P": [
            101325
        ],
        "T": [
            1525,
            1525,
            1525,
            1525,
            1525,
            1525,
            1525,
            1525,
            1525,
            1525,
            1525,
            1525,
            1525,
            1525,
            1525,
            1525,
            1525,
            1525,
            1525,
            1525,
            1525,
            1525,
            1525,
            1525,
            1525,
            1525,
            1525,
            1525,
            1525,
            1525,
            1525,
            1525,
            1525,
            1525,
            1525,
            1525,
            1525,
            1525,
            1525,
            1525,
            1525,
            1525
        ]
    },
    "broadcast_conditions": false,
    "output": "ZPF",
    "values":
			[[["MO",["NI","MO"],[0.026012754407793104,0.4238867544077931]],["NB7NI6",["NI","MO"],[0.4475749251717725,0.022330925171772487]],["L",["NI","MO"],[0.447083172902639,0.06434917290263908]]],
			[["MO",["NI","MO"],[0.024021832047540825,0.4344129603932847]],["L",["NI","MO"],[0.4510817714009654,0.06458824611623415]]],
			[["MO",["NI","MO"],[0.021835886317421838,0.44476236695905125]],["L",["NI","MO"],[0.45508758422835194,0.06436853099332063]]],
			[["MO",["NI","MO"],[0.019858491198679884,0.4550426653719394]],["L",["NI","MO"],[0.45508758422835194,0.06436853099332063]]],
			[["MO",["NI","MO"],[0.018071986302060472,0.46525730477446636]],["L",["NI","MO"],[0.4590803356317431,0.06417715173153493]]],
			[["MO",["NI","MO"],[0.016550395706284526,0.47537472788322344]],["L",["NI","MO"],[0.4630596128968524,0.06401465703118836]]],
			[["MO",["NI","MO"],[0.015182942246634912,0.48543234708434335]],["L",["NI","MO"],[0.46702530089919586,0.06388099743477182]]],
			[["MO",["NI","MO"],[0.01395499173069345,0.49543491236019466]],["L",["NI","MO"],[0.4709755991806678,0.06377963792283281]]],
			[["MO",["NI","MO"],[0.012898068833196663,0.5053678992057165]],["L",["NI","MO"],[0.47490585574039623,0.06371961185226072]]],
			[["MO",["NI","MO"],[0.012000909812720173,0.5152331879479273]],["L",["NI","MO"],[0.47882059645618147,0.06369107032947618]]],
			[["MO",["NI","MO"],[0.011208733936710097,0.5250530048624504]],["L",["NI","MO"],[0.48271978687024575,0.06369382133214141]]],
			[["MO",["NI","MO"],[0.010530622540426776,0.5348227570432316]],["L",["NI","MO"],[0.48659636678605905,0.06374143823878597]]],
			[["MO",["NI","MO"],[0.010001814435975948,0.5445249398939734]],["L",["NI","MO"],[0.49044961323810254,0.06383437719224994]]],
			[["MO",["NI","MO"],[0.009554475903818638,0.5541894170568578]],["L",["NI","MO"],[0.4942837775743493,0.06396385197813403]]],
			[["MO",["NI","MO"],[0.00918686564071447,0.5638168112250416]],["L",["NI","MO"],[0.4980956966398619,0.06413555573280494]]],
			[["MO",["NI","MO"],[0.008949908663904077,0.5733820246515273]],["L",["NI","MO"],[0.5018719120834844,0.06437338700397399]]],
			[["MO",["NI","MO"],[0.008779467099405719,0.5829149211109942]],["L",["NI","MO"],[0.50562360997145,0.06465558294109885]]],
			[["MO",["NI","MO"],[0.008673176670048383,0.5924165337623923]],["L",["NI","MO"],[0.5093496684350359,0.06498382339144426]]],
			[["MO",["NI","MO"],[0.008658939231350582,0.601872608001718]],["L",["NI","MO"],[0.5130301449048651,0.06539198451467576]]],
			[["MO",["NI","MO"],[0.008709048494803584,0.6112963451002]],["L",["NI","MO"],[0.5166718651891171,0.0658660210747476]]],
			[["MO",["NI","MO"],[0.008810322931617875,0.6206942112506649]],["L",["NI","MO"],[0.5202764050702271,0.06640221893768317]]],
			[["MO",["NI","MO"],[0.00897005591209285,0.6300622956746844]],["L",["NI","MO"],[0.5238345556233266,0.06701467108906434]]],
			[["MO",["NI","MO"],[0.009192615135442977,0.6393979939800996]],["L",["NI","MO"],[0.5273214225338784,0.0677400811794604]]],
			[["MO",["NI","MO"],[0.009453223619730555,0.6487139242180806]],["L",["NI","MO"],[0.5307502735474781,0.06855419633161308]]],
			[["MO",["NI","MO"],[0.00971057116033075,0.658031412966787]],["L",["NI","MO"],[0.5339814149415405,0.06963903403352223]]],
			[["MO",["NI","MO"],[0.00983223350357254,0.667418952962165]],["L",["NI","MO"],[0.5368148545288011,0.07125438367122827]]],
			[["MO",["NI","MO"],[0.00998430305097217,0.6767909639433588]],["L",["NI","MO"],[0.5396482941160617,0.07286973330893431]]],
			[["MO",["NI","MO"],[0.010178338026609585,0.6861414133450969]],["L",["NI","MO"],[0.5424817337033223,0.07448508294664058]]],
			[["MO",["NI","MO"],[0.010413436529138176,0.695470612656981]],["L",["NI","MO"],[0.545315173290583,0.07610043258434662]]],
			[["MO",["NI","MO"],[0.010692413861593447,0.7047769577226293]],["L",["NI","MO"],[0.5481486128778437,0.07771578222205255]]],
			[["MO",["NI","MO"],[0.011018151158676215,0.7140588077369914]],["L",["NI","MO"],[0.5509820524651041,0.07933113185975882]]],
			[["MO",["NI","MO"],[0.011406835842518448,0.7233074313279436]],["L",["NI","MO"],[0.5538154920523648,0.08094648149746486]]],
			[["MO",["NI","MO"],[0.01187502339902377,0.7325135566244088]],["L",["NI","MO"],[0.5566489316396255,0.0825618311351709]]],
			[["MO",["NI","MO"],[0.01241866402237092,0.7416788378350074]],["L",["NI","MO"],[0.5594823712268862,0.08417718077287695]]],
			[["MO",["NI","MO"],[0.013050670924346502,0.7507957800806051]],["L",["NI","MO"],[0.5623158108141466,0.08579253041058321]]],
			[["MO",["NI","MO"],[0.013790335043343191,0.7598531264980553]],["L",["NI","MO"],[0.5651492504014073,0.08740788004828925]]],
			[["MO",["NI","MO"],[0.014698758972379142,0.768815070167386]],["L",["NI","MO"],[0.567982689988668,0.08902322968599519]]],
			[["MO",["NI","MO"],[0.015806299466896642,0.7776612191264975]],["L",["NI","MO"],[0.5708161295759286,0.09063857932370134]]],
			[["MO",["NI","MO"],[0.017183479682769565,0.7863453807364331]],["L",["NI","MO"],[0.5736495691631893,0.09225392896140738]]],
			[["MO",["NI","MO"],[0.018971432996812726,0.7947714263145118]],["L",["NI","MO"],[0.5764830087504498,0.09386927859911354]]],
			[["MO",["NI","MO"],[0.021672612893592944,0.8025656739161064]],["L",["NI","MO"],[0.5793164483377105,0.09548462823681969]]],
			[["MO",["NI","MO"],[0.027326337929172356,0.8080803379291723]],["L",["NI","MO"],[0.585678936004833,0.09841693600483292]],["(NBNI3,MONI3RT)",["NI","MO"],[0.7333470015825613,0.024219001582561295]]]],
	"reference": "C-A58757"
}