{
    "components": [
        "MO",
        "NB",
        "NI"
    ],
    "phases": [
        "MO",
        "MO7NI7",
        "(NBNI3,MONI3RT)"
    ],
    "conditions": {
        "P": [
            101325
        ],
        "T": [
            1525,
            1525,
            1525,
            1525,
            1525,
            1525,
            1525,
            1525,
            1525,
            1525,
            1525,
            1525,
            1525,
            1525,
            1525,
            1525,
            1525,
            1525,
            1525,
            1525,
            1525,
            1525,
            1525,
            1525,
            1525,
            1525,
            1525,
            1525,
            1525,
            1525,
            1525,
            1525,
            1525,
            1525,
            1525,
            1525,
            1525,
            1525,
            1525,
            1525,
            1525,
            1525
        ]
    },
    "broadcast_conditions": false,
    "output": "ZPF",
    "values":
			[[["MO",["NI","MO"],[0.023845748477687237,0.9463963484776873]],["(NBNI3,MONI3RT)",["NI","MO"],[0.7391643148911562,0.13339831489115606]],["(NBNI3,MONI3RT)",["NI","MO"],[0.7532730210346736,0.15711702103467373]]],
			[["MO",["NI","MO"],[0.024831970469627332,0.9470913704696273]],["(NBNI3,MONI3RT)",["NI","MO"],[0.7334078474414177,0.24439984744141763]],["MO7NI7",["NI","MO"],[0.4650328557480121,0.5237028557480121]]],
			[["MO",["NI","MO"],[0.024804243195726307,0.9480040841149875]],["MO7NI7",["NI","MO"],[0.4640516695860896,0.5254096208056017]]],
			[["MO",["NI","MO"],[0.02441433539322033,0.9487702172317427]],["MO7NI7",["NI","MO"],[0.46393142784643737,0.5257933302854617]]],
			[["MO",["NI","MO"],[0.02402442759071436,0.9495363503484979]],["MO7NI7",["NI","MO"],[0.46393142784643737,0.5257933302854617]]],
			[["MO",["NI","MO"],[0.023704639754694178,0.9502989616635887]],["MO7NI7",["NI","MO"],[0.4638111861067851,0.5261770397653216]]],
			[["MO",["NI","MO"],[0.023389349276227718,0.9510613470972066]],["MO7NI7",["NI","MO"],[0.4636909443671329,0.5265607492451816]]],
			[["MO",["NI","MO"],[0.023078693320460635,0.9518229416184154]],["MO7NI7",["NI","MO"],[0.4635707026274807,0.5269444587250416]]],
			[["MO",["NI","MO"],[0.02285030364364639,0.9525704968468901]],["MO7NI7",["NI","MO"],[0.46345046088782843,0.5273281682049016]]],
			[["MO",["NI","MO"],[0.022621913966832143,0.9533180520753648]],["MO7NI7",["NI","MO"],[0.4633302191481761,0.5277118776847616]]],
			[["MO",["NI","MO"],[0.022434388736939877,0.9540537675241165]],["MO7NI7",["NI","MO"],[0.4632099774085239,0.5280955871646215]]],
			[["MO",["NI","MO"],[0.02230198721717238,0.9547735118137176]],["MO7NI7",["NI","MO"],[0.4630897356688716,0.5284792966444815]]],
			[["MO",["NI","MO"],[0.022169585697404893,0.9554932561033187]],["MO7NI7",["NI","MO"],[0.46296949392921943,0.5288630061243413]]],
			[["MO",["NI","MO"],[0.022135342879493827,0.95617317414394]],["MO7NI7",["NI","MO"],[0.4628492521895672,0.5292467156042013]]],
			[["MO",["NI","MO"],[0.022102280926972022,0.9568526130682107]],["MO7NI7",["NI","MO"],[0.46272901044991493,0.5296304250840613]]],
			[["MO",["NI","MO"],[0.02213383879518181,0.9574986605651185]],["MO7NI7",["NI","MO"],[0.4626087687102627,0.5300141345639213]]],
			[["MO",["NI","MO"],[0.022196451239894416,0.9581286610253145]],["MO7NI7",["NI","MO"],[0.4624885269706105,0.5303978440437811]]],
			[["MO",["NI","MO"],[0.022296063655215387,0.9587356969020481]],["MO7NI7",["NI","MO"],[0.46236828523095824,0.5307815535236411]]],
			[["MO",["NI","MO"],[0.022444574335586494,0.9593123833414595]],["MO7NI7",["NI","MO"],[0.462248043491306,0.5311652630035011]]],
			[["MO",["NI","MO"],[0.02260817387701803,0.9598782778815623]],["MO7NI7",["NI","MO"],[0.46212780175165374,0.5315489724833611]]],
			[["MO",["NI","MO"],[0.022828802674167804,0.9604033837907083]],["MO7NI7",["NI","MO"],[0.46200756001200155,0.531932681963221]]],
			[["MO",["NI","MO"],[0.023049431471317577,0.9609284896998544]],["MO7NI7",["NI","MO"],[0.4618873182723493,0.532316391443081]]],
			[["MO",["NI","MO"],[0.02332596454560708,0.9614089798919411]],["MO7NI7",["NI","MO"],[0.46176707653269705,0.5327001009229408]]],
			[["MO",["NI","MO"],[0.02360364851034554,0.9618885515889632]],["MO7NI7",["NI","MO"],[0.46164683479304475,0.533083810402801]]],
			[["MO",["NI","MO"],[0.023911960603262596,0.9623415679352649]],["MO7NI7",["NI","MO"],[0.46152659305339255,0.5334675198826608]]],
			[["MO",["NI","MO"],[0.024231941640600538,0.9627844670158354]],["MO7NI7",["NI","MO"],[0.4614063513137403,0.5338512293625208]]],
			[["MO",["NI","MO"],[0.024564431162548313,0.9632158562159611]],["MO7NI7",["NI","MO"],[0.46128610957408805,0.5342349388423808]]],
			[["MO",["NI","MO"],[0.024913181288693378,0.9636322829633109]],["MO7NI7",["NI","MO"],[0.4611658678344358,0.5346186483222408]]],
			[["MO",["NI","MO"],[0.025263745433005386,0.9640469757700437]],["MO7NI7",["NI","MO"],[0.46104562609478356,0.5350023578021007]]],
			[["MO",["NI","MO"],[0.02562869532532763,0.9644479178695141]],["MO7NI7",["NI","MO"],[0.46092538435513136,0.5353860672819606]]],
			[["MO",["NI","MO"],[0.025993645217649866,0.9648488599689846]],["MO7NI7",["NI","MO"],[0.4608051426154791,0.5357697767618206]]],
			[["MO",["NI","MO"],[0.02636212857435261,0.9652463639141976]],["MO7NI7",["NI","MO"],[0.46068490087582686,0.5361534862416806]]],
			[["MO",["NI","MO"],[0.02673171879121188,0.9656427908552159]],["MO7NI7",["NI","MO"],[0.4605646591361746,0.5365371957215406]]],
			[["MO",["NI","MO"],[0.027098695157149723,0.9660417567110421]],["MO7NI7",["NI","MO"],[0.4604444173965224,0.5369209052014003]]],
			[["MO",["NI","MO"],[0.027461610275502615,0.9664446673831344]],["MO7NI7",["NI","MO"],[0.46032417565687017,0.5373046146812603]]],
			[["MO",["NI","MO"],[0.027824317767295194,0.9668477754699425]],["MO7NI7",["NI","MO"],[0.4602039339172179,0.5376883241611203]]],
			[["MO",["NI","MO"],[0.028168887738972172,0.9672681290063305]],["MO7NI7",["NI","MO"],[0.4600836921775657,0.5380720336409803]]],
			[["MO",["NI","MO"],[0.02851345771064915,0.9676884825427187]],["MO7NI7",["NI","MO"],[0.4599634504379134,0.5384557431208403]]],
			[["MO",["NI","MO"],[0.028838785460519503,0.9681263905342314]],["MO7NI7",["NI","MO"],[0.4598432086982612,0.5388394526007003]]],
			[["MO",["NI","MO"],[0.029152725453871695,0.968574687443551]],["MO7NI7",["NI","MO"],[0.4597229669586089,0.5392231620805602]]],
			[["MO",["NI","MO"],[0.029455819530952176,0.9690322805420992]],["MO7NI7",["NI","MO"],[0.4596027252189567,0.5396068715604202]]],
			[["MO",["NI","MO"],[0.029725759765476086,0.9695182902710496]],["MO7NI7",["NI","MO"],[0.4594824834793045,0.5399905810402801]]]],
	"reference": "C-A58757"
}