{
    "components": [
        "MO",
        "NB",
        "NI"
    ],
    "phases": [
        "L",
        "(NBNI3,MONI3RT)",
        "MO"
    ],
    "conditions": {
        "P": [
            101325
        ],
        "T": [
            1525,
            1525,
            1525,
            1525,
            1525,
            1525,
            1525,
            1525,
            1525,
            1525,
            1525,
            1525,
            1525,
            1525,
            1525,
            1525,
            1525,
            1525,
            1525,
            1525,
            1525,
            1525,
            1525,
            1525,
            1525,
            1525,
            1525,
            1525,
            1525,
            1525,
            1525,
            1525,
            1525,
            1525,
            1525,
            1525,
            1525,
            1525,
            1525,
            1525,
            1525
        ]
    },
    "broadcast_conditions": false,
    "output": "ZPF",
    "values":
			[[["L",["NI","MO"],[0.6117339456780818,0.002551579925580638]],["(NBNI3,MONI3RT)",["NI","MO"],[0.7316814130156689,0.0009327788693275219]]],
			[["L",["NI","MO"],[0.610590701588526,0.005035970083524077]],["(NBNI3,MONI3RT)",["NI","MO"],[0.7317098953070198,0.0015106270143367961]]],
			[["L",["NI","MO"],[0.609447932484828,0.007520335610393669]],["(NBNI3,MONI3RT)",["NI","MO"],[0.7317098953070198,0.0015106270143367961]]],
			[["L",["NI","MO"],[0.6083051897405511,0.010004699770357783]],["(NBNI3,MONI3RT)",["NI","MO"],[0.7317383775983706,0.0020884751593461814]]],
			[["L",["NI","MO"],[0.6071766183614304,0.012488275164126872]],["(NBNI3,MONI3RT)",["NI","MO"],[0.7317668598897213,0.0026663233043555667]]],
			[["L",["NI","MO"],[0.6060496462738116,0.014971751115094745]],["(NBNI3,MONI3RT)",["NI","MO"],[0.7317953421810722,0.003244171449364952]]],
			[["L",["NI","MO"],[0.6049532887808686,0.01745317514520761]],["(NBNI3,MONI3RT)",["NI","MO"],[0.731823824472423,0.0038220195943743374]]],
			[["L",["NI","MO"],[0.6038637014964271,0.01993401956071994]],["(NBNI3,MONI3RT)",["NI","MO"],[0.7318523067637738,0.004399867739383723]]],
			[["L",["NI","MO"],[0.6028132484965618,0.022411513591570564]],["(NBNI3,MONI3RT)",["NI","MO"],[0.7318807890551247,0.004977715884392886]]],
			[["L",["NI","MO"],[0.6017799728265473,0.024887109575455812]],["(NBNI3,MONI3RT)",["NI","MO"],[0.7319092713464754,0.005555564029402382]]],
			[["L",["NI","MO"],[0.6007903509571989,0.027357881936309947]],["(NBNI3,MONI3RT)",["NI","MO"],[0.7319377536378262,0.0061334121744117676]]],
			[["L",["NI","MO"],[0.5998303673058785,0.029824488346531952]],["(NBNI3,MONI3RT)",["NI","MO"],[0.7319662359291772,0.006711260319420931]]],
			[["L",["NI","MO"],[0.5989134868259175,0.03228503617105183]],["(NBNI3,MONI3RT)",["NI","MO"],[0.731994718220528,0.007289108464430316]]],
			[["L",["NI","MO"],[0.5980369761915744,0.03473856041134593]],["(NBNI3,MONI3RT)",["NI","MO"],[0.7320232005118787,0.007866956609439701]]],
			[["L",["NI","MO"],[0.5972016924099705,0.037184911964498246]],["(NBNI3,MONI3RT)",["NI","MO"],[0.7320516828032295,0.008444804754449087]]],
			[["L",["NI","MO"],[0.5964104855757296,0.0396220610735849]],["(NBNI3,MONI3RT)",["NI","MO"],[0.7320801650945803,0.009022652899458472]]],
			[["L",["NI","MO"],[0.5956606458973561,0.042050573492502075]],["(NBNI3,MONI3RT)",["NI","MO"],[0.7321086473859312,0.009600501044467746]]],
			[["L",["NI","MO"],[0.5949492143437292,0.044469734891303125]],["(NBNI3,MONI3RT)",["NI","MO"],[0.7321371296772821,0.010178349189477132]]],
			[["L",["NI","MO"],[0.594286553351514,0.046877022383116085]],["(NBNI3,MONI3RT)",["NI","MO"],[0.7321656119686328,0.010756197334486517]]],
			[["L",["NI","MO"],[0.5936441519250568,0.04927870073991736]],["(NBNI3,MONI3RT)",["NI","MO"],[0.7321940942599836,0.011334045479495902]]],
			[["L",["NI","MO"],[0.5930659482167395,0.05166260508947662]],["(NBNI3,MONI3RT)",["NI","MO"],[0.7322225765513345,0.011911893624505066]]],
			[["L",["NI","MO"],[0.5924877445084222,0.054046509439035995]],["(NBNI3,MONI3RT)",["NI","MO"],[0.7322510588426853,0.01248974176951445]]],
			[["L",["NI","MO"],[0.5919794936442428,0.056408877407894575]],["(NBNI3,MONI3RT)",["NI","MO"],[0.7322795411340361,0.013067589914523836]]],
			[["L",["NI","MO"],[0.5914805319810282,0.05876838551064156]],["(NBNI3,MONI3RT)",["NI","MO"],[0.7323080234253869,0.013645438059533221]]],
			[["L",["NI","MO"],[0.5910062725854847,0.06111959259570887]],["(NBNI3,MONI3RT)",["NI","MO"],[0.7323365057167377,0.014223286204542607]]],
			[["L",["NI","MO"],[0.5905800811892625,0.06345464677864265]],["(NBNI3,MONI3RT)",["NI","MO"],[0.7323649880080886,0.014801134349551881]]],
			[["L",["NI","MO"],[0.5901538897930406,0.0657897009615761]],["(NBNI3,MONI3RT)",["NI","MO"],[0.7323934702994394,0.015378982494561377]]],
			[["L",["NI","MO"],[0.58976581033979,0.06811098614283129]],["(NBNI3,MONI3RT)",["NI","MO"],[0.7324219525907901,0.015956830639570763]]],
			[["L",["NI","MO"],[0.5894053483027519,0.07042229376270981]],["(NBNI3,MONI3RT)",["NI","MO"],[0.732450434882141,0.016534678784579926]]],
			[["L",["NI","MO"],[0.5890448862657139,0.07273360138258822]],["(NBNI3,MONI3RT)",["NI","MO"],[0.7324789171734918,0.01711252692958931]]],
			[["L",["NI","MO"],[0.5887178228636848,0.07503209821191104]],["(NBNI3,MONI3RT)",["NI","MO"],[0.7325073994648426,0.017690375074598808]]],
			[["L",["NI","MO"],[0.5884155887850091,0.07732107120108178]],["(NBNI3,MONI3RT)",["NI","MO"],[0.7325358817561934,0.018268223219608082]]],
			[["L",["NI","MO"],[0.5881133547063333,0.07961004419025264]],["(NBNI3,MONI3RT)",["NI","MO"],[0.7325643640475442,0.018846071364617467]]],
			[["L",["NI","MO"],[0.5878258483764682,0.08189308246497962]],["(NBNI3,MONI3RT)",["NI","MO"],[0.7325928463388951,0.01942391950962674]]],
			[["L",["NI","MO"],[0.5875742348328269,0.08416165733192005]],["(NBNI3,MONI3RT)",["NI","MO"],[0.7326213286302459,0.020001767654636127]]],
			[["L",["NI","MO"],[0.5873226212891856,0.08643023219886048]],["(NBNI3,MONI3RT)",["NI","MO"],[0.7326498109215966,0.020579615799645512]]],
			[["L",["NI","MO"],[0.5870710077455443,0.0886988070658008]],["(NBNI3,MONI3RT)",["NI","MO"],[0.7326782932129475,0.021157463944654786]]],
			[["L",["NI","MO"],[0.5868502291189202,0.09095444136596031]],["(NBNI3,MONI3RT)",["NI","MO"],[0.7327067755042984,0.02173531208966406]]],
			[["L",["NI","MO"],[0.5866424701681493,0.09320461166617644]],["(NBNI3,MONI3RT)",["NI","MO"],[0.7327352577956492,0.022313160234673446]]],
			[["L",["NI","MO"],[0.5864347112173787,0.09545478196639223]],["(NBNI3,MONI3RT)",["NI","MO"],[0.732763740087,0.02289100837968283]]],
			[["MO",["NI","MO"],[0.027326337929172356,0.8080803379291723]],["L",["NI","MO"],[0.585678936004833,0.09841693600483292]],["(NBNI3,MONI3RT)",["NI","MO"],[0.7333470015825613,0.024219001582561295]]]],
	"reference": "C-A58757"
}