{
    "components": [
        "MO",
        "NB",
        "NI"
    ],
    "phases": [
        "MO7NI7",
        "(NBNI3,MONI3RT)",
        "MO"
    ],
    "conditions": {
        "P": [
            101325
        ],
        "T": [
            1525,
            1525,
            1525,
            1525,
            1525,
            1525,
            1525,
            1525,
            1525,
            1525,
            1525,
            1525,
            1525,
            1525,
            1525,
            1525,
            1525,
            1525,
            1525,
            1525,
            1525,
            1525,
            1525,
            1525,
            1525,
            1525,
            1525,
            1525,
            1525,
            1525,
            1525,
            1525,
            1525,
            1525,
            1525,
            1525,
            1525,
            1525,
            1525,
            1525,
            1525
        ]
    },
    "broadcast_conditions": false,
    "output": "ZPF",
    "values":
			[[["MO",["NI","MO"],[0.024831970469627332,0.9470913704696273]],["(NBNI3,MONI3RT)",["NI","MO"],[0.7334078474414177,0.24439984744141763]],["MO7NI7",["NI","MO"],[0.4650328557480121,0.5237028557480121]]],
			[["MO7NI7",["NI","MO"],[0.46652472786344246,0.5229419473756376]],["(NBNI3,MONI3RT)",["NI","MO"],[0.734200144667862,0.24475495745913067]]],
			[["MO7NI7",["NI","MO"],[0.46685378466685645,0.5228762236912466]],["(NBNI3,MONI3RT)",["NI","MO"],[0.734527353181552,0.245211066078436]]],
			[["MO7NI7",["NI","MO"],[0.46718284147027034,0.5228105000068557]],["(NBNI3,MONI3RT)",["NI","MO"],[0.734527353181552,0.245211066078436]]],
			[["MO7NI7",["NI","MO"],[0.4675118982736843,0.5227447763224649]],["(NBNI3,MONI3RT)",["NI","MO"],[0.7345844246163815,0.24587514476949046]]],
			[["MO7NI7",["NI","MO"],[0.4678409550770983,0.5226790526380738]],["(NBNI3,MONI3RT)",["NI","MO"],[0.7345373020904825,0.246596602909251]]],
			[["MO7NI7",["NI","MO"],[0.46817001188051216,0.522613328953683]],["(NBNI3,MONI3RT)",["NI","MO"],[0.7343952328468341,0.2473572013858769]]],
			[["MO7NI7",["NI","MO"],[0.46849906868392616,0.5225476052692919]],["(NBNI3,MONI3RT)",["NI","MO"],[0.7342269007920436,0.2481257968938686]]],
			[["MO7NI7",["NI","MO"],[0.46882812548734004,0.522481881584901]],["(NBNI3,MONI3RT)",["NI","MO"],[0.734013131632873,0.2489082280094399]]],
			[["MO7NI7",["NI","MO"],[0.469157182290754,0.5224161579005101]],["(NBNI3,MONI3RT)",["NI","MO"],[0.7337930164144274,0.2496921561811999]]],
			[["MO7NI7",["NI","MO"],[0.4694862390941679,0.5223504342161192]],["(NBNI3,MONI3RT)",["NI","MO"],[0.7335351293646049,0.2504849948518175]]],
			[["MO7NI7",["NI","MO"],[0.46981529589758186,0.5222847105317282]],["(NBNI3,MONI3RT)",["NI","MO"],[0.7332772423147824,0.25127783352243516]]],
			[["MO7NI7",["NI","MO"],[0.4701443527009958,0.5222189868473373]],["(NBNI3,MONI3RT)",["NI","MO"],[0.7330020046334318,0.2520739775145088]]],
			[["MO7NI7",["NI","MO"],[0.47047340950440975,0.5221532631629463]],["(NBNI3,MONI3RT)",["NI","MO"],[0.7327156015941035,0.2528722485241047]]],
			[["MO7NI7",["NI","MO"],[0.4708024663078237,0.5220875394785554]],["(NBNI3,MONI3RT)",["NI","MO"],[0.7324291985547752,0.2536705195337009]]],
			[["MO7NI7",["NI","MO"],[0.47113152311123757,0.5220218157941645]],["(NBNI3,MONI3RT)",["NI","MO"],[0.7321274468016696,0.2544712413399094]]],
			[["MO7NI7",["NI","MO"],[0.47146057991465157,0.5219560921097735]],["(NBNI3,MONI3RT)",["NI","MO"],[0.7318222531924224,0.2552725127224209]]],
			[["MO7NI7",["NI","MO"],[0.47178963671806545,0.5218903684253826]],["(NBNI3,MONI3RT)",["NI","MO"],[0.7315170595831753,0.25607378410493253]]],
			[["MO7NI7",["NI","MO"],[0.47211869352147945,0.5218246447409916]],["(NBNI3,MONI3RT)",["NI","MO"],[0.7312021979188867,0.2568764011495831]]],
			[["MO7NI7",["NI","MO"],[0.4724477503248934,0.5217589210566007]],["(NBNI3,MONI3RT)",["NI","MO"],[0.7308852900222073,0.25767930300203035]]],
			[["MO7NI7",["NI","MO"],[0.4727768071283073,0.5216931973722098]],["(NBNI3,MONI3RT)",["NI","MO"],[0.7305683821255277,0.2584822048544778]]],
			[["MO7NI7",["NI","MO"],[0.47310586393172127,0.5216274736878188]],["(NBNI3,MONI3RT)",["NI","MO"],[0.730247228064345,0.259285645790035]]],
			[["MO7NI7",["NI","MO"],[0.47343492073513516,0.5215617500034279]],["(NBNI3,MONI3RT)",["NI","MO"],[0.7299241898204439,0.2600893259370213]]],
			[["MO7NI7",["NI","MO"],[0.4737639775385491,0.5214960263190369]],["(NBNI3,MONI3RT)",["NI","MO"],[0.7296011515765427,0.2608930060840078]]],
			[["MO7NI7",["NI","MO"],[0.47409303434196304,0.5214303026346461]],["(NBNI3,MONI3RT)",["NI","MO"],[0.7292772907253064,0.26169678619143366]]],
			[["MO7NI7",["NI","MO"],[0.474422091145377,0.521364578950255]],["(NBNI3,MONI3RT)",["NI","MO"],[0.7289525315503746,0.26250067546009337]]],
			[["MO7NI7",["NI","MO"],[0.4747511479487909,0.5212988552658642]],["(NBNI3,MONI3RT)",["NI","MO"],[0.728627772375443,0.26330456472875297]]],
			[["MO7NI7",["NI","MO"],[0.47508020475220486,0.5212331315814731]],["(NBNI3,MONI3RT)",["NI","MO"],[0.7283036709002733,0.2641083736032461]]],
			[["MO7NI7",["NI","MO"],[0.4754092615556188,0.5211674078970823]],["(NBNI3,MONI3RT)",["NI","MO"],[0.7279816667343126,0.26491192611239556]]],
			[["MO7NI7",["NI","MO"],[0.47573831835903274,0.5211016842126912]],["(NBNI3,MONI3RT)",["NI","MO"],[0.7276596625683522,0.2657154786215449]]],
			[["MO7NI7",["NI","MO"],[0.4760673751624467,0.5210359605283004]],["(NBNI3,MONI3RT)",["NI","MO"],[0.7273379113997961,0.26651899839022697]]],
			[["MO7NI7",["NI","MO"],[0.47639643196586057,0.5209702368439095]],["(NBNI3,MONI3RT)",["NI","MO"],[0.72702352677167,0.26732156485278125]]],
			[["MO7NI7",["NI","MO"],[0.47672548876927456,0.5209045131595185]],["(NBNI3,MONI3RT)",["NI","MO"],[0.7267091421435441,0.2681241313153353]]],
			[["MO7NI7",["NI","MO"],[0.47705454557268845,0.5208387894751276]],["(NBNI3,MONI3RT)",["NI","MO"],[0.726394757515418,0.26892669777788947]]],
			[["MO7NI7",["NI","MO"],[0.4773836023761024,0.5207730657907366]],["(NBNI3,MONI3RT)",["NI","MO"],[0.7260924040191493,0.2697275372853388]]],
			[["MO7NI7",["NI","MO"],[0.4777126591795164,0.5207073421063456]],["(NBNI3,MONI3RT)",["NI","MO"],[0.7257911056691468,0.27052822533652854]]],
			[["MO7NI7",["NI","MO"],[0.47804171598293027,0.5206416184219547]],["(NBNI3,MONI3RT)",["NI","MO"],[0.7254898073191444,0.27132891338771825]]],
			[["MO7NI7",["NI","MO"],[0.47837077278634427,0.5205758947375637]],["(NBNI3,MONI3RT)",["NI","MO"],[0.7252082613365105,0.272126320227393]]],
			[["MO7NI7",["NI","MO"],[0.47869982958975815,0.5205101710531729]],["(NBNI3,MONI3RT)",["NI","MO"],[0.7249277112435578,0.2729235616324831]]],
			[["MO7NI7",["NI","MO"],[0.4790288863931721,0.5204444473687819]],["(NBNI3,MONI3RT)",["NI","MO"],[0.724653121251195,0.27371960930616124]]],
			[["MO7NI7",["NI","MO"],[0.47935794319658603,0.520378723684391]],["(NBNI3,MONI3RT)",["NI","MO"],[0.7244047475007966,0.2745104062041075]]]],
	"reference": "C-A58757"
}