{
    "components": [
        "MO",
        "NB",
        "NI"
    ],
    "phases": [
        "L",
        "NB7NI6",
        "MO"
    ],
    "conditions": {
        "P": [
            101325
        ],
        "T": [
            1525,
            1525,
            1525,
            1525,
            1525,
            1525,
            1525,
            1525,
            1525,
            1525,
            1525,
            1525,
            1525,
            1525,
            1525,
            1525,
            1525,
            1525,
            1525,
            1525,
            1525,
            1525,
            1525,
            1525,
            1525,
            1525,
            1525,
            1525,
            1525,
            1525,
            1525,
            1525,
            1525,
            1525,
            1525,
            1525,
            1525,
            1525,
            1525,
            1525,
            1525
        ]
    },
    "broadcast_conditions": false,
    "output": "ZPF",
    "values":
			[[["MO",["NI","MO"],[0.026012754407793104,0.4238867544077931]],["NB7NI6",["NI","MO"],[0.4475749251717725,0.022330925171772487]],["L",["NI","MO"],[0.447083172902639,0.06434917290263908]]],
			[["L",["NI","MO"],[0.4500758374757149,0.06206922735951226]],["NB7NI6",["NI","MO"],[0.44958613940045067,0.026101087301866]]],
			[["L",["NI","MO"],[0.45255832295558956,0.06054310272318486]],["NB7NI6",["NI","MO"],[0.45068507112438727,0.025494687210174227]]],
			[["L",["NI","MO"],[0.45504651058838685,0.05905506865820509]],["NB7NI6",["NI","MO"],[0.45068507112438727,0.025494687210174227]]],
			[["L",["NI","MO"],[0.4575360166146175,0.05757584150524986]],["NB7NI6",["NI","MO"],[0.45178598200473213,0.024936921868430995]]],
			[["L",["NI","MO"],[0.46002745742262446,0.05611251206873491]],["NB7NI6",["NI","MO"],[0.4528872501739231,0.02440715604187771]]],
			[["L",["NI","MO"],[0.46252156996061283,0.054671135705258056]],["NB7NI6",["NI","MO"],[0.45398719935358256,0.023908878230313957]]],
			[["L",["NI","MO"],[0.46501582868164437,0.053231212207685674]],["NB7NI6",["NI","MO"],[0.45508698851275325,0.023413046292581674]]],
			[["L",["NI","MO"],[0.46751281883397744,0.051818435520874395]],["NB7NI6",["NI","MO"],[0.4561863847789833,0.022923219626859836]]],
			[["L",["NI","MO"],[0.4700098089863106,0.050405658834063005]],["NB7NI6",["NI","MO"],[0.45728593303812803,0.02243108165293206]]],
			[["L",["NI","MO"],[0.47250783964286763,0.04900491233887272]],["NB7NI6",["NI","MO"],[0.45838584501052965,0.021933412806487418]]],
			[["L",["NI","MO"],[0.4750063178173034,0.047609339994554745]],["NB7NI6",["NI","MO"],[0.45948583547463634,0.021434171403225122]]],
			[["L",["NI","MO"],[0.4775049930418269,0.04621625656555084]],["NB7NI6",["NI","MO"],[0.4605867751803034,0.02091591224151057]]],
			[["L",["NI","MO"],[0.48000402125741487,0.044827631723072914]],["NB7NI6",["NI","MO"],[0.46168771488597055,0.020397653079795797]]],
			[["L",["NI","MO"],[0.4825030416439958,0.04343890702925446]],["NB7NI6",["NI","MO"],[0.46278905007801674,0.019860867372888613]]],
			[["L",["NI","MO"],[0.48500172415800785,0.042045873100687636]],["NB7NI6",["NI","MO"],[0.46389061074316906,0.019313519386436218]]],
			[["L",["NI","MO"],[0.48750040667202005,0.040652839172120814]],["NB7NI6",["NI","MO"],[0.46499217140832155,0.018766171399983822]]],
			[["L",["NI","MO"],[0.48999817953880687,0.03924903816584968]],["NB7NI6",["NI","MO"],[0.4660931137523407,0.01818410968266604]]],
			[["L",["NI","MO"],[0.49249553681404246,0.03784031799267451]],["NB7NI6",["NI","MO"],[0.46719403835188833,0.017601051756786723]]],
			[["L",["NI","MO"],[0.49499202833975164,0.03642269435017642]],["NB7NI6",["NI","MO"],[0.46829475365488943,0.017014837812104888]]],
			[["L",["NI","MO"],[0.49748687190497654,0.034988122889432205]],["NB7NI6",["NI","MO"],[0.46939306690359056,0.016392402875451628]]],
			[["L",["NI","MO"],[0.4999817154702014,0.03355355142868821]],["NB7NI6",["NI","MO"],[0.47049138015229164,0.015769967938798146]]],
			[["L",["NI","MO"],[0.5024722925119652,0.03208251434452303]],["NB7NI6",["NI","MO"],[0.4715896934009926,0.015147533002144886]]],
			[["L",["NI","MO"],[0.5049628258572136,0.030611103789852434]],["NB7NI6",["NI","MO"],[0.4726830439863803,0.014484946556480471]]],
			[["L",["NI","MO"],[0.5074493594871101,0.029111882321098626]],["NB7NI6",["NI","MO"],[0.4737761467590527,0.013820355128039807]]],
			[["L",["NI","MO"],[0.5099334133506743,0.027595418483241874]],["NB7NI6",["NI","MO"],[0.47486924953172516,0.013155763699599254]]],
			[["L",["NI","MO"],[0.5124154007955585,0.026067323253671226]],["NB7NI6",["NI","MO"],[0.47595765351655794,0.012466394565164407]]],
			[["L",["NI","MO"],[0.5148900016851995,0.02449765081699007]],["NB7NI6",["NI","MO"],[0.4770426367510285,0.011758987087725936]]],
			[["L",["NI","MO"],[0.5173646025748406,0.02292797838030869]],["NB7NI6",["NI","MO"],[0.478127619985499,0.011051579610287354]]],
			[["L",["NI","MO"],[0.5198289726275666,0.021311582731496692]],["NB7NI6",["NI","MO"],[0.47921260321996956,0.010344172132848772]]],
			[["L",["NI","MO"],[0.5222905657731446,0.019682505224611013]],["NB7NI6",["NI","MO"],[0.48028697672375864,0.009596614096507472]]],
			[["L",["NI","MO"],[0.5247466985349898,0.018033079146408504]],["NB7NI6",["NI","MO"],[0.4813607394377354,0.008846744639351312]]],
			[["L",["NI","MO"],[0.527190796508938,0.01633880443635294]],["NB7NI6",["NI","MO"],[0.4824345021517122,0.008096875182195262]]],
			[["L",["NI","MO"],[0.529634894482886,0.014644529726297373]],["NB7NI6",["NI","MO"],[0.4835077659250553,0.00734557284435744]]],
			[["L",["NI","MO"],[0.5320617990023517,0.012897488388019074]],["NB7NI6",["NI","MO"],[0.4845671451968645,0.006554396355812342]]],
			[["L",["NI","MO"],[0.5344839952610412,0.011135997420307353]],["NB7NI6",["NI","MO"],[0.4856265244686737,0.005763219867267244]]],
			[["L",["NI","MO"],[0.5369008908361321,0.009360978845261991]],["NB7NI6",["NI","MO"],[0.48668590374048304,0.004972043378722035]]],
			[["L",["NI","MO"],[0.5392958996383436,0.007530104140755611]],["NB7NI6",["NI","MO"],[0.48774528301229225,0.0041808668901769375]]],
			[["L",["NI","MO"],[0.5416909084405551,0.005699229436249453]],["NB7NI6",["NI","MO"],[0.4887904256237561,0.0033574727978162855]]],
			[["L",["NI","MO"],[0.5440688925096439,0.0038319178831836]],["NB7NI6",["NI","MO"],[0.4898326188440065,0.002527404224551555]]],
			[["L",["NI","MO"],[0.5464317769399945,0.001932289626764394]],["NB7NI6",["NI","MO"],[0.49087481206425676,0.0016973356512868243]]]],
	"reference": "C-A58757"
}