{
    "components": [
        "FE",
        "MO",
        "NI"
    ],
    "phases": [
        "MO5.1FE7.9RT",
        "(FE,NI)",
        "(FE,NI)"
    ],
    "conditions": {
        "P": [
            101325
        ],
        "T": [
            1073,
            1073,
            1073,
            1073,
            1073,
            1073,
            1073,
            1073,
            1073,
            1073,
            1073,
            1073,
            1073,
            1073,
            1073,
            1073,
            1073,
            1073,
            1073,
            1073,
            1073,
            1073,
            1073,
            1073,
            1073,
            1073,
            1073,
            1073,
            1073,
            1073,
            1073,
            1073,
            1073,
            1073,
            1073,
            1073,
            1073,
            1073,
            1073,
            1073,
            1073
        ]
    },
    "broadcast_conditions": false,
    "output": "ZPF",
    "values":
			[[["(FE,NI)",["NI","FE"],[0.13088061861340577,0.7974986186134058]],["(FE,NI)",["NI","FE"],[0.05787232720292791,0.8726925272029279]],["MO5.1FE7.9RT",["NI","FE"],[0.020373819107258107,0.3128478191072581]]],
			[["MO5.1FE7.9RT",["NI","FE"],[0.019400578818588476,0.3138435056478568]],["(FE,NI)",["NI","FE"],[0.05595320398296037,0.8741796966658872]]],
			[["MO5.1FE7.9RT",["NI","FE"],[0.01891436887480419,0.31433022253334086]],["(FE,NI)",["NI","FE"],[0.05455425159290989,0.8756396369587636]]],
			[["MO5.1FE7.9RT",["NI","FE"],[0.018428158931019956,0.31481693941882494]],["(FE,NI)",["NI","FE"],[0.05455425159290989,0.8756396369587636]]],
			[["MO5.1FE7.9RT",["NI","FE"],[0.017941948987235723,0.3153036563043088]],["(FE,NI)",["NI","FE"],[0.053155299202859406,0.8770995772516399]]],
			[["MO5.1FE7.9RT",["NI","FE"],[0.017455739043451435,0.31579037318979286]],["(FE,NI)",["NI","FE"],[0.05175634681280892,0.8785595175445162]]],
			[["MO5.1FE7.9RT",["NI","FE"],[0.016969529099667202,0.31627709007527693]],["(FE,NI)",["NI","FE"],[0.050357394422758425,0.8800194578373925]]],
			[["MO5.1FE7.9RT",["NI","FE"],[0.016483319155882914,0.316763806960761]],["(FE,NI)",["NI","FE"],[0.04895844203270795,0.8814793981302689]]],
			[["MO5.1FE7.9RT",["NI","FE"],[0.01599710921209868,0.3172505238462451]],["(FE,NI)",["NI","FE"],[0.04755948964265746,0.8829393384231453]]],
			[["MO5.1FE7.9RT",["NI","FE"],[0.015510899268314449,0.31773724073172915]],["(FE,NI)",["NI","FE"],[0.046160537252606985,0.8843992787160216]]],
			[["MO5.1FE7.9RT",["NI","FE"],[0.015024689324530105,0.318223957617213]],["(FE,NI)",["NI","FE"],[0.044761584862556485,0.885859219008898]]],
			[["MO5.1FE7.9RT",["NI","FE"],[0.014538479380745872,0.3187106745026971]],["(FE,NI)",["NI","FE"],[0.043362632472506005,0.8873191593017743]]],
			[["MO5.1FE7.9RT",["NI","FE"],[0.01405226943696164,0.31919739138818115]],["(FE,NI)",["NI","FE"],[0.04196368008245552,0.8887790995946506]]],
			[["MO5.1FE7.9RT",["NI","FE"],[0.013566059493177407,0.3196841082736652]],["(FE,NI)",["NI","FE"],[0.04056472769240504,0.8902390398875271]]],
			[["MO5.1FE7.9RT",["NI","FE"],[0.013079849549393174,0.3201708251591493]],["(FE,NI)",["NI","FE"],[0.03916577530235455,0.8916989801804034]]],
			[["MO5.1FE7.9RT",["NI","FE"],[0.012593639605608886,0.32065754204463326]],["(FE,NI)",["NI","FE"],[0.037766822912304064,0.8931589204732797]]],
			[["MO5.1FE7.9RT",["NI","FE"],[0.012107429661824598,0.3211442589301172]],["(FE,NI)",["NI","FE"],[0.036367870522253584,0.894618860766156]]],
			[["MO5.1FE7.9RT",["NI","FE"],[0.011621219718040365,0.3216309758156013]],["(FE,NI)",["NI","FE"],[0.034968918132203104,0.8960788010590324]]],
			[["MO5.1FE7.9RT",["NI","FE"],[0.011135009774256077,0.32211769270108537]],["(FE,NI)",["NI","FE"],[0.03356996574215262,0.8975387413519087]]],
			[["MO5.1FE7.9RT",["NI","FE"],[0.010648799830471845,0.32260440958656944]],["(FE,NI)",["NI","FE"],[0.03217101335210213,0.898998681644785]]],
			[["MO5.1FE7.9RT",["NI","FE"],[0.010162589886687556,0.3230911264720535]],["(FE,NI)",["NI","FE"],[0.03077206096205165,0.9004586219376614]]],
			[["MO5.1FE7.9RT",["NI","FE"],[0.009676379942903324,0.32357784335753736]],["(FE,NI)",["NI","FE"],[0.029373108572001164,0.9019185622305378]]],
			[["MO5.1FE7.9RT",["NI","FE"],[0.009190169999119091,0.32406456024302144]],["(FE,NI)",["NI","FE"],[0.027974156181950684,0.9033785025234141]]],
			[["MO5.1FE7.9RT",["NI","FE"],[0.008703960055334858,0.3245512771285055]],["(FE,NI)",["NI","FE"],[0.026575203791900197,0.9048384428162904]]],
			[["MO5.1FE7.9RT",["NI","FE"],[0.00821775011155057,0.3250379940139896]],["(FE,NI)",["NI","FE"],[0.02517625140184971,0.9062983831091668]]],
			[["MO5.1FE7.9RT",["NI","FE"],[0.007731540167766282,0.32552471089947366]],["(FE,NI)",["NI","FE"],[0.023777299011799223,0.9077583234020431]]],
			[["MO5.1FE7.9RT",["NI","FE"],[0.007245330223981994,0.3260114277849576]],["(FE,NI)",["NI","FE"],[0.022378346621748743,0.9092182636949194]]],
			[["MO5.1FE7.9RT",["NI","FE"],[0.006759120280197761,0.3264981446704417]],["(FE,NI)",["NI","FE"],[0.020979394231698263,0.9106782039877959]]],
			[["MO5.1FE7.9RT",["NI","FE"],[0.006272910336413529,0.32698486155592577]],["(FE,NI)",["NI","FE"],[0.019580441841647776,0.9121381442806722]]],
			[["MO5.1FE7.9RT",["NI","FE"],[0.005786700392629296,0.3274715784414097]],["(FE,NI)",["NI","FE"],[0.01818148945159729,0.9135980845735485]]],
			[["MO5.1FE7.9RT",["NI","FE"],[0.005300490448845008,0.3279582953268938]],["(FE,NI)",["NI","FE"],[0.016782537061546803,0.9150580248664248]]],
			[["MO5.1FE7.9RT",["NI","FE"],[0.004814280505060775,0.3284450122123779]],["(FE,NI)",["NI","FE"],[0.015383584671496316,0.9165179651593012]]],
			[["MO5.1FE7.9RT",["NI","FE"],[0.004328070561276487,0.32893172909786184]],["(FE,NI)",["NI","FE"],[0.013984632281445836,0.9179779054521775]]],
			[["MO5.1FE7.9RT",["NI","FE"],[0.0038418606174922543,0.3294184459833459]],["(FE,NI)",["NI","FE"],[0.012585679891395363,0.9194378457450538]]],
			[["MO5.1FE7.9RT",["NI","FE"],[0.0033556506737080216,0.32990516286883]],["(FE,NI)",["NI","FE"],[0.011186727501344862,0.9208977860379303]]],
			[["MO5.1FE7.9RT",["NI","FE"],[0.002869440729923678,0.33039187975431394]],["(FE,NI)",["NI","FE"],[0.009787775111294375,0.9223577263308066]]],
			[["MO5.1FE7.9RT",["NI","FE"],[0.0023832307861394453,0.330878596639798]],["(FE,NI)",["NI","FE"],[0.008388822721243902,0.9238176666236829]]],
			[["MO5.1FE7.9RT",["NI","FE"],[0.0018970208423552126,0.331365313525282]],["(FE,NI)",["NI","FE"],[0.006989870331193408,0.9252776069165592]]],
			[["MO5.1FE7.9RT",["NI","FE"],[0.00141081089857098,0.33185203041076605]],["(FE,NI)",["NI","FE"],[0.005590917941142928,0.9267375472094356]]],
			[["MO5.1FE7.9RT",["NI","FE"],[0.0009246009547867473,0.3323387472962501]],["(FE,NI)",["NI","FE"],[0.004191965551092448,0.928197487502312]]],
			[["MO5.1FE7.9RT",["NI","FE"],[0.00043839101100240363,0.3328254641817341]],["(FE,NI)",["NI","FE"],[0.0027930131610419615,0.9296574277951883]]]],
	"reference": "C-A58757"
}