{
    "components": [
        "FE",
        "MO",
        "NI"
    ],
    "phases": [
        "(FE,NI)",
        "MO5.1FE7.9RT",
        "(FE,NI)",
        "MO5.1FE7.9RT"
    ],
    "conditions": {
        "P": [
            101325
        ],
        "T": [
            1073,
            1073,
            1073,
            1073,
            1073,
            1073,
            1073,
            1073,
            1073,
            1073,
            1073,
            1073,
            1073,
            1073,
            1073,
            1073,
            1073,
            1073,
            1073,
            1073,
            1073,
            1073,
            1073,
            1073,
            1073,
            1073,
            1073,
            1073,
            1073,
            1073,
            1073,
            1073,
            1073,
            1073,
            1073,
            1073,
            1073,
            1073,
            1073,
            1073,
            1073,
            1073
        ]
    },
    "broadcast_conditions": false,
    "output": "ZPF",
    "values":
			[[["(FE,NI)",["NI","FE"],[0.13088061861340577,0.7974986186134058]],["(FE,NI)",["NI","FE"],[0.05787232720292791,0.8726925272029279]],["MO5.1FE7.9RT",["NI","FE"],[0.020373819107258107,0.3128478191072581]]],
			[["(FE,NI)",["NI","FE"],[0.13420162483874257,0.7934958687411815]],["MO5.1FE7.9RT",["NI","FE"],[0.021001248873039835,0.3122410049706008]]],
			[["(FE,NI)",["NI","FE"],[0.13715729064887563,0.7903937784537537]],["MO5.1FE7.9RT",["NI","FE"],[0.02116028633397604,0.312081798529098]]],
			[["(FE,NI)",["NI","FE"],[0.14011295645900873,0.7872916881663258]],["MO5.1FE7.9RT",["NI","FE"],[0.02116028633397604,0.312081798529098]]],
			[["(FE,NI)",["NI","FE"],[0.14306862226914177,0.784189597878898]],["MO5.1FE7.9RT",["NI","FE"],[0.021319323794912193,0.3119225920875951]]],
			[["(FE,NI)",["NI","FE"],[0.14602428807927487,0.78108750759147]],["MO5.1FE7.9RT",["NI","FE"],[0.021478361255848455,0.3117633856460923]]],
			[["(FE,NI)",["NI","FE"],[0.14897995388940793,0.7779854173040421]],["MO5.1FE7.9RT",["NI","FE"],[0.02163739871678466,0.3116041792045896]]],
			[["(FE,NI)",["NI","FE"],[0.15193561969954103,0.7748833270166142]],["MO5.1FE7.9RT",["NI","FE"],[0.021796436177720924,0.3114449727630868]]],
			[["(FE,NI)",["NI","FE"],[0.1548912855096741,0.7717812367291863]],["MO5.1FE7.9RT",["NI","FE"],[0.02195547363865702,0.3112857663215839]]],
			[["(FE,NI)",["NI","FE"],[0.1578469513198072,0.7686791464417584]],["MO5.1FE7.9RT",["NI","FE"],[0.02211451109959328,0.3111265598800811]]],
			[["(FE,NI)",["NI","FE"],[0.16080261712994026,0.7655770561543305]],["MO5.1FE7.9RT",["NI","FE"],[0.022273548560529544,0.3109673534385783]]],
			[["(FE,NI)",["NI","FE"],[0.1637582829400733,0.7624749658669027]],["MO5.1FE7.9RT",["NI","FE"],[0.02243258602146575,0.3108081469970756]]],
			[["(FE,NI)",["NI","FE"],[0.1667139487502064,0.7593728755794747]],["MO5.1FE7.9RT",["NI","FE"],[0.022591623482401957,0.3106489405555727]]],
			[["(FE,NI)",["NI","FE"],[0.16966961456033947,0.7562707852920468]],["MO5.1FE7.9RT",["NI","FE"],[0.022750660943338163,0.31048973411406977]]],
			[["(FE,NI)",["NI","FE"],[0.17262528037047253,0.7531686950046189]],["MO5.1FE7.9RT",["NI","FE"],[0.02290969840427437,0.3103305276725671]]],
			[["(FE,NI)",["NI","FE"],[0.17558094618060563,0.7500666047171911]],["MO5.1FE7.9RT",["NI","FE"],[0.023068735865210632,0.3101713212310643]]],
			[["(FE,NI)",["NI","FE"],[0.17853661199073873,0.7469645144297632]],["MO5.1FE7.9RT",["NI","FE"],[0.02322777332614684,0.31001211478956137]]],
			[["(FE,NI)",["NI","FE"],[0.1814922778008718,0.7438624241423353]],["MO5.1FE7.9RT",["NI","FE"],[0.02338681078708299,0.30985290834805856]]],
			[["(FE,NI)",["NI","FE"],[0.1844479436110049,0.7407603338549074]],["MO5.1FE7.9RT",["NI","FE"],[0.023545848248019252,0.30969370190655576]]],
			[["(FE,NI)",["NI","FE"],[0.18740360942113798,0.7376582435674794]],["MO5.1FE7.9RT",["NI","FE"],[0.023704885708955403,0.30953449546505296]]],
			[["(FE,NI)",["NI","FE"],[0.19035927523127105,0.7345561532800515]],["MO5.1FE7.9RT",["NI","FE"],[0.023863923169891665,0.30937528902355016]]],
			[["(FE,NI)",["NI","FE"],[0.19331494104140412,0.7314540629926236]],["MO5.1FE7.9RT",["NI","FE"],[0.024022960630827928,0.30921608258204736]]],
			[["(FE,NI)",["NI","FE"],[0.19627060685153722,0.7283519727051957]],["MO5.1FE7.9RT",["NI","FE"],[0.02418199809176408,0.30905687614054456]]],
			[["(FE,NI)",["NI","FE"],[0.19922627266167026,0.7252498824177679]],["MO5.1FE7.9RT",["NI","FE"],[0.024341035552700285,0.30889766969904175]]],
			[["(FE,NI)",["NI","FE"],[0.20218193847180335,0.72214779213034]],["MO5.1FE7.9RT",["NI","FE"],[0.024500073013636547,0.30873846325753895]]],
			[["(FE,NI)",["NI","FE"],[0.20513760428193645,0.719045701842912]],["MO5.1FE7.9RT",["NI","FE"],[0.024659110474572754,0.30857925681603615]]],
			[["(FE,NI)",["NI","FE"],[0.2080932700920695,0.7159436115554841]],["MO5.1FE7.9RT",["NI","FE"],[0.024818147935509016,0.30842005037453335]]],
			[["(FE,NI)",["NI","FE"],[0.21104893590220258,0.7128415212680563]],["MO5.1FE7.9RT",["NI","FE"],[0.024977185396445112,0.30826084393303055]]],
			[["(FE,NI)",["NI","FE"],[0.21400460171233565,0.7097394309806284]],["MO5.1FE7.9RT",["NI","FE"],[0.025136222857381374,0.30810163749152775]]],
			[["(FE,NI)",["NI","FE"],[0.21696026752246875,0.7066373406932005]],["MO5.1FE7.9RT",["NI","FE"],[0.025295260318317636,0.30794243105002495]]],
			[["(FE,NI)",["NI","FE"],[0.21991593333260182,0.7035352504057726]],["MO5.1FE7.9RT",["NI","FE"],[0.025454297779253843,0.30778322460852214]]],
			[["(FE,NI)",["NI","FE"],[0.2228715991427349,0.7004331601183447]],["MO5.1FE7.9RT",["NI","FE"],[0.025613335240189994,0.30762401816701934]]],
			[["(FE,NI)",["NI","FE"],[0.22582726495286798,0.6973310698309167]],["MO5.1FE7.9RT",["NI","FE"],[0.025772372701126256,0.30746481172551654]]],
			[["(FE,NI)",["NI","FE"],[0.22878293076300107,0.6942289795434888]],["MO5.1FE7.9RT",["NI","FE"],[0.025931410162062463,0.30730560528401374]]],
			[["(FE,NI)",["NI","FE"],[0.23173859657313414,0.6911268892560609]],["MO5.1FE7.9RT",["NI","FE"],[0.02609044762299867,0.30714639884251094]]],
			[["(FE,NI)",["NI","FE"],[0.23469426238326724,0.688024798968633]],["MO5.1FE7.9RT",["NI","FE"],[0.02624948508393493,0.30698719240100814]]],
			[["(FE,NI)",["NI","FE"],[0.23764992819340025,0.6849227086812052]],["MO5.1FE7.9RT",["NI","FE"],[0.026408522544871083,0.30682798595950533]]],
			[["(FE,NI)",["NI","FE"],[0.24060559400353335,0.6818206183937773]],["MO5.1FE7.9RT",["NI","FE"],[0.026567560005807345,0.30666877951800253]]],
			[["(FE,NI)",["NI","FE"],[0.24356125981366644,0.6787185281063494]],["MO5.1FE7.9RT",["NI","FE"],[0.026726597466743496,0.30650957307649973]]],
			[["(FE,NI)",["NI","FE"],[0.2465169256237995,0.6756164378189216]],["MO5.1FE7.9RT",["NI","FE"],[0.026885634927679758,0.30635036663499693]]],
			[["(FE,NI)",["NI","FE"],[0.24947259143393258,0.6725143475314936]],["MO5.1FE7.9RT",["NI","FE"],[0.027044672388615965,0.306191160193494]]],
			[["(FE,NI)",["NI","FE"],[0.25305443717744835,0.6692724371774483]],["MO5.1FE7.9RT",["NI","FE"],[0.06917443401312412,0.08970243401312405]],["MO5.1FE7.9RT",["NI","FE"],[0.02779881910725812,0.3054228191072581]]]],
	"reference": "C-A58757"
}