{
    "components": [
        "FE",
        "MO",
        "NI"
    ],
    "phases": [
        "(FE,NI)",
        "(FE,NI)",
        "MO5.1FE7.9RT"
    ],
    "conditions": {
        "P": [
            101325
        ],
        "T": [
            1073,
            1073,
            1073,
            1073,
            1073,
            1073,
            1073,
            1073,
            1073,
            1073,
            1073,
            1073,
            1073,
            1073,
            1073,
            1073,
            1073,
            1073,
            1073,
            1073,
            1073,
            1073,
            1073,
            1073,
            1073,
            1073,
            1073,
            1073,
            1073,
            1073,
            1073,
            1073,
            1073,
            1073,
            1073,
            1073,
            1073,
            1073,
            1073,
            1073,
            1073
        ]
    },
    "broadcast_conditions": false,
    "output": "ZPF",
    "values":
			[[["(FE,NI)",["NI","FE"],[0.13088061861340577,0.7974986186134058]],["(FE,NI)",["NI","FE"],[0.05787232720292791,0.8726925272029279]],["MO5.1FE7.9RT",["NI","FE"],[0.020373819107258107,0.3128478191072581]]],
			[["(FE,NI)",["NI","FE"],[0.057772685613897326,0.8749724856138973]],["(FE,NI)",["NI","FE"],[0.12997324118911735,0.7989452411891174]]],
			[["(FE,NI)",["NI","FE"],[0.05723147097354988,0.8771950709735499]],["(FE,NI)",["NI","FE"],[0.12916265481865105,0.801489523111334]]],
			[["(FE,NI)",["NI","FE"],[0.056690256333202446,0.8794176563332025]],["(FE,NI)",["NI","FE"],[0.12916265481865105,0.801489523111334]]],
			[["(FE,NI)",["NI","FE"],[0.05614904169285502,0.881640241692855]],["(FE,NI)",["NI","FE"],[0.1283520684481848,0.8040338050335506]]],
			[["(FE,NI)",["NI","FE"],[0.055607827052507594,0.8838628270525075]],["(FE,NI)",["NI","FE"],[0.1275414820777185,0.8065780869557673]]],
			[["(FE,NI)",["NI","FE"],[0.055066612412160154,0.8860854124121602]],["(FE,NI)",["NI","FE"],[0.1267308957072522,0.8091223688779839]]],
			[["(FE,NI)",["NI","FE"],[0.05452539777181273,0.8883079977718127]],["(FE,NI)",["NI","FE"],[0.12592030933678597,0.8116666508002006]]],
			[["(FE,NI)",["NI","FE"],[0.05398418313146529,0.8905305831314653]],["(FE,NI)",["NI","FE"],[0.12510972296631967,0.8142109327224173]]],
			[["(FE,NI)",["NI","FE"],[0.05344296849111785,0.8927531684911179]],["(FE,NI)",["NI","FE"],[0.1242991365958534,0.816755214644634]]],
			[["(FE,NI)",["NI","FE"],[0.05290175385077042,0.8949757538507704]],["(FE,NI)",["NI","FE"],[0.12348855022538711,0.8192994965668505]]],
			[["(FE,NI)",["NI","FE"],[0.05236053921042298,0.897198339210423]],["(FE,NI)",["NI","FE"],[0.12267796385492086,0.8218437784890672]]],
			[["(FE,NI)",["NI","FE"],[0.05181932457007555,0.8994209245700755]],["(FE,NI)",["NI","FE"],[0.12186737748445456,0.8243880604112839]]],
			[["(FE,NI)",["NI","FE"],[0.051278109929728116,0.9016435099297281]],["(FE,NI)",["NI","FE"],[0.12105679111398829,0.8269323423335004]]],
			[["(FE,NI)",["NI","FE"],[0.0507368952893807,0.9038660952893807]],["(FE,NI)",["NI","FE"],[0.12024620474352202,0.8294766242557172]]],
			[["(FE,NI)",["NI","FE"],[0.05019568064903325,0.9060886806490333]],["(FE,NI)",["NI","FE"],[0.11943561837305575,0.8320209061779338]]],
			[["(FE,NI)",["NI","FE"],[0.049654466008685824,0.9083112660086858]],["(FE,NI)",["NI","FE"],[0.11862503200258945,0.8345651881001505]]],
			[["(FE,NI)",["NI","FE"],[0.0491132513683384,0.9105338513683384]],["(FE,NI)",["NI","FE"],[0.11781444563212319,0.8371094700223671]]],
			[["(FE,NI)",["NI","FE"],[0.04857203672799096,0.912756436727991]],["(FE,NI)",["NI","FE"],[0.1170038592616569,0.8396537519445837]]],
			[["(FE,NI)",["NI","FE"],[0.04803082208764352,0.9149790220876435]],["(FE,NI)",["NI","FE"],[0.11619327289119062,0.8421980338668005]]],
			[["(FE,NI)",["NI","FE"],[0.04748960744729609,0.9172016074472961]],["(FE,NI)",["NI","FE"],[0.11538268652072436,0.844742315789017]]],
			[["(FE,NI)",["NI","FE"],[0.04694839280694866,0.9194241928069486]],["(FE,NI)",["NI","FE"],[0.11457210015025808,0.8472865977112337]]],
			[["(FE,NI)",["NI","FE"],[0.046407178166601226,0.9216467781666012]],["(FE,NI)",["NI","FE"],[0.1137615137797918,0.8498308796334504]]],
			[["(FE,NI)",["NI","FE"],[0.04586596352625379,0.9238693635262538]],["(FE,NI)",["NI","FE"],[0.11295092740932554,0.852375161555667]]],
			[["(FE,NI)",["NI","FE"],[0.04532474888590636,0.9260919488859064]],["(FE,NI)",["NI","FE"],[0.11214034103885925,0.8549194434778836]]],
			[["(FE,NI)",["NI","FE"],[0.04478353424555893,0.9283145342455589]],["(FE,NI)",["NI","FE"],[0.11132975466839297,0.8574637254001003]]],
			[["(FE,NI)",["NI","FE"],[0.044242319605211494,0.9305371196052115]],["(FE,NI)",["NI","FE"],[0.11051916829792671,0.860008007322317]]],
			[["(FE,NI)",["NI","FE"],[0.043701104964864054,0.932759704964864]],["(FE,NI)",["NI","FE"],[0.10970858192746043,0.8625522892445336]]],
			[["(FE,NI)",["NI","FE"],[0.04315989032451663,0.9349822903245166]],["(FE,NI)",["NI","FE"],[0.10889799555699414,0.8650965711667502]]],
			[["(FE,NI)",["NI","FE"],[0.042618675684169195,0.9372048756841692]],["(FE,NI)",["NI","FE"],[0.10808740918652787,0.8676408530889669]]],
			[["(FE,NI)",["NI","FE"],[0.04207746104382176,0.9394274610438218]],["(FE,NI)",["NI","FE"],[0.1072768228160616,0.8701851350111836]]],
			[["(FE,NI)",["NI","FE"],[0.04153624640347433,0.9416500464034743]],["(FE,NI)",["NI","FE"],[0.10646623644559532,0.8727294169334002]]],
			[["(FE,NI)",["NI","FE"],[0.040995031763126896,0.9438726317631269]],["(FE,NI)",["NI","FE"],[0.10565565007512903,0.8752736988556169]]],
			[["(FE,NI)",["NI","FE"],[0.04045381712277947,0.9460952171227794]],["(FE,NI)",["NI","FE"],[0.10484506370466276,0.8778179807778335]]],
			[["(FE,NI)",["NI","FE"],[0.03991260248243202,0.948317802482432]],["(FE,NI)",["NI","FE"],[0.10403447733419648,0.8803622627000501]]],
			[["(FE,NI)",["NI","FE"],[0.03937138784208459,0.9505403878420846]],["(FE,NI)",["NI","FE"],[0.1032238909637302,0.8829065446222668]]],
			[["(FE,NI)",["NI","FE"],[0.038830173201737164,0.9527629732017372]],["(FE,NI)",["NI","FE"],[0.10241330459326392,0.8854508265444835]]],
			[["(FE,NI)",["NI","FE"],[0.03828895856138973,0.9549855585613898]],["(FE,NI)",["NI","FE"],[0.10160271822279765,0.8879951084667002]]],
			[["(FE,NI)",["NI","FE"],[0.0377477439210423,0.9572081439210423]],["(FE,NI)",["NI","FE"],[0.10079213185233138,0.8905393903889167]]],
			[["(FE,NI)",["NI","FE"],[0.037206529280694865,0.9594307292806948]],["(FE,NI)",["NI","FE"],[0.09998154548186511,0.8930836723111334]]],
			[["(FE,NI)",["NI","FE"],[0.03666531464034743,0.9616533146403474]],["(FE,NI)",["NI","FE"],[0.09917095911139882,0.8956279542333501]]]],
	"reference": "C-A58757"
}