{
    "components": [
        "FE",
        "MO",
        "NI"
    ],
    "phases": [
        "MO5.1FE7.9RT",
        "NI"
    ],
    "conditions": {
        "P": [
            101325
        ],
        "T": [
            1073,
            1073,
            1073,
            1073,
            1073,
            1073,
            1073,
            1073,
            1073,
            1073,
            1073,
            1073,
            1073,
            1073,
            1073,
            1073,
            1073,
            1073,
            1073,
            1073,
            1073,
            1073,
            1073,
            1073,
            1073,
            1073,
            1073,
            1073,
            1073,
            1073,
            1073,
            1073,
            1073,
            1073,
            1073,
            1073,
            1073,
            1073,
            1073,
            1073
        ]
    },
    "broadcast_conditions": false,
    "output": "ZPF",
    "values":
			[[["MO5.1FE7.9RT",["NI","FE"],[0.001979447875516127,0.11245964299746736]],["NI",["NI","FE"],[0,0]]],
			[["MO5.1FE7.9RT",["NI","FE"],[0.004023426268928876,0.10964981651283146]],["NI",["NI","FE"],[0,0]]],
			[["MO5.1FE7.9RT",["NI","FE"],[0.006067404662341791,0.10683999002819544]],["NI",["NI","FE"],[0,0]]],
			[["MO5.1FE7.9RT",["NI","FE"],[0.00811138305575465,0.10403016354355954]],["NI",["NI","FE"],[0,0]]],
			[["MO5.1FE7.9RT",["NI","FE"],[0.01015536144916751,0.10122033705892364]],["NI",["NI","FE"],[0,0]]],
			[["MO5.1FE7.9RT",["NI","FE"],[0.012199339842580259,0.09841051057428762]],["NI",["NI","FE"],[0,0]]],
			[["MO5.1FE7.9RT",["NI","FE"],[0.014243318235993119,0.09560068408965172]],["NI",["NI","FE"],[0,0]]],
			[["MO5.1FE7.9RT",["NI","FE"],[0.01628729662940598,0.09279085760501582]],["NI",["NI","FE"],[0,0]]],
			[["MO5.1FE7.9RT",["NI","FE"],[0.018331275022818783,0.08998103112037992]],["NI",["NI","FE"],[0,0]]],
			[["MO5.1FE7.9RT",["NI","FE"],[0.020375253416231698,0.0871712046357439]],["NI",["NI","FE"],[0,0]]],
			[["MO5.1FE7.9RT",["NI","FE"],[0.022419231809644502,0.08436137815110789]],["NI",["NI","FE"],[0,0]]],
			[["MO5.1FE7.9RT",["NI","FE"],[0.024463210203057306,0.08155155166647199]],["NI",["NI","FE"],[0,0]]],
			[["MO5.1FE7.9RT",["NI","FE"],[0.026507188596470166,0.07874172518183609]],["NI",["NI","FE"],[0,0]]],
			[["MO5.1FE7.9RT",["NI","FE"],[0.028551166989883026,0.07593189869720018]],["NI",["NI","FE"],[0,0]]],
			[["MO5.1FE7.9RT",["NI","FE"],[0.03059514538329594,0.07312207221256428]],["NI",["NI","FE"],[0,0]]],
			[["MO5.1FE7.9RT",["NI","FE"],[0.03263912377670869,0.07031224572792816]],["NI",["NI","FE"],[0,0]]],
			[["MO5.1FE7.9RT",["NI","FE"],[0.03468310217012155,0.06750241924329226]],["NI",["NI","FE"],[0,0]]],
			[["MO5.1FE7.9RT",["NI","FE"],[0.03672708056353441,0.06469259275865635]],["NI",["NI","FE"],[0,0]]],
			[["MO5.1FE7.9RT",["NI","FE"],[0.03877105895694721,0.06188276627402045]],["NI",["NI","FE"],[0,0]]],
			[["MO5.1FE7.9RT",["NI","FE"],[0.04081503735036007,0.05907293978938455]],["NI",["NI","FE"],[0,0]]],
			[["MO5.1FE7.9RT",["NI","FE"],[0.04285901574377293,0.056263113304748535]],["NI",["NI","FE"],[0,0]]],
			[["MO5.1FE7.9RT",["NI","FE"],[0.04490299413718579,0.05345328682011263]],["NI",["NI","FE"],[0,0]]],
			[["MO5.1FE7.9RT",["NI","FE"],[0.046946972530598596,0.05064346033547662]],["NI",["NI","FE"],[0,0]]],
			[["MO5.1FE7.9RT",["NI","FE"],[0.048990950924011456,0.04783363385084072]],["NI",["NI","FE"],[0,0]]],
			[["MO5.1FE7.9RT",["NI","FE"],[0.05103492931742437,0.045023807366204815]],["NI",["NI","FE"],[0,0]]],
			[["MO5.1FE7.9RT",["NI","FE"],[0.053078907710837064,0.04221398088156891]],["NI",["NI","FE"],[0,0]]],
			[["MO5.1FE7.9RT",["NI","FE"],[0.05512288610424998,0.0394041543969329]],["NI",["NI","FE"],[0,0]]],
			[["MO5.1FE7.9RT",["NI","FE"],[0.057166864497662784,0.03659432791229711]],["NI",["NI","FE"],[0,0]]],
			[["MO5.1FE7.9RT",["NI","FE"],[0.0592108428910757,0.033784501427661096]],["NI",["NI","FE"],[0,0]]],
			[["MO5.1FE7.9RT",["NI","FE"],[0.0612548212844885,0.030974674943025082]],["NI",["NI","FE"],[0,0]]],
			[["MO5.1FE7.9RT",["NI","FE"],[0.06329879967790131,0.02816484845838918]],["NI",["NI","FE"],[0,0]]],
			[["MO5.1FE7.9RT",["NI","FE"],[0.06534277807131422,0.025355021973753278]],["NI",["NI","FE"],[0,0]]],
			[["MO5.1FE7.9RT",["NI","FE"],[0.06738675646472697,0.022545195489117376]],["NI",["NI","FE"],[0,0]]],
			[["MO5.1FE7.9RT",["NI","FE"],[0.06943073485813989,0.019735369004481362]],["NI",["NI","FE"],[0,0]]],
			[["MO5.1FE7.9RT",["NI","FE"],[0.07147471325155264,0.01692554251984546]],["NI",["NI","FE"],[0,0]]],
			[["MO5.1FE7.9RT",["NI","FE"],[0.0735186916449655,0.014115716035209447]],["NI",["NI","FE"],[0,0]]],
			[["MO5.1FE7.9RT",["NI","FE"],[0.07556267003837841,0.011305889550573545]],["NI",["NI","FE"],[0,0]]],
			[["MO5.1FE7.9RT",["NI","FE"],[0.07760664843179121,0.008496063065937642]],["NI",["NI","FE"],[0,0]]],
			[["MO5.1FE7.9RT",["NI","FE"],[0.07965062682520413,0.00568623658130174]],["NI",["NI","FE"],[0,0]]],
			[["MO5.1FE7.9RT",["NI","FE"],[0.08169460521861682,0.002876410096665727]],["NI",["NI","FE"],[0,0]]]],
	"reference": "C-A58757"
}